{
  "strategy_id": "AUDJPY_56_1.14.109_BUY_M15",
  "summary": {
    "strategy_id": "AUDJPY_56_1.14.109_BUY_M15",
    "symbol_count": 1,
    "side_mix": null,
    "trade_count": 684,
    "avg_return_correlation": 0.030300219804310278,
    "max_return_correlation": 0.3757912074652935,
    "avg_drawdown_correlation": 0.09262795939170429,
    "max_drawdown_correlation": 0.533517220593882,
    "avg_stress_overlap": 0.07211459312498533,
    "max_stress_overlap": 0.2708333333333333,
    "avg_symbol_overlap": 0.0821917808219178,
    "max_symbol_overlap": 1.0,
    "avg_side_overlap": 0.821917808219178,
    "max_side_overlap": 1.0,
    "correlation_penalty": 0.06146408959800728,
    "marginal_dd_contribution": -0.19961865975561466,
    "diversification_score": 0.9270850450907849,
    "portfolio_fit_score": 0.7135325416124048,
    "cluster_membership": "CLUSTER_06"
  },
  "peer_snapshot": {
    "return_correlation_row": {
      "AUDJPY_1_3.14.146_BUY_M15": 0.3052916704165212,
      "AUDJPY_2_5.20.109_BUY_M15": 0.29075402956736685,
      "AUDJPY_3_3.19_BUY_M15": 0.3738039391692467,
      "AUDJPY_46_3.50.181_BUY_M15": 0.31010356508204096,
      "AUDJPY_47_6.30.171_BOTH_M15": 0.2958683550348117,
      "AUDJPY_56_1.14.109_BUY_M15": 1.0,
      "AUDJPY_78_3.7.108_BUY_M15": 0.3757912074652935,
      "AUDUSD_48_5.8.189_SELL_M15": -0.1649673370373228,
      "AUDUSD_4_3.27.109_SELL_M15": -0.1608381906136109,
      "AUDUSD_5_6.3.178_SELL_M15": -0.12189638132390229,
      "AUDUSD_60_1.31.145_SELL_M15": -0.12375616002998222,
      "AUDUSD_61_6.25.174_SELL_M15": -0.06455151682910867,
      "AUDUSD_6_5.9.126_SELL_M15": -0.15457917620845663,
      "EURGBP_10_5.21.111_SELL_M15": 0.024652084620628588,
      "EURGBP_49_2.36.141_BOTH_M15": 0.05424898637930246,
      "EURGBP_62_3.31.132_BUY_M15": -0.03268568000890535,
      "EURGBP_63_4.21.189_SELL_M15": 0.01932662612476384,
      "EURGBP_70_2.27.108_SELL_M15": 0.003336009093949197,
      "EURGBP_7_3.16.177_SELL_M15": 0.04314833839582997,
      "EURGBP_8_6.1.186_SELL_M15": 0.05948151995379763,
      "EURGBP_9_5.2.127_SELL_M15": 0.07866404046859213,
      "EURUSD_11_1.42.105_SELL_M15": 0.028299617667968215,
      "EURUSD_12_3.47.124_BUY_M15": 0.010671744299567217,
      "EURUSD_13_6.46.178_BUY_M15": -0.014802609258632242,
      "EURUSD_14_5.6.167_BUY_M15": 0.02746051467080501,
      "EURUSD_18_6.6.111_SELL_M15": -0.03186893980584072,
      "EURUSD_59_2.34.129_SELL_M15": -0.02417472750811259,
      "EURUSD_64_4.34.165_BUY_M15": 0.08269314344632359,
      "EURUSD_71_5.30.159_SELL_M15": -0.0517714637146755,
      "EURUSD_72_5.42.127_SELL_M15": -0.09899098809852129,
      "EURUSD_73_5.43.181_SELL_M15": -0.07019987521779217,
      "GBPJPY_50_5.35.116_BUY_M15": 0.17785862248839768,
      "GBPJPY_65_2.14.157_BUY_M15": 0.32700780820758546,
      "GBPJPY_66_4.17.131_BOTH_M15": 0.2756228318305544,
      "GBPJPY_67_4.19.99_BOTH_M15": 0.29004551963767417,
      "GBPUSD_19_0.13205_BUY_M15": 0.03347222681039127,
      "GBPUSD_20_1.32.126_BUY_M15": 0.012901668916099888,
      "GBPUSD_21_3.3.167_BUY_M15": 0.10857677947942573,
      "GBPUSD_22_6.11.100_SELL_M15": -0.009296340791304356,
      "GBPUSD_69_3.13.113_BUY_M15": -0.040536547677014916,
      "GBPUSD_74_6.52.179_SELL_M15": -0.09870410621202015,
      "NZDUSD_23_2.12.147_SELL_M15": -0.08860647304093816,
      "NZDUSD_24_4.41.120_SELL_M15": -0.05963746451533942,
      "NZDUSD_25_5.7.105_SELL_M15": -0.09366940525420428,
      "NZDUSD_26_2.6.180_SELL_M15": -0.14910128507996825,
      "NZDUSD_27_6.16.107_SELL_M15": -0.2038001542924947,
      "NZDUSD_75_4.73.120_SELL_M15": -0.07171297184750387,
      "NZDUSD_76_5.71.164_BUY_M15": 0.10189660632821444,
      "US500.cash_28_3.8.114_BUY_M15": 0.08434017827150489,
      "US500.cash_29_3.32.156_BUY_M15": 0.035079946236737984,
      "USDCAD_30_2.34.141_BUY_M15": -0.13519967590915483,
      "USDCAD_31_3.2.189_BUY_M15": -0.10225816290304966,
      "USDCAD_32_4.16.175_BUY_M15": -0.1266960471973436,
      "USDCAD_33_5.11.180_BUY_M15": -0.10572340811458927,
      "USDCAD_34_1.8.187_BUY_M15": -0.05697884831968544,
      "USDCAD_51_6.27.122_BUY_M15": -0.14356733695063092,
      "USDCAD_77_3.51.113_SELL_M15": 0.06587627325456138,
      "USDCHF_35_3.1.133_SELL_M15": -0.02783352077832789,
      "USDCHF_36_4.5.112_SELL_M15": 0.03689623055546871,
      "USDCHF_52_3.17.186_BOTH_M15": -0.012698520771774375,
      "USDCHF_53_6.47.153_BOTH_M15": -0.003879588002157306,
      "USDCHF_55_6.23.134_BUY_M15": -0.022589447350315255,
      "USDJPY_37_0.18430_BUY_M15": 0.09419456839919,
      "USDJPY_38_1.35.168_BUY_M15": 0.1292410277090403,
      "USDJPY_39_6.27.190_BUY_M15": 0.18676598303580733,
      "USDJPY_40_2.4.138_BUY_M15": 0.13475405967888926,
      "USDJPY_41_2.5.172_BUY_M15": 0.12557742226624186,
      "USDJPY_57_4.8.181_BUY_M15": 0.16387805220497348,
      "USOIL.cash_42_1.25.121_BUY_M15": 0.02283631049324411,
      "USOIL.cash_43_5.11.112_BUY_M15": 0.04822631723524152,
      "USOIL.cash_44_6.17.127_BUY_M15": 0.02416134646642751,
      "USOIL.cash_54_4.18.190_BOTH_M15": 0.02416134646642751,
      "XAUUSD_45_2.13.130_BUY_M15": -0.0048783244057982655,
      "XAUUSD_58_5.6.136_BUY_M15": -0.0025997970457796653
    },
    "drawdown_correlation_row": {
      "AUDJPY_1_3.14.146_BUY_M15": 0.284110169112347,
      "AUDJPY_2_5.20.109_BUY_M15": 0.533517220593882,
      "AUDJPY_3_3.19_BUY_M15": 0.5259726480284294,
      "AUDJPY_46_3.50.181_BUY_M15": 0.276347913111311,
      "AUDJPY_47_6.30.171_BOTH_M15": 0.44913840133919863,
      "AUDJPY_56_1.14.109_BUY_M15": 1.0,
      "AUDJPY_78_3.7.108_BUY_M15": 0.5273582919802727,
      "AUDUSD_48_5.8.189_SELL_M15": -0.11243879220819614,
      "AUDUSD_4_3.27.109_SELL_M15": -0.1270600579924534,
      "AUDUSD_5_6.3.178_SELL_M15": -0.21998989089705628,
      "AUDUSD_60_1.31.145_SELL_M15": -0.03619598287804557,
      "AUDUSD_61_6.25.174_SELL_M15": 0.20450272375622183,
      "AUDUSD_6_5.9.126_SELL_M15": -0.015472726969383989,
      "EURGBP_10_5.21.111_SELL_M15": -0.13149490890652346,
      "EURGBP_49_2.36.141_BOTH_M15": -0.11145552147878598,
      "EURGBP_62_3.31.132_BUY_M15": 0.2120586349950715,
      "EURGBP_63_4.21.189_SELL_M15": 0.31325162784315136,
      "EURGBP_70_2.27.108_SELL_M15": 0.06862730189776581,
      "EURGBP_7_3.16.177_SELL_M15": -0.10061220710907544,
      "EURGBP_8_6.1.186_SELL_M15": -0.18616675923107714,
      "EURGBP_9_5.2.127_SELL_M15": -0.20213548469481776,
      "EURUSD_11_1.42.105_SELL_M15": 0.2349080084640585,
      "EURUSD_12_3.47.124_BUY_M15": 0.27266688342943995,
      "EURUSD_13_6.46.178_BUY_M15": 0.41886710432328034,
      "EURUSD_14_5.6.167_BUY_M15": -0.20756999971832232,
      "EURUSD_18_6.6.111_SELL_M15": 0.3403683850526401,
      "EURUSD_59_2.34.129_SELL_M15": 0.40021502932079095,
      "EURUSD_64_4.34.165_BUY_M15": -0.20610689189350048,
      "EURUSD_71_5.30.159_SELL_M15": 0.11066965458056927,
      "EURUSD_72_5.42.127_SELL_M15": 0.1072021852888965,
      "EURUSD_73_5.43.181_SELL_M15": 0.11490774793300382,
      "GBPJPY_50_5.35.116_BUY_M15": 0.06568290465905403,
      "GBPJPY_65_2.14.157_BUY_M15": 0.010412662108828893,
      "GBPJPY_66_4.17.131_BOTH_M15": 0.4273964010316492,
      "GBPJPY_67_4.19.99_BOTH_M15": 0.17054158828196705,
      "GBPUSD_19_0.13205_BUY_M15": 0.280059631369348,
      "GBPUSD_20_1.32.126_BUY_M15": -0.3048238615070044,
      "GBPUSD_21_3.3.167_BUY_M15": -0.1964049725591227,
      "GBPUSD_22_6.11.100_SELL_M15": -0.1258437568524131,
      "GBPUSD_69_3.13.113_BUY_M15": 0.0222482111225573,
      "GBPUSD_74_6.52.179_SELL_M15": 0.18101247848948748,
      "NZDUSD_23_2.12.147_SELL_M15": 0.020037037961961577,
      "NZDUSD_24_4.41.120_SELL_M15": -0.2714185658664673,
      "NZDUSD_25_5.7.105_SELL_M15": -0.06303331637362888,
      "NZDUSD_26_2.6.180_SELL_M15": 0.16025079160677783,
      "NZDUSD_27_6.16.107_SELL_M15": 0.15948183856801015,
      "NZDUSD_75_4.73.120_SELL_M15": 0.1589697663941805,
      "NZDUSD_76_5.71.164_BUY_M15": 0.19928415102959635,