{
  "strategy_id": "AUDJPY_78_3.7.108_BUY_M15",
  "summary": {
    "strategy_id": "AUDJPY_78_3.7.108_BUY_M15",
    "symbol_count": 1,
    "side_mix": "BUY",
    "trade_count": 622,
    "avg_return_correlation": 0.03845355944285316,
    "max_return_correlation": 0.99388905180966,
    "avg_drawdown_correlation": 0.05846796367853724,
    "max_drawdown_correlation": 0.9986024385573405,
    "avg_stress_overlap": 0.07754612921847324,
    "max_stress_overlap": 0.983739837398374,
    "avg_symbol_overlap": 0.0821917808219178,
    "max_symbol_overlap": 1.0,
    "avg_side_overlap": 0.08904109589041095,
    "max_side_overlap": 1.0,
    "correlation_penalty": 0.048460761560695204,
    "marginal_dd_contribution": 4.457504627915583,
    "diversification_score": 0.9210473225432158,
    "portfolio_fit_score": 0.7107465365030037,
    "cluster_membership": "CLUSTER_03"
  },
  "peer_snapshot": {
    "return_correlation_row": {
      "AUDJPY_1_3.14.146_BUY_M15": 0.281048462660123,
      "AUDJPY_2_5.20.109_BUY_M15": 0.41634189660208326,
      "AUDJPY_3_3.19_BUY_M15": 0.99388905180966,
      "AUDJPY_46_3.50.181_BUY_M15": 0.23247093701654237,
      "AUDJPY_47_6.30.171_BOTH_M15": 0.23434186092123804,
      "AUDJPY_56_1.14.109_BUY_M15": 0.3757912074652935,
      "AUDJPY_78_3.7.108_BUY_M15": 1.0,
      "AUDUSD_48_5.8.189_SELL_M15": -0.16370339813664983,
      "AUDUSD_4_3.27.109_SELL_M15": -0.06707701755200626,
      "AUDUSD_5_6.3.178_SELL_M15": -0.1139725261064447,
      "AUDUSD_60_1.31.145_SELL_M15": -0.0731636583617564,
      "AUDUSD_61_6.25.174_SELL_M15": -0.08908121552428704,
      "AUDUSD_6_5.9.126_SELL_M15": -0.13718247303755865,
      "EURGBP_10_5.21.111_SELL_M15": 0.04509206164076139,
      "EURGBP_49_2.36.141_BOTH_M15": 0.011345117445478087,
      "EURGBP_62_3.31.132_BUY_M15": -0.022017113155964742,
      "EURGBP_63_4.21.189_SELL_M15": -0.014714736911264695,
      "EURGBP_70_2.27.108_SELL_M15": 0.03728163504608889,
      "EURGBP_7_3.16.177_SELL_M15": 0.06666323613818721,
      "EURGBP_8_6.1.186_SELL_M15": 0.04379462138165763,
      "EURGBP_9_5.2.127_SELL_M15": 0.06338405932903907,
      "EURUSD_11_1.42.105_SELL_M15": -0.0019287636300790903,
      "EURUSD_12_3.47.124_BUY_M15": -0.009204205166191375,
      "EURUSD_13_6.46.178_BUY_M15": -0.04505481897424545,
      "EURUSD_14_5.6.167_BUY_M15": 0.07384894109003427,
      "EURUSD_18_6.6.111_SELL_M15": -0.026535143745980348,
      "EURUSD_59_2.34.129_SELL_M15": -0.03094645500243158,
      "EURUSD_64_4.34.165_BUY_M15": 0.025281872407069434,
      "EURUSD_71_5.30.159_SELL_M15": -0.01476365016821438,
      "EURUSD_72_5.42.127_SELL_M15": -0.07457561355082427,
      "EURUSD_73_5.43.181_SELL_M15": -0.05892954150111472,
      "GBPJPY_50_5.35.116_BUY_M15": 0.14743502888344695,
      "GBPJPY_65_2.14.157_BUY_M15": 0.27441642054769777,
      "GBPJPY_66_4.17.131_BOTH_M15": 0.27485987974441484,
      "GBPJPY_67_4.19.99_BOTH_M15": 0.2608280192617213,
      "GBPUSD_19_0.13205_BUY_M15": -0.003473216371390687,
      "GBPUSD_20_1.32.126_BUY_M15": 0.05155090758680281,
      "GBPUSD_21_3.3.167_BUY_M15": 0.09214028740562226,
      "GBPUSD_22_6.11.100_SELL_M15": 0.016327004708214615,
      "GBPUSD_69_3.13.113_BUY_M15": -0.07681260640286963,
      "GBPUSD_74_6.52.179_SELL_M15": -0.044176737697135204,
      "NZDUSD_23_2.12.147_SELL_M15": -0.08326940406165671,
      "NZDUSD_24_4.41.120_SELL_M15": -0.037742090138014696,
      "NZDUSD_25_5.7.105_SELL_M15": -0.08871508894929916,
      "NZDUSD_26_2.6.180_SELL_M15": -0.12937254184698896,
      "NZDUSD_27_6.16.107_SELL_M15": -0.11647524629116549,
      "NZDUSD_75_4.73.120_SELL_M15": -0.08238746865179612,
      "NZDUSD_76_5.71.164_BUY_M15": 0.06207880193454052,
      "US500.cash_28_3.8.114_BUY_M15": 0.023543499877613762,
      "US500.cash_29_3.32.156_BUY_M15": 0.06623170910746803,
      "USDCAD_30_2.34.141_BUY_M15": -0.09651807933557989,
      "USDCAD_31_3.2.189_BUY_M15": -0.07557532875880436,
      "USDCAD_32_4.16.175_BUY_M15": -0.0961923755850393,
      "USDCAD_33_5.11.180_BUY_M15": -0.09647246826534399,
      "USDCAD_34_1.8.187_BUY_M15": -0.0808096172554151,
      "USDCAD_51_6.27.122_BUY_M15": -0.14558197842102433,
      "USDCAD_77_3.51.113_SELL_M15": 0.07268822420030167,
      "USDCHF_35_3.1.133_SELL_M15": 0.010089303256331379,
      "USDCHF_36_4.5.112_SELL_M15": 0.014373143819577498,
      "USDCHF_52_3.17.186_BOTH_M15": 0.004148862794982857,
      "USDCHF_53_6.47.153_BOTH_M15": -0.019649481451973205,
      "USDCHF_55_6.23.134_BUY_M15": -0.036684639932864825,
      "USDJPY_37_0.18430_BUY_M15": 0.06801703480691235,
      "USDJPY_38_1.35.168_BUY_M15": 0.09647381874837221,
      "USDJPY_39_6.27.190_BUY_M15": 0.12777106523801895,
      "USDJPY_40_2.4.138_BUY_M15": 0.12354011438735824,
      "USDJPY_41_2.5.172_BUY_M15": 0.14087807699546753,
      "USDJPY_57_4.8.181_BUY_M15": 0.12780880552947038,
      "USOIL.cash_42_1.25.121_BUY_M15": 0.04484523705425196,
      "USOIL.cash_43_5.11.112_BUY_M15": 0.06105191044417729,
      "USOIL.cash_44_6.17.127_BUY_M15": 0.043687980762287026,
      "USOIL.cash_54_4.18.190_BOTH_M15": 0.043687980762287026,
      "XAUUSD_45_2.13.130_BUY_M15": -0.05473701571388018,
      "XAUUSD_58_5.6.136_BUY_M15": -0.03444252382705935
    },
    "drawdown_correlation_row": {
      "AUDJPY_1_3.14.146_BUY_M15": 0.35507045030786416,
      "AUDJPY_2_5.20.109_BUY_M15": 0.22044021658777443,
      "AUDJPY_3_3.19_BUY_M15": 0.9986024385573405,
      "AUDJPY_46_3.50.181_BUY_M15": 0.06684935671166974,
      "AUDJPY_47_6.30.171_BOTH_M15": 0.5083945626784776,
      "AUDJPY_56_1.14.109_BUY_M15": 0.5273582919802727,
      "AUDJPY_78_3.7.108_BUY_M15": 1.0,
      "AUDUSD_48_5.8.189_SELL_M15": -0.042236967721813914,
      "AUDUSD_4_3.27.109_SELL_M15": -0.09428325698177577,
      "AUDUSD_5_6.3.178_SELL_M15": -0.08683334456966976,
      "AUDUSD_60_1.31.145_SELL_M15": -0.2036182376578901,
      "AUDUSD_61_6.25.174_SELL_M15": -0.21509752552495295,
      "AUDUSD_6_5.9.126_SELL_M15": 0.05602429016607658,
      "EURGBP_10_5.21.111_SELL_M15": 0.16852009828094294,
      "EURGBP_49_2.36.141_BOTH_M15": -0.25066605515364204,
      "EURGBP_62_3.31.132_BUY_M15": 0.18902921849636492,
      "EURGBP_63_4.21.189_SELL_M15": 0.01661937327455943,
      "EURGBP_70_2.27.108_SELL_M15": 0.1787771065972004,
      "EURGBP_7_3.16.177_SELL_M15": -0.22177768604313836,
      "EURGBP_8_6.1.186_SELL_M15": 0.10263653657178089,
      "EURGBP_9_5.2.127_SELL_M15": -0.11189393863680595,
      "EURUSD_11_1.42.105_SELL_M15": 0.15756862070665223,
      "EURUSD_12_3.47.124_BUY_M15": 0.06400318406338426,
      "EURUSD_13_6.46.178_BUY_M15": 0.2176552764304045,
      "EURUSD_14_5.6.167_BUY_M15": -0.2111762114767308,
      "EURUSD_18_6.6.111_SELL_M15": 0.5068793348463572,
      "EURUSD_59_2.34.129_SELL_M15": 0.08723934894684035,
      "EURUSD_64_4.34.165_BUY_M15": -0.23641425852956632,
      "EURUSD_71_5.30.159_SELL_M15": -0.1179457198275549,
      "EURUSD_72_5.42.127_SELL_M15": -0.10446487742251111,
      "EURUSD_73_5.43.181_SELL_M15": 0.24579686557956215,
      "GBPJPY_50_5.35.116_BUY_M15": 0.13699655639987438,
      "GBPJPY_65_2.14.157_BUY_M15": 0.025943557162724378,
      "GBPJPY_66_4.17.131_BOTH_M15": 0.2863393633386423,
      "GBPJPY_67_4.19.99_BOTH_M15": 0.09901849134180885,
      "GBPUSD_19_0.13205_BUY_M15": 0.14349766340533424,
      "GBPUSD_20_1.32.126_BUY_M15": -0.024204165906965308,
      "GBPUSD_21_3.3.167_BUY_M15": -0.1755930927527749,
      "GBPUSD_22_6.11.100_SELL_M15": -0.11694817984541436,
      "GBPUSD_69_3.13.113_BUY_M15": 0.08008235839721843,
      "GBPUSD_74_6.52.179_SELL_M15": 0.02934043404327482,
      "NZDUSD_23_2.12.147_SELL_M15": -0.14569228058613734,
      "NZDUSD_24_4.41.120_SELL_M15": -0.209049059024172,
      "NZDUSD_25_5.7.105_SELL_M15": 0.015054193155914872,
      "NZDUSD_26_2.6.180_SELL_M15": 0.1933109337407338,
      "NZDUSD_27_6.16.107_SELL_M15": 0.09504794446001597,
      "NZDUSD_75_4.73.120_SELL_M15": -0.09359281230555186,
      "NZDUSD_76_5.71.164_BUY_M15": 0.11763527061754618,