{
  "strategy_id": "AUDJPY_3_3.19_BUY_M15",
  "summary": {
    "strategy_id": "AUDJPY_3_3.19_BUY_M15",
    "symbol_count": 1,
    "side_mix": "BUY",
    "trade_count": 621,
    "avg_return_correlation": 0.03829022253930185,
    "max_return_correlation": 0.99388905180966,
    "avg_drawdown_correlation": 0.05961836404445637,
    "max_drawdown_correlation": 0.9986024385573405,
    "avg_stress_overlap": 0.0779980606143999,
    "max_stress_overlap": 0.983739837398374,
    "avg_symbol_overlap": 0.0821917808219178,
    "max_symbol_overlap": 1.0,
    "avg_side_overlap": 0.08904109589041095,
    "max_side_overlap": 1.0,
    "correlation_penalty": 0.048954293291879114,
    "marginal_dd_contribution": 4.658600518326537,
    "diversification_score": 0.9209190583243823,
    "portfolio_fit_score": 0.7106924591881074,
    "cluster_membership": "CLUSTER_03"
  },
  "peer_snapshot": {
    "return_correlation_row": {
      "AUDJPY_1_3.14.146_BUY_M15": 0.28200721443320825,
      "AUDJPY_2_5.20.109_BUY_M15": 0.4106855634085357,
      "AUDJPY_3_3.19_BUY_M15": 1.0,
      "AUDJPY_46_3.50.181_BUY_M15": 0.22623340524889402,
      "AUDJPY_47_6.30.171_BOTH_M15": 0.22775216837225262,
      "AUDJPY_56_1.14.109_BUY_M15": 0.3738039391692467,
      "AUDJPY_78_3.7.108_BUY_M15": 0.99388905180966,
      "AUDUSD_48_5.8.189_SELL_M15": -0.16454847920198018,
      "AUDUSD_4_3.27.109_SELL_M15": -0.06732762488810902,
      "AUDUSD_5_6.3.178_SELL_M15": -0.11431502886510424,
      "AUDUSD_60_1.31.145_SELL_M15": -0.06552165072333657,
      "AUDUSD_61_6.25.174_SELL_M15": -0.09415618715937928,
      "AUDUSD_6_5.9.126_SELL_M15": -0.1378250807694782,
      "EURGBP_10_5.21.111_SELL_M15": 0.04084218633701568,
      "EURGBP_49_2.36.141_BOTH_M15": 0.01082575594534565,
      "EURGBP_62_3.31.132_BUY_M15": -0.021577798513738436,
      "EURGBP_63_4.21.189_SELL_M15": -0.016676160925064572,
      "EURGBP_70_2.27.108_SELL_M15": 0.033276295489217136,
      "EURGBP_7_3.16.177_SELL_M15": 0.06175277553752936,
      "EURGBP_8_6.1.186_SELL_M15": 0.040802616989816895,
      "EURGBP_9_5.2.127_SELL_M15": 0.06370458403741865,
      "EURUSD_11_1.42.105_SELL_M15": -0.00021460390832368559,
      "EURUSD_12_3.47.124_BUY_M15": -0.011476792894148229,
      "EURUSD_13_6.46.178_BUY_M15": -0.04565389260245856,
      "EURUSD_14_5.6.167_BUY_M15": 0.0760162229662969,
      "EURUSD_18_6.6.111_SELL_M15": -0.027288101804904017,
      "EURUSD_59_2.34.129_SELL_M15": -0.02951509191904581,
      "EURUSD_64_4.34.165_BUY_M15": 0.023570396487761967,
      "EURUSD_71_5.30.159_SELL_M15": -0.011850731786911126,
      "EURUSD_72_5.42.127_SELL_M15": -0.06588792798919395,
      "EURUSD_73_5.43.181_SELL_M15": -0.05648421926763773,
      "GBPJPY_50_5.35.116_BUY_M15": 0.14835487331814926,
      "GBPJPY_65_2.14.157_BUY_M15": 0.270850119434572,
      "GBPJPY_66_4.17.131_BOTH_M15": 0.27357549925001995,
      "GBPJPY_67_4.19.99_BOTH_M15": 0.2592046203856811,
      "GBPUSD_19_0.13205_BUY_M15": -0.004000449902131796,
      "GBPUSD_20_1.32.126_BUY_M15": 0.057314499494788104,
      "GBPUSD_21_3.3.167_BUY_M15": 0.08733879238882311,
      "GBPUSD_22_6.11.100_SELL_M15": 0.017090979757516674,
      "GBPUSD_69_3.13.113_BUY_M15": -0.07100511198758759,
      "GBPUSD_74_6.52.179_SELL_M15": -0.04506490107759165,
      "NZDUSD_23_2.12.147_SELL_M15": -0.07675107969343946,
      "NZDUSD_24_4.41.120_SELL_M15": -0.03735414401973113,
      "NZDUSD_25_5.7.105_SELL_M15": -0.088460769034163,
      "NZDUSD_26_2.6.180_SELL_M15": -0.13027133887423192,
      "NZDUSD_27_6.16.107_SELL_M15": -0.11131014232237746,
      "NZDUSD_75_4.73.120_SELL_M15": -0.08400023430725259,
      "NZDUSD_76_5.71.164_BUY_M15": 0.058004890555293065,
      "US500.cash_28_3.8.114_BUY_M15": 0.026235852173655413,
      "US500.cash_29_3.32.156_BUY_M15": 0.06343009533079426,
      "USDCAD_30_2.34.141_BUY_M15": -0.09907072272373202,
      "USDCAD_31_3.2.189_BUY_M15": -0.07634981050094239,
      "USDCAD_32_4.16.175_BUY_M15": -0.09749516925018743,
      "USDCAD_33_5.11.180_BUY_M15": -0.0972633133345287,
      "USDCAD_34_1.8.187_BUY_M15": -0.07976271395711766,
      "USDCAD_51_6.27.122_BUY_M15": -0.14736955944137548,
      "USDCAD_77_3.51.113_SELL_M15": 0.07363311922147713,
      "USDCHF_35_3.1.133_SELL_M15": 0.009509251645677227,
      "USDCHF_36_4.5.112_SELL_M15": 0.015954940075073653,
      "USDCHF_52_3.17.186_BOTH_M15": 0.0022382707372255715,
      "USDCHF_53_6.47.153_BOTH_M15": -0.011421209935474854,
      "USDCHF_55_6.23.134_BUY_M15": -0.03547636271040568,
      "USDJPY_37_0.18430_BUY_M15": 0.06854175373437679,
      "USDJPY_38_1.35.168_BUY_M15": 0.09675002209962309,
      "USDJPY_39_6.27.190_BUY_M15": 0.12881091757910243,
      "USDJPY_40_2.4.138_BUY_M15": 0.12286279685503136,
      "USDJPY_41_2.5.172_BUY_M15": 0.14007026311688509,
      "USDJPY_57_4.8.181_BUY_M15": 0.1297048476652342,
      "USOIL.cash_42_1.25.121_BUY_M15": 0.04395999292374338,
      "USOIL.cash_43_5.11.112_BUY_M15": 0.05812295183135763,
      "USOIL.cash_44_6.17.127_BUY_M15": 0.041759924190194725,
      "USOIL.cash_54_4.18.190_BOTH_M15": 0.041759924190194725,
      "XAUUSD_45_2.13.130_BUY_M15": -0.05470918242000508,
      "XAUUSD_58_5.6.136_BUY_M15": -0.027599540106564544
    },
    "drawdown_correlation_row": {
      "AUDJPY_1_3.14.146_BUY_M15": 0.3550231631511649,
      "AUDJPY_2_5.20.109_BUY_M15": 0.21778553218678542,
      "AUDJPY_3_3.19_BUY_M15": 1.0,
      "AUDJPY_46_3.50.181_BUY_M15": 0.06272412399156764,
      "AUDJPY_47_6.30.171_BOTH_M15": 0.5073286520403928,
      "AUDJPY_56_1.14.109_BUY_M15": 0.5259726480284294,
      "AUDJPY_78_3.7.108_BUY_M15": 0.9986024385573405,
      "AUDUSD_48_5.8.189_SELL_M15": -0.041583133752033,
      "AUDUSD_4_3.27.109_SELL_M15": -0.08556876812520434,
      "AUDUSD_5_6.3.178_SELL_M15": -0.07790613735430617,
      "AUDUSD_60_1.31.145_SELL_M15": -0.19918997767412303,
      "AUDUSD_61_6.25.174_SELL_M15": -0.21870981295573844,
      "AUDUSD_6_5.9.126_SELL_M15": 0.06150767965715755,
      "EURGBP_10_5.21.111_SELL_M15": 0.17830210096951749,
      "EURGBP_49_2.36.141_BOTH_M15": -0.25369482157103085,
      "EURGBP_62_3.31.132_BUY_M15": 0.19417568427143714,
      "EURGBP_63_4.21.189_SELL_M15": 0.015263911693495993,
      "EURGBP_70_2.27.108_SELL_M15": 0.17800788612835217,
      "EURGBP_7_3.16.177_SELL_M15": -0.2171098839477371,
      "EURGBP_8_6.1.186_SELL_M15": 0.10443087749909694,
      "EURGBP_9_5.2.127_SELL_M15": -0.10748509519502471,
      "EURUSD_11_1.42.105_SELL_M15": 0.1543074910083543,
      "EURUSD_12_3.47.124_BUY_M15": 0.06854205916235907,
      "EURUSD_13_6.46.178_BUY_M15": 0.21691644496482992,
      "EURUSD_14_5.6.167_BUY_M15": -0.20531511956384726,
      "EURUSD_18_6.6.111_SELL_M15": 0.5044268182278056,
      "EURUSD_59_2.34.129_SELL_M15": 0.08399614199007154,
      "EURUSD_64_4.34.165_BUY_M15": -0.24016589837817195,
      "EURUSD_71_5.30.159_SELL_M15": -0.12067017623292796,
      "EURUSD_72_5.42.127_SELL_M15": -0.10632927742071274,
      "EURUSD_73_5.43.181_SELL_M15": 0.24316985503704236,
      "GBPJPY_50_5.35.116_BUY_M15": 0.13343509308351198,
      "GBPJPY_65_2.14.157_BUY_M15": 0.02276235240576622,
      "GBPJPY_66_4.17.131_BOTH_M15": 0.28300523460543053,
      "GBPJPY_67_4.19.99_BOTH_M15": 0.09591180852651578,
      "GBPUSD_19_0.13205_BUY_M15": 0.15243815346321446,
      "GBPUSD_20_1.32.126_BUY_M15": -0.016579116318865068,
      "GBPUSD_21_3.3.167_BUY_M15": -0.17063603529068683,
      "GBPUSD_22_6.11.100_SELL_M15": -0.11642600944220981,
      "GBPUSD_69_3.13.113_BUY_M15": 0.07906118817347223,
      "GBPUSD_74_6.52.179_SELL_M15": 0.026101729474747693,
      "NZDUSD_23_2.12.147_SELL_M15": -0.14635934723840138,
      "NZDUSD_24_4.41.120_SELL_M15": -0.19632412056639195,
      "NZDUSD_25_5.7.105_SELL_M15": 0.023398480431204547,
      "NZDUSD_26_2.6.180_SELL_M15": 0.19927256333983914,
      "NZDUSD_27_6.16.107_SELL_M15": 0.10128328598562632,
      "NZDUSD_75_4.73.120_SELL_M15": -0.0974052550582944,
      "NZDUSD_76_5.71.164_BUY_M15": 0.11615425989296681,