{
  "strategy_id": "AUDJPY_1_3.14.146_BUY_M15",
  "summary": {
    "strategy_id": "AUDJPY_1_3.14.146_BUY_M15",
    "symbol_count": 1,
    "side_mix": null,
    "trade_count": 655,
    "avg_return_correlation": 0.029434079538113896,
    "max_return_correlation": 0.3052916704165212,
    "avg_drawdown_correlation": 0.07208068488688246,
    "max_drawdown_correlation": 0.4671111049031131,
    "avg_stress_overlap": 0.07034577647534254,
    "max_stress_overlap": 0.15639810426540285,
    "avg_symbol_overlap": 0.0821917808219178,
    "max_symbol_overlap": 1.0,
    "avg_side_overlap": 0.821917808219178,
    "max_side_overlap": 1.0,
    "correlation_penalty": 0.050757382212498175,
    "marginal_dd_contribution": 1.8235320251758935,
    "diversification_score": 0.9282561370533801,
    "portfolio_fit_score": 0.7142192451279488,
    "cluster_membership": "CLUSTER_01"
  },
  "peer_snapshot": {
    "return_correlation_row": {
      "AUDJPY_1_3.14.146_BUY_M15": 1.0,
      "AUDJPY_2_5.20.109_BUY_M15": 0.22695199201012692,
      "AUDJPY_3_3.19_BUY_M15": 0.28200721443320825,
      "AUDJPY_46_3.50.181_BUY_M15": 0.29355039910760605,
      "AUDJPY_47_6.30.171_BOTH_M15": 0.2713472444408616,
      "AUDJPY_56_1.14.109_BUY_M15": 0.3052916704165212,
      "AUDJPY_78_3.7.108_BUY_M15": 0.281048462660123,
      "AUDUSD_48_5.8.189_SELL_M15": -0.08527873367388825,
      "AUDUSD_4_3.27.109_SELL_M15": -0.1412711844138392,
      "AUDUSD_5_6.3.178_SELL_M15": -0.11607764749512578,
      "AUDUSD_60_1.31.145_SELL_M15": -0.09666611762490988,
      "AUDUSD_61_6.25.174_SELL_M15": -0.009057340449773825,
      "AUDUSD_6_5.9.126_SELL_M15": -0.11001627852487164,
      "EURGBP_10_5.21.111_SELL_M15": 0.010914697339507487,
      "EURGBP_49_2.36.141_BOTH_M15": 0.021147787732079672,
      "EURGBP_62_3.31.132_BUY_M15": 0.03931146386686692,
      "EURGBP_63_4.21.189_SELL_M15": 0.02881141503934327,
      "EURGBP_70_2.27.108_SELL_M15": 0.046688921603986355,
      "EURGBP_7_3.16.177_SELL_M15": 0.044627140474409396,
      "EURGBP_8_6.1.186_SELL_M15": 0.01578564520610248,
      "EURGBP_9_5.2.127_SELL_M15": 0.044660479696023304,
      "EURUSD_11_1.42.105_SELL_M15": 0.0055936060387029515,
      "EURUSD_12_3.47.124_BUY_M15": 0.06822829289413677,
      "EURUSD_13_6.46.178_BUY_M15": 0.005222630258787163,
      "EURUSD_14_5.6.167_BUY_M15": 0.04543218937444363,
      "EURUSD_18_6.6.111_SELL_M15": 0.005497254683286386,
      "EURUSD_59_2.34.129_SELL_M15": -0.029587081399570416,
      "EURUSD_64_4.34.165_BUY_M15": 0.03791242365114022,
      "EURUSD_71_5.30.159_SELL_M15": -0.011123675972394652,
      "EURUSD_72_5.42.127_SELL_M15": -0.043146374777078035,
      "EURUSD_73_5.43.181_SELL_M15": -0.037055897510811946,
      "GBPJPY_50_5.35.116_BUY_M15": 0.087616662714897,
      "GBPJPY_65_2.14.157_BUY_M15": 0.1777562456660079,
      "GBPJPY_66_4.17.131_BOTH_M15": 0.24362884966242865,
      "GBPJPY_67_4.19.99_BOTH_M15": 0.24061827420385318,
      "GBPUSD_19_0.13205_BUY_M15": 0.0013521330381703332,
      "GBPUSD_20_1.32.126_BUY_M15": 0.04595678173518672,
      "GBPUSD_21_3.3.167_BUY_M15": 0.0453371061450949,
      "GBPUSD_22_6.11.100_SELL_M15": -0.014131002820812161,
      "GBPUSD_69_3.13.113_BUY_M15": -0.021823435944726945,
      "GBPUSD_74_6.52.179_SELL_M15": -0.02301999568133941,
      "NZDUSD_23_2.12.147_SELL_M15": -0.0492362944247183,
      "NZDUSD_24_4.41.120_SELL_M15": 0.020984498342091883,
      "NZDUSD_25_5.7.105_SELL_M15": -0.1030694156062419,
      "NZDUSD_26_2.6.180_SELL_M15": -0.09361742676010444,
      "NZDUSD_27_6.16.107_SELL_M15": -0.10972415262494101,
      "NZDUSD_75_4.73.120_SELL_M15": -0.06252702741682303,
      "NZDUSD_76_5.71.164_BUY_M15": 0.12325226407617541,
      "US500.cash_28_3.8.114_BUY_M15": 0.044127548260863424,
      "US500.cash_29_3.32.156_BUY_M15": 0.019438701158231278,
      "USDCAD_30_2.34.141_BUY_M15": -0.06061231704856946,
      "USDCAD_31_3.2.189_BUY_M15": -0.07196967672572727,
      "USDCAD_32_4.16.175_BUY_M15": -0.10807014949335987,
      "USDCAD_33_5.11.180_BUY_M15": -0.07044187936170275,
      "USDCAD_34_1.8.187_BUY_M15": -0.12062275720484775,
      "USDCAD_51_6.27.122_BUY_M15": -0.14896024762039203,
      "USDCAD_77_3.51.113_SELL_M15": 0.02990845472234896,
      "USDCHF_35_3.1.133_SELL_M15": 0.01348728742661097,
      "USDCHF_36_4.5.112_SELL_M15": -0.003919946175317577,
      "USDCHF_52_3.17.186_BOTH_M15": -0.014316729389823243,
      "USDCHF_53_6.47.153_BOTH_M15": -0.049236786487462755,
      "USDCHF_55_6.23.134_BUY_M15": -0.027009341577436966,
      "USDJPY_37_0.18430_BUY_M15": 0.0401831675621395,
      "USDJPY_38_1.35.168_BUY_M15": 0.10964923052631426,
      "USDJPY_39_6.27.190_BUY_M15": 0.11554387623271095,
      "USDJPY_40_2.4.138_BUY_M15": 0.07133283890804837,
      "USDJPY_41_2.5.172_BUY_M15": 0.09464562978758222,
      "USDJPY_57_4.8.181_BUY_M15": 0.13110720989384636,
      "USOIL.cash_42_1.25.121_BUY_M15": 0.047044313375168546,
      "USOIL.cash_43_5.11.112_BUY_M15": 0.04669071283656837,
      "USOIL.cash_44_6.17.127_BUY_M15": 0.0675641333523929,
      "USOIL.cash_54_4.18.190_BOTH_M15": 0.0675641333523929,
      "XAUUSD_45_2.13.130_BUY_M15": 0.004058378825836223,
      "XAUUSD_58_5.6.136_BUY_M15": 0.011397357756700569
    },
    "drawdown_correlation_row": {
      "AUDJPY_1_3.14.146_BUY_M15": 1.0,
      "AUDJPY_2_5.20.109_BUY_M15": 0.3195834936424485,
      "AUDJPY_3_3.19_BUY_M15": 0.3550231631511649,
      "AUDJPY_46_3.50.181_BUY_M15": 0.26663486694537686,
      "AUDJPY_47_6.30.171_BOTH_M15": 0.4671111049031131,
      "AUDJPY_56_1.14.109_BUY_M15": 0.284110169112347,
      "AUDJPY_78_3.7.108_BUY_M15": 0.35507045030786416,
      "AUDUSD_48_5.8.189_SELL_M15": -0.19954118889847455,
      "AUDUSD_4_3.27.109_SELL_M15": -0.1035259364854563,
      "AUDUSD_5_6.3.178_SELL_M15": -0.05278820260330938,
      "AUDUSD_60_1.31.145_SELL_M15": -0.25589814448361686,
      "AUDUSD_61_6.25.174_SELL_M15": 0.09766996596940852,
      "AUDUSD_6_5.9.126_SELL_M15": -0.1157157452796456,
      "EURGBP_10_5.21.111_SELL_M15": 0.21112490944085072,
      "EURGBP_49_2.36.141_BOTH_M15": -0.37025260483738764,
      "EURGBP_62_3.31.132_BUY_M15": 0.19991325078067165,
      "EURGBP_63_4.21.189_SELL_M15": 0.242960231783287,
      "EURGBP_70_2.27.108_SELL_M15": -0.11874161589142375,
      "EURGBP_7_3.16.177_SELL_M15": 0.19041312018285456,
      "EURGBP_8_6.1.186_SELL_M15": -0.013672224820837584,
      "EURGBP_9_5.2.127_SELL_M15": -0.006653420906130625,
      "EURUSD_11_1.42.105_SELL_M15": -0.0712411474532466,
      "EURUSD_12_3.47.124_BUY_M15": 0.19255281136276475,
      "EURUSD_13_6.46.178_BUY_M15": 0.2188611059604662,
      "EURUSD_14_5.6.167_BUY_M15": -0.16155373338161264,
      "EURUSD_18_6.6.111_SELL_M15": 0.031405693226240136,
      "EURUSD_59_2.34.129_SELL_M15": 0.2559338442241467,
      "EURUSD_64_4.34.165_BUY_M15": -0.2276742271045429,
      "EURUSD_71_5.30.159_SELL_M15": 0.13796666281324238,
      "EURUSD_72_5.42.127_SELL_M15": 0.3184146880860887,
      "EURUSD_73_5.43.181_SELL_M15": 0.1083485481906864,
      "GBPJPY_50_5.35.116_BUY_M15": 0.047359351928382955,
      "GBPJPY_65_2.14.157_BUY_M15": 0.0028805697562430677,
      "GBPJPY_66_4.17.131_BOTH_M15": 0.04947894506153622,
      "GBPJPY_67_4.19.99_BOTH_M15": -0.0638954604320972,
      "GBPUSD_19_0.13205_BUY_M15": 0.22223914832669658,
      "GBPUSD_20_1.32.126_BUY_M15": -0.14192253781637054,
      "GBPUSD_21_3.3.167_BUY_M15": 0.048237743161861364,
      "GBPUSD_22_6.11.100_SELL_M15": 0.3097808432433821,
      "GBPUSD_69_3.13.113_BUY_M15": -0.22585181845574268,
      "GBPUSD_74_6.52.179_SELL_M15": 0.1761607345142824,
      "NZDUSD_23_2.12.147_SELL_M15": 0.08054026471825838,
      "NZDUSD_24_4.41.120_SELL_M15": 0.18834126768951978,
      "NZDUSD_25_5.7.105_SELL_M15": -0.08436075937525717,
      "NZDUSD_26_2.6.180_SELL_M15": -0.042570120560672414,
      "NZDUSD_27_6.16.107_SELL_M15": 0.08795964086920068,
      "NZDUSD_75_4.73.120_SELL_M15": 0.00698635635820351,
      "NZDUSD_76_5.71.164_BUY_M15": 0.32412346168789335,