{
  "strategy_id": "AUDJPY_2_5.20.109_BUY_M15",
  "summary": {
    "strategy_id": "AUDJPY_2_5.20.109_BUY_M15",
    "symbol_count": 1,
    "side_mix": null,
    "trade_count": 664,
    "avg_return_correlation": 0.02144477102940914,
    "max_return_correlation": 0.41634189660208326,
    "avg_drawdown_correlation": 0.040513974330468265,
    "max_drawdown_correlation": 0.7447445061483391,
    "avg_stress_overlap": 0.06813413976184088,
    "max_stress_overlap": 0.23232323232323232,
    "avg_symbol_overlap": 0.0821917808219178,
    "max_symbol_overlap": 1.0,
    "avg_side_overlap": 0.821917808219178,
    "max_side_overlap": 1.0,
    "correlation_penalty": 0.0309793726799387,
    "marginal_dd_contribution": 4.6835320251758645,
    "diversification_score": 0.9327898904854718,
    "portfolio_fit_score": 0.7166291218439946,
    "cluster_membership": "CLUSTER_02"
  },
  "peer_snapshot": {
    "return_correlation_row": {
      "AUDJPY_1_3.14.146_BUY_M15": 0.22695199201012692,
      "AUDJPY_2_5.20.109_BUY_M15": 1.0,
      "AUDJPY_3_3.19_BUY_M15": 0.4106855634085357,
      "AUDJPY_46_3.50.181_BUY_M15": 0.20586155409478132,
      "AUDJPY_47_6.30.171_BOTH_M15": 0.15629767682849394,
      "AUDJPY_56_1.14.109_BUY_M15": 0.29075402956736685,
      "AUDJPY_78_3.7.108_BUY_M15": 0.41634189660208326,
      "AUDUSD_48_5.8.189_SELL_M15": -0.16507832869973404,
      "AUDUSD_4_3.27.109_SELL_M15": -0.10965247015778443,
      "AUDUSD_5_6.3.178_SELL_M15": -0.11366733389543238,
      "AUDUSD_60_1.31.145_SELL_M15": -0.09174172622810879,
      "AUDUSD_61_6.25.174_SELL_M15": -0.008351379302035748,
      "AUDUSD_6_5.9.126_SELL_M15": -0.19701969151671891,
      "EURGBP_10_5.21.111_SELL_M15": 0.01823543236874553,
      "EURGBP_49_2.36.141_BOTH_M15": 0.03406454456272437,
      "EURGBP_62_3.31.132_BUY_M15": 0.00788264629060099,
      "EURGBP_63_4.21.189_SELL_M15": -0.03588881477745728,
      "EURGBP_70_2.27.108_SELL_M15": -0.04047920503070373,
      "EURGBP_7_3.16.177_SELL_M15": -0.010180829244150511,
      "EURGBP_8_6.1.186_SELL_M15": 0.01182055087492883,
      "EURGBP_9_5.2.127_SELL_M15": 0.008068581931085356,
      "EURUSD_11_1.42.105_SELL_M15": -0.030618749201908057,
      "EURUSD_12_3.47.124_BUY_M15": 0.06798836030528688,
      "EURUSD_13_6.46.178_BUY_M15": -0.019377700204735157,
      "EURUSD_14_5.6.167_BUY_M15": 0.07657200057523739,
      "EURUSD_18_6.6.111_SELL_M15": -0.07149551781960302,
      "EURUSD_59_2.34.129_SELL_M15": -0.04689134899198441,
      "EURUSD_64_4.34.165_BUY_M15": 0.04337948144149369,
      "EURUSD_71_5.30.159_SELL_M15": -0.024308333154617272,
      "EURUSD_72_5.42.127_SELL_M15": -0.05800923132328676,
      "EURUSD_73_5.43.181_SELL_M15": -0.007000788551435666,
      "GBPJPY_50_5.35.116_BUY_M15": 0.1646299344293083,
      "GBPJPY_65_2.14.157_BUY_M15": 0.18898365844380188,
      "GBPJPY_66_4.17.131_BOTH_M15": 0.25540967661610664,
      "GBPJPY_67_4.19.99_BOTH_M15": 0.25267292408035114,
      "GBPUSD_19_0.13205_BUY_M15": 0.0030849373528281897,
      "GBPUSD_20_1.32.126_BUY_M15": 0.019642683037412505,
      "GBPUSD_21_3.3.167_BUY_M15": 0.08333770323386805,
      "GBPUSD_22_6.11.100_SELL_M15": -0.000720218954835457,
      "GBPUSD_69_3.13.113_BUY_M15": -0.058771726744527485,
      "GBPUSD_74_6.52.179_SELL_M15": -0.0120559397044423,
      "NZDUSD_23_2.12.147_SELL_M15": -0.0964763424124914,
      "NZDUSD_24_4.41.120_SELL_M15": -0.04629396234530711,
      "NZDUSD_25_5.7.105_SELL_M15": -0.08903123709931035,
      "NZDUSD_26_2.6.180_SELL_M15": -0.1478846595236476,
      "NZDUSD_27_6.16.107_SELL_M15": -0.09948100909149957,
      "NZDUSD_75_4.73.120_SELL_M15": -0.058581750544228,
      "NZDUSD_76_5.71.164_BUY_M15": 0.05862513411941423,
      "US500.cash_28_3.8.114_BUY_M15": 0.06257944276239234,
      "US500.cash_29_3.32.156_BUY_M15": 0.054925199348734424,
      "USDCAD_30_2.34.141_BUY_M15": -0.09861490348149579,
      "USDCAD_31_3.2.189_BUY_M15": -0.1012764137214815,
      "USDCAD_32_4.16.175_BUY_M15": -0.1384440734866181,
      "USDCAD_33_5.11.180_BUY_M15": -0.08273070065639498,
      "USDCAD_34_1.8.187_BUY_M15": -0.07157823475905664,
      "USDCAD_51_6.27.122_BUY_M15": -0.1336473182149382,
      "USDCAD_77_3.51.113_SELL_M15": 0.05986169799905218,
      "USDCHF_35_3.1.133_SELL_M15": 0.043869880757006874,
      "USDCHF_36_4.5.112_SELL_M15": 0.05894354813761357,
      "USDCHF_52_3.17.186_BOTH_M15": 0.007546565805665458,
      "USDCHF_53_6.47.153_BOTH_M15": -0.016602432885487753,
      "USDCHF_55_6.23.134_BUY_M15": -0.044521035362921596,
      "USDJPY_37_0.18430_BUY_M15": 0.04084696326554132,
      "USDJPY_38_1.35.168_BUY_M15": 0.08401873099270131,
      "USDJPY_39_6.27.190_BUY_M15": 0.08933806191811595,
      "USDJPY_40_2.4.138_BUY_M15": 0.09338051001323178,
      "USDJPY_41_2.5.172_BUY_M15": 0.11101286166893345,
      "USDJPY_57_4.8.181_BUY_M15": 0.11555327811039831,
      "USOIL.cash_42_1.25.121_BUY_M15": -0.002532350639375014,
      "USOIL.cash_43_5.11.112_BUY_M15": 0.009352511998984268,
      "USOIL.cash_44_6.17.127_BUY_M15": 0.018805282734223935,
      "USOIL.cash_54_4.18.190_BOTH_M15": 0.018805282734223935,
      "XAUUSD_45_2.13.130_BUY_M15": 0.005526351290521095,
      "XAUUSD_58_5.6.136_BUY_M15": 0.018816911162700036
    },
    "drawdown_correlation_row": {
      "AUDJPY_1_3.14.146_BUY_M15": 0.3195834936424485,
      "AUDJPY_2_5.20.109_BUY_M15": 1.0,
      "AUDJPY_3_3.19_BUY_M15": 0.21778553218678542,
      "AUDJPY_46_3.50.181_BUY_M15": 0.2712530411210777,
      "AUDJPY_47_6.30.171_BOTH_M15": 0.42289410323055665,
      "AUDJPY_56_1.14.109_BUY_M15": 0.533517220593882,
      "AUDJPY_78_3.7.108_BUY_M15": 0.22044021658777443,
      "AUDUSD_48_5.8.189_SELL_M15": -0.00022251754611544422,
      "AUDUSD_4_3.27.109_SELL_M15": -0.20019353816513472,
      "AUDUSD_5_6.3.178_SELL_M15": -0.3044847018206922,
      "AUDUSD_60_1.31.145_SELL_M15": -0.1929331372006466,
      "AUDUSD_61_6.25.174_SELL_M15": 0.22291113034749452,
      "AUDUSD_6_5.9.126_SELL_M15": -0.25221972725629194,
      "EURGBP_10_5.21.111_SELL_M15": -0.2189491095958975,
      "EURGBP_49_2.36.141_BOTH_M15": -0.22590325615578133,
      "EURGBP_62_3.31.132_BUY_M15": 0.30603541758281433,
      "EURGBP_63_4.21.189_SELL_M15": 0.29725151518916976,
      "EURGBP_70_2.27.108_SELL_M15": -0.44242946082599816,
      "EURGBP_7_3.16.177_SELL_M15": 0.1278339019451867,
      "EURGBP_8_6.1.186_SELL_M15": -0.34504118631625286,
      "EURGBP_9_5.2.127_SELL_M15": -0.3969681084817212,
      "EURUSD_11_1.42.105_SELL_M15": -0.3048804008936228,
      "EURUSD_12_3.47.124_BUY_M15": 0.5486330326224521,
      "EURUSD_13_6.46.178_BUY_M15": 0.7447445061483391,
      "EURUSD_14_5.6.167_BUY_M15": -0.21161983083927136,
      "EURUSD_18_6.6.111_SELL_M15": -0.17420736350382954,
      "EURUSD_59_2.34.129_SELL_M15": 0.5774415589096853,
      "EURUSD_64_4.34.165_BUY_M15": -0.05724133028019361,
      "EURUSD_71_5.30.159_SELL_M15": 0.07121652282838563,
      "EURUSD_72_5.42.127_SELL_M15": 0.23239095236906723,
      "EURUSD_73_5.43.181_SELL_M15": -0.20272115576884184,
      "GBPJPY_50_5.35.116_BUY_M15": -0.16212175196194797,
      "GBPJPY_65_2.14.157_BUY_M15": -0.2169315029480294,
      "GBPJPY_66_4.17.131_BOTH_M15": 0.2575040454041078,
      "GBPJPY_67_4.19.99_BOTH_M15": 0.04941114198672084,
      "GBPUSD_19_0.13205_BUY_M15": 0.49828819853794803,
      "GBPUSD_20_1.32.126_BUY_M15": -0.43378441628257147,
      "GBPUSD_21_3.3.167_BUY_M15": -0.03639186910780108,
      "GBPUSD_22_6.11.100_SELL_M15": -0.12086581933694618,
      "GBPUSD_69_3.13.113_BUY_M15": -0.3519602202035769,
      "GBPUSD_74_6.52.179_SELL_M15": 0.09136734457498821,
      "NZDUSD_23_2.12.147_SELL_M15": 0.04164279769391145,
      "NZDUSD_24_4.41.120_SELL_M15": -0.2448745618219643,
      "NZDUSD_25_5.7.105_SELL_M15": -0.2928875955922207,
      "NZDUSD_26_2.6.180_SELL_M15": 0.04818383885947175,
      "NZDUSD_27_6.16.107_SELL_M15": 0.3082845025687563,
      "NZDUSD_75_4.73.120_SELL_M15": 0.33173358898584476,
      "NZDUSD_76_5.71.164_BUY_M15": 0.3649113781733858,