{
  "strategy_id": "AUDJPY_46_3.50.181_BUY_M15",
  "summary": {
    "strategy_id": "AUDJPY_46_3.50.181_BUY_M15",
    "symbol_count": 1,
    "side_mix": null,
    "trade_count": 572,
    "avg_return_correlation": 0.025904934635006246,
    "max_return_correlation": 0.31010356508204096,
    "avg_drawdown_correlation": -0.010833896225440688,
    "max_drawdown_correlation": 0.6199783363164199,
    "avg_stress_overlap": 0.07085051862575147,
    "max_stress_overlap": 0.15639810426540285,
    "avg_symbol_overlap": 0.0821917808219178,
    "max_symbol_overlap": 1.0,
    "avg_side_overlap": 0.821917808219178,
    "max_side_overlap": 1.0,
    "correlation_penalty": 0.018369415430223468,
    "marginal_dd_contribution": -0.5004405775638503,
    "diversification_score": 0.9296003160545796,
    "portfolio_fit_score": 0.7147751359984116,
    "cluster_membership": "CLUSTER_04"
  },
  "peer_snapshot": {
    "return_correlation_row": {
      "AUDJPY_1_3.14.146_BUY_M15": 0.29355039910760605,
      "AUDJPY_2_5.20.109_BUY_M15": 0.20586155409478132,
      "AUDJPY_3_3.19_BUY_M15": 0.22623340524889402,
      "AUDJPY_46_3.50.181_BUY_M15": 1.0,
      "AUDJPY_47_6.30.171_BOTH_M15": 0.16519784273948593,
      "AUDJPY_56_1.14.109_BUY_M15": 0.31010356508204096,
      "AUDJPY_78_3.7.108_BUY_M15": 0.23247093701654237,
      "AUDUSD_48_5.8.189_SELL_M15": -0.10651951543666548,
      "AUDUSD_4_3.27.109_SELL_M15": -0.1102585727866614,
      "AUDUSD_5_6.3.178_SELL_M15": -0.13808385863265857,
      "AUDUSD_60_1.31.145_SELL_M15": -0.12265881644136055,
      "AUDUSD_61_6.25.174_SELL_M15": -0.05737443896840679,
      "AUDUSD_6_5.9.126_SELL_M15": -0.15060075977192713,
      "EURGBP_10_5.21.111_SELL_M15": 0.05529645263435658,
      "EURGBP_49_2.36.141_BOTH_M15": 0.0005773654503706924,
      "EURGBP_62_3.31.132_BUY_M15": -0.010285999647601636,
      "EURGBP_63_4.21.189_SELL_M15": 0.0583880318037549,
      "EURGBP_70_2.27.108_SELL_M15": 0.015706998012287997,
      "EURGBP_7_3.16.177_SELL_M15": 0.02019156617389908,
      "EURGBP_8_6.1.186_SELL_M15": 0.050074466218225096,
      "EURGBP_9_5.2.127_SELL_M15": 0.001995086288343885,
      "EURUSD_11_1.42.105_SELL_M15": 0.0006515233069744924,
      "EURUSD_12_3.47.124_BUY_M15": 0.06372221963351564,
      "EURUSD_13_6.46.178_BUY_M15": -0.026956807786504295,
      "EURUSD_14_5.6.167_BUY_M15": 0.05375459028065017,
      "EURUSD_18_6.6.111_SELL_M15": -0.009429979120528573,
      "EURUSD_59_2.34.129_SELL_M15": -0.006012388685140425,
      "EURUSD_64_4.34.165_BUY_M15": 0.06725548734913536,
      "EURUSD_71_5.30.159_SELL_M15": 0.028959427570629775,
      "EURUSD_72_5.42.127_SELL_M15": -0.03333724741285178,
      "EURUSD_73_5.43.181_SELL_M15": -0.001505342441083116,
      "GBPJPY_50_5.35.116_BUY_M15": 0.10597295024404309,
      "GBPJPY_65_2.14.157_BUY_M15": 0.19667045444627396,
      "GBPJPY_66_4.17.131_BOTH_M15": 0.20387635794181214,
      "GBPJPY_67_4.19.99_BOTH_M15": 0.21211955415037037,
      "GBPUSD_19_0.13205_BUY_M15": 0.008820287873276014,
      "GBPUSD_20_1.32.126_BUY_M15": 0.01914016366689318,
      "GBPUSD_21_3.3.167_BUY_M15": 0.05542019292450859,
      "GBPUSD_22_6.11.100_SELL_M15": -0.002778394758440336,
      "GBPUSD_69_3.13.113_BUY_M15": -0.011240165757023256,
      "GBPUSD_74_6.52.179_SELL_M15": -0.049876280237902165,
      "NZDUSD_23_2.12.147_SELL_M15": -0.060923478576499955,
      "NZDUSD_24_4.41.120_SELL_M15": -0.00011689526459452211,
      "NZDUSD_25_5.7.105_SELL_M15": -0.05523533895453948,
      "NZDUSD_26_2.6.180_SELL_M15": -0.06865621987485651,
      "NZDUSD_27_6.16.107_SELL_M15": -0.12892738930699968,
      "NZDUSD_75_4.73.120_SELL_M15": -0.05261635600145503,
      "NZDUSD_76_5.71.164_BUY_M15": 0.05231159837745681,
      "US500.cash_28_3.8.114_BUY_M15": 0.04689020897858364,
      "US500.cash_29_3.32.156_BUY_M15": 0.040614857174896615,
      "USDCAD_30_2.34.141_BUY_M15": -0.08190912807192248,
      "USDCAD_31_3.2.189_BUY_M15": -0.12352942503837948,
      "USDCAD_32_4.16.175_BUY_M15": -0.1339480068743571,
      "USDCAD_33_5.11.180_BUY_M15": -0.10177074960414428,
      "USDCAD_34_1.8.187_BUY_M15": -0.07749034822236225,
      "USDCAD_51_6.27.122_BUY_M15": -0.1280508957620883,
      "USDCAD_77_3.51.113_SELL_M15": 0.013517153634555083,
      "USDCHF_35_3.1.133_SELL_M15": 0.010133556153434147,
      "USDCHF_36_4.5.112_SELL_M15": 0.021123771399267396,
      "USDCHF_52_3.17.186_BOTH_M15": -0.0237106256081749,
      "USDCHF_53_6.47.153_BOTH_M15": -0.011962729062066298,
      "USDCHF_55_6.23.134_BUY_M15": -0.013617720172191981,
      "USDJPY_37_0.18430_BUY_M15": 0.10521199976970758,
      "USDJPY_38_1.35.168_BUY_M15": 0.11453428307969012,
      "USDJPY_39_6.27.190_BUY_M15": 0.19668082860529634,
      "USDJPY_40_2.4.138_BUY_M15": 0.16793224043193675,
      "USDJPY_41_2.5.172_BUY_M15": 0.1442431159498222,
      "USDJPY_57_4.8.181_BUY_M15": 0.13694997881420465,
      "USOIL.cash_42_1.25.121_BUY_M15": -0.0009148973547071384,
      "USOIL.cash_43_5.11.112_BUY_M15": 0.020172966966535134,
      "USOIL.cash_44_6.17.127_BUY_M15": 0.026148846385257198,
      "USOIL.cash_54_4.18.190_BOTH_M15": 0.026148846385257198,
      "XAUUSD_45_2.13.130_BUY_M15": 0.003323442673297409,
      "XAUUSD_58_5.6.136_BUY_M15": 0.013410425951680979
    },
    "drawdown_correlation_row": {
      "AUDJPY_1_3.14.146_BUY_M15": 0.26663486694537686,
      "AUDJPY_2_5.20.109_BUY_M15": 0.2712530411210777,
      "AUDJPY_3_3.19_BUY_M15": 0.06272412399156764,
      "AUDJPY_46_3.50.181_BUY_M15": 1.0,
      "AUDJPY_47_6.30.171_BOTH_M15": 0.43321527381493524,
      "AUDJPY_56_1.14.109_BUY_M15": 0.276347913111311,
      "AUDJPY_78_3.7.108_BUY_M15": 0.06684935671166974,
      "AUDUSD_48_5.8.189_SELL_M15": -0.28728331111062766,
      "AUDUSD_4_3.27.109_SELL_M15": -0.20742692011489963,
      "AUDUSD_5_6.3.178_SELL_M15": -0.400388745308201,
      "AUDUSD_60_1.31.145_SELL_M15": -0.28559121365603013,
      "AUDUSD_61_6.25.174_SELL_M15": 0.4016710301632248,
      "AUDUSD_6_5.9.126_SELL_M15": -0.2935817761623844,
      "EURGBP_10_5.21.111_SELL_M15": -0.3852151630551563,
      "EURGBP_49_2.36.141_BOTH_M15": -0.016461901986109313,
      "EURGBP_62_3.31.132_BUY_M15": -0.35065260631621764,
      "EURGBP_63_4.21.189_SELL_M15": -0.0330818201758473,
      "EURGBP_70_2.27.108_SELL_M15": -0.41328797483606805,
      "EURGBP_7_3.16.177_SELL_M15": 0.13528951885081503,
      "EURGBP_8_6.1.186_SELL_M15": -0.28794378223053435,
      "EURGBP_9_5.2.127_SELL_M15": 0.010042420382611697,
      "EURUSD_11_1.42.105_SELL_M15": 0.2339260314273833,
      "EURUSD_12_3.47.124_BUY_M15": -0.14150237661546655,
      "EURUSD_13_6.46.178_BUY_M15": 0.1181893450858985,
      "EURUSD_14_5.6.167_BUY_M15": -0.2767941717017214,
      "EURUSD_18_6.6.111_SELL_M15": 0.002017761376428872,
      "EURUSD_59_2.34.129_SELL_M15": 0.122780983707762,
      "EURUSD_64_4.34.165_BUY_M15": -0.39600848376389924,
      "EURUSD_71_5.30.159_SELL_M15": -0.008120923893712594,
      "EURUSD_72_5.42.127_SELL_M15": 0.6199783363164199,
      "EURUSD_73_5.43.181_SELL_M15": -0.02602600915353319,
      "GBPJPY_50_5.35.116_BUY_M15": 0.10888788672546779,
      "GBPJPY_65_2.14.157_BUY_M15": 0.09171878381141088,
      "GBPJPY_66_4.17.131_BOTH_M15": -0.07337358924623738,
      "GBPJPY_67_4.19.99_BOTH_M15": -0.10615950738897101,
      "GBPUSD_19_0.13205_BUY_M15": -0.06303254233291507,
      "GBPUSD_20_1.32.126_BUY_M15": -0.5624857691859259,
      "GBPUSD_21_3.3.167_BUY_M15": 0.3492170397235168,
      "GBPUSD_22_6.11.100_SELL_M15": 0.1511613895438962,
      "GBPUSD_69_3.13.113_BUY_M15": -0.04713693212372119,
      "GBPUSD_74_6.52.179_SELL_M15": 0.18857182384625265,
      "NZDUSD_23_2.12.147_SELL_M15": 0.08919636261606649,
      "NZDUSD_24_4.41.120_SELL_M15": 0.19706732631510454,
      "NZDUSD_25_5.7.105_SELL_M15": -0.3186999468388761,
      "NZDUSD_26_2.6.180_SELL_M15": -0.3788200598469357,
      "NZDUSD_27_6.16.107_SELL_M15": -0.13781273630430665,
      "NZDUSD_75_4.73.120_SELL_M15": -0.0352024956800208,
      "NZDUSD_76_5.71.164_BUY_M15": 0.12055210529931203,