{
  "strategy_id": "AUDJPY_47_6.30.171_BOTH_M15",
  "summary": {
    "strategy_id": "AUDJPY_47_6.30.171_BOTH_M15",
    "symbol_count": 1,
    "side_mix": null,
    "trade_count": 650,
    "avg_return_correlation": 0.01463329479046911,
    "max_return_correlation": 0.2958683550348117,
    "avg_drawdown_correlation": 0.03173506308365189,
    "max_drawdown_correlation": 0.5083945626784776,
    "avg_stress_overlap": 0.06718755801836385,
    "max_stress_overlap": 0.1509433962264151,
    "avg_symbol_overlap": 0.0821917808219178,
    "max_symbol_overlap": 1.0,
    "avg_side_overlap": 0.821917808219178,
    "max_side_overlap": 1.0,
    "correlation_penalty": 0.023184178937060502,
    "marginal_dd_contribution": 1.9476416142169768,
    "diversification_score": 0.936237916255435,
    "portfolio_fit_score": 0.7182163402084283,
    "cluster_membership": "CLUSTER_05"
  },
  "peer_snapshot": {
    "return_correlation_row": {
      "AUDJPY_1_3.14.146_BUY_M15": 0.2713472444408616,
      "AUDJPY_2_5.20.109_BUY_M15": 0.15629767682849394,
      "AUDJPY_3_3.19_BUY_M15": 0.22775216837225262,
      "AUDJPY_46_3.50.181_BUY_M15": 0.16519784273948593,
      "AUDJPY_47_6.30.171_BOTH_M15": 1.0,
      "AUDJPY_56_1.14.109_BUY_M15": 0.2958683550348117,
      "AUDJPY_78_3.7.108_BUY_M15": 0.23434186092123804,
      "AUDUSD_48_5.8.189_SELL_M15": -0.08433435279838784,
      "AUDUSD_4_3.27.109_SELL_M15": -0.0803576972072766,
      "AUDUSD_5_6.3.178_SELL_M15": -0.07944889408040298,
      "AUDUSD_60_1.31.145_SELL_M15": -0.09451213945407315,
      "AUDUSD_61_6.25.174_SELL_M15": -0.01375452953045556,
      "AUDUSD_6_5.9.126_SELL_M15": -0.10993616329571844,
      "EURGBP_10_5.21.111_SELL_M15": 0.0005539486934910015,
      "EURGBP_49_2.36.141_BOTH_M15": 0.01641864385438495,
      "EURGBP_62_3.31.132_BUY_M15": -0.023711948981346185,
      "EURGBP_63_4.21.189_SELL_M15": 0.018260887642268887,
      "EURGBP_70_2.27.108_SELL_M15": 0.02300355705372154,
      "EURGBP_7_3.16.177_SELL_M15": -0.025342517692085318,
      "EURGBP_8_6.1.186_SELL_M15": 0.01329351632036921,
      "EURGBP_9_5.2.127_SELL_M15": -0.017793377544873732,
      "EURUSD_11_1.42.105_SELL_M15": 0.01462221746932106,
      "EURUSD_12_3.47.124_BUY_M15": 0.04773297733704093,
      "EURUSD_13_6.46.178_BUY_M15": 0.002916613551327057,
      "EURUSD_14_5.6.167_BUY_M15": 0.007662440535479529,
      "EURUSD_18_6.6.111_SELL_M15": -0.005933875119494194,
      "EURUSD_59_2.34.129_SELL_M15": 0.0003856950025398406,
      "EURUSD_64_4.34.165_BUY_M15": 0.0324911814356666,
      "EURUSD_71_5.30.159_SELL_M15": -0.014409218723909864,
      "EURUSD_72_5.42.127_SELL_M15": -0.06265780192634471,
      "EURUSD_73_5.43.181_SELL_M15": -0.05565814813930698,
      "GBPJPY_50_5.35.116_BUY_M15": 0.11013348832551258,
      "GBPJPY_65_2.14.157_BUY_M15": 0.18311634621088757,
      "GBPJPY_66_4.17.131_BOTH_M15": 0.1525961279520508,
      "GBPJPY_67_4.19.99_BOTH_M15": 0.16303262023307108,
      "GBPUSD_19_0.13205_BUY_M15": -0.0001400919658285009,
      "GBPUSD_20_1.32.126_BUY_M15": 0.03637797930917534,
      "GBPUSD_21_3.3.167_BUY_M15": 0.02702741927905894,
      "GBPUSD_22_6.11.100_SELL_M15": -0.050133071165172675,
      "GBPUSD_69_3.13.113_BUY_M15": -0.060685937559579295,
      "GBPUSD_74_6.52.179_SELL_M15": -0.08278165613347366,
      "NZDUSD_23_2.12.147_SELL_M15": -0.0872595636455769,
      "NZDUSD_24_4.41.120_SELL_M15": -0.0058262191413387876,
      "NZDUSD_25_5.7.105_SELL_M15": -0.0796483738832418,
      "NZDUSD_26_2.6.180_SELL_M15": -0.10724340338338736,
      "NZDUSD_27_6.16.107_SELL_M15": -0.08789368944183175,
      "NZDUSD_75_4.73.120_SELL_M15": -0.0252019196870059,
      "NZDUSD_76_5.71.164_BUY_M15": 0.03962631824121881,
      "US500.cash_28_3.8.114_BUY_M15": 0.00868395663080371,
      "US500.cash_29_3.32.156_BUY_M15": 0.034597611160894264,
      "USDCAD_30_2.34.141_BUY_M15": -0.060861090463010435,
      "USDCAD_31_3.2.189_BUY_M15": -0.0300204279796328,
      "USDCAD_32_4.16.175_BUY_M15": -0.07541299601335516,
      "USDCAD_33_5.11.180_BUY_M15": -0.11912760721295734,
      "USDCAD_34_1.8.187_BUY_M15": -0.05052191221804854,
      "USDCAD_51_6.27.122_BUY_M15": -0.11101929554032691,
      "USDCAD_77_3.51.113_SELL_M15": 0.021804224208692727,
      "USDCHF_35_3.1.133_SELL_M15": -0.012052407017884839,
      "USDCHF_36_4.5.112_SELL_M15": -0.029116214340717227,
      "USDCHF_52_3.17.186_BOTH_M15": 0.02719769016723411,
      "USDCHF_53_6.47.153_BOTH_M15": -0.06685500777785423,
      "USDCHF_55_6.23.134_BUY_M15": -0.05234243958872584,
      "USDJPY_37_0.18430_BUY_M15": 0.06162672184764168,
      "USDJPY_38_1.35.168_BUY_M15": 0.08726748746253682,
      "USDJPY_39_6.27.190_BUY_M15": 0.11834220124234067,
      "USDJPY_40_2.4.138_BUY_M15": 0.1151661392950739,
      "USDJPY_41_2.5.172_BUY_M15": 0.12924875067460379,
      "USDJPY_57_4.8.181_BUY_M15": 0.06731842244324726,
      "USOIL.cash_42_1.25.121_BUY_M15": 0.0047907315838066344,
      "USOIL.cash_43_5.11.112_BUY_M15": 0.03618776102827187,
      "USOIL.cash_44_6.17.127_BUY_M15": -0.02248293870880378,
      "USOIL.cash_54_4.18.190_BOTH_M15": -0.02248293870880378,
      "XAUUSD_45_2.13.130_BUY_M15": 0.023849248834955386,
      "XAUUSD_58_5.6.136_BUY_M15": -0.0009476875893542881
    },
    "drawdown_correlation_row": {
      "AUDJPY_1_3.14.146_BUY_M15": 0.4671111049031131,
      "AUDJPY_2_5.20.109_BUY_M15": 0.42289410323055665,
      "AUDJPY_3_3.19_BUY_M15": 0.5073286520403928,
      "AUDJPY_46_3.50.181_BUY_M15": 0.43321527381493524,
      "AUDJPY_47_6.30.171_BOTH_M15": 1.0,
      "AUDJPY_56_1.14.109_BUY_M15": 0.44913840133919863,
      "AUDJPY_78_3.7.108_BUY_M15": 0.5083945626784776,
      "AUDUSD_48_5.8.189_SELL_M15": -0.1611393554928577,
      "AUDUSD_4_3.27.109_SELL_M15": -0.27299618147442234,
      "AUDUSD_5_6.3.178_SELL_M15": -0.2139769992855783,
      "AUDUSD_60_1.31.145_SELL_M15": -0.3853988659660586,
      "AUDUSD_61_6.25.174_SELL_M15": 0.20294222178578072,
      "AUDUSD_6_5.9.126_SELL_M15": -0.2245746755522987,
      "EURGBP_10_5.21.111_SELL_M15": -0.0395547506057025,
      "EURGBP_49_2.36.141_BOTH_M15": -0.10026859446538532,
      "EURGBP_62_3.31.132_BUY_M15": 0.09951836410935179,
      "EURGBP_63_4.21.189_SELL_M15": 0.09077265323617772,
      "EURGBP_70_2.27.108_SELL_M15": -0.18226316527614014,
      "EURGBP_7_3.16.177_SELL_M15": -0.1773728871029625,
      "EURGBP_8_6.1.186_SELL_M15": 0.03399868099874709,
      "EURGBP_9_5.2.127_SELL_M15": -0.041770739195016185,
      "EURUSD_11_1.42.105_SELL_M15": 0.06642071057578373,
      "EURUSD_12_3.47.124_BUY_M15": 0.09691293432018037,
      "EURUSD_13_6.46.178_BUY_M15": 0.27496146411257205,
      "EURUSD_14_5.6.167_BUY_M15": -0.18747904575654337,
      "EURUSD_18_6.6.111_SELL_M15": 0.021232455477321156,
      "EURUSD_59_2.34.129_SELL_M15": 0.24535892607641757,
      "EURUSD_64_4.34.165_BUY_M15": -0.1303903788809791,
      "EURUSD_71_5.30.159_SELL_M15": -0.007548656373879076,
      "EURUSD_72_5.42.127_SELL_M15": 0.1846602917972019,
      "EURUSD_73_5.43.181_SELL_M15": 0.06367358217908431,
      "GBPJPY_50_5.35.116_BUY_M15": 0.24773170156336544,
      "GBPJPY_65_2.14.157_BUY_M15": 0.17890351542731447,
      "GBPJPY_66_4.17.131_BOTH_M15": 0.2329647212465226,
      "GBPJPY_67_4.19.99_BOTH_M15": 0.11802387120671913,
      "GBPUSD_19_0.13205_BUY_M15": 0.20102251312298938,
      "GBPUSD_20_1.32.126_BUY_M15": -0.19840211137497155,
      "GBPUSD_21_3.3.167_BUY_M15": 0.02119051010482423,
      "GBPUSD_22_6.11.100_SELL_M15": 0.059169240319422375,
      "GBPUSD_69_3.13.113_BUY_M15": -0.04673397466196424,
      "GBPUSD_74_6.52.179_SELL_M15": 0.08123905049904273,
      "NZDUSD_23_2.12.147_SELL_M15": -0.23994605244470227,
      "NZDUSD_24_4.41.120_SELL_M15": 0.0004301067864835793,
      "NZDUSD_25_5.7.105_SELL_M15": -0.26590774253519794,
      "NZDUSD_26_2.6.180_SELL_M15": -0.1180244102982469,
      "NZDUSD_27_6.16.107_SELL_M15": -0.09595600555057687,
      "NZDUSD_75_4.73.120_SELL_M15": -0.0808390522275611,
      "NZDUSD_76_5.71.164_BUY_M15": 0.03998929443813685,