{
  "strategy_id": "AUDUSD_61_6.25.174_SELL_M15",
  "summary": {
    "strategy_id": "AUDUSD_61_6.25.174_SELL_M15",
    "symbol_count": 1,
    "side_mix": null,
    "trade_count": 562,
    "avg_return_correlation": 0.040610699347809136,
    "max_return_correlation": 0.2706536416484386,
    "avg_drawdown_correlation": 0.026292444072818603,
    "max_drawdown_correlation": 0.4016710301632248,
    "avg_stress_overlap": 0.08186450056056714,
    "max_stress_overlap": 0.25773195876288657,
    "avg_symbol_overlap": 0.0684931506849315,
    "max_symbol_overlap": 1.0,
    "avg_side_overlap": 0.821917808219178,
    "max_side_overlap": 1.0,
    "correlation_penalty": 0.03345157171031387,
    "marginal_dd_contribution": 0.763258052573164,
    "diversification_score": 0.9227355275901891,
    "portfolio_fit_score": 0.7114059266977232,
    "cluster_membership": "CLUSTER_09"
  },
  "peer_snapshot": {
    "return_correlation_row": {
      "AUDJPY_1_3.14.146_BUY_M15": -0.009057340449773825,
      "AUDJPY_2_5.20.109_BUY_M15": -0.008351379302035748,
      "AUDJPY_3_3.19_BUY_M15": -0.09415618715937928,
      "AUDJPY_46_3.50.181_BUY_M15": -0.05737443896840679,
      "AUDJPY_47_6.30.171_BOTH_M15": -0.01375452953045556,
      "AUDJPY_56_1.14.109_BUY_M15": -0.06455151682910867,
      "AUDJPY_78_3.7.108_BUY_M15": -0.08908121552428704,
      "AUDUSD_48_5.8.189_SELL_M15": 0.2562335881754267,
      "AUDUSD_4_3.27.109_SELL_M15": 0.2706536416484386,
      "AUDUSD_5_6.3.178_SELL_M15": 0.26145683762030825,
      "AUDUSD_60_1.31.145_SELL_M15": 0.16536504171841102,
      "AUDUSD_61_6.25.174_SELL_M15": 1.0,
      "AUDUSD_6_5.9.126_SELL_M15": 0.11732601634496845,
      "EURGBP_10_5.21.111_SELL_M15": 0.02496216669874935,
      "EURGBP_49_2.36.141_BOTH_M15": -0.05640397624976815,
      "EURGBP_62_3.31.132_BUY_M15": 0.04499178360217965,
      "EURGBP_63_4.21.189_SELL_M15": 0.003585061250481136,
      "EURGBP_70_2.27.108_SELL_M15": -0.013666337003721146,
      "EURGBP_7_3.16.177_SELL_M15": 0.03872989664800699,
      "EURGBP_8_6.1.186_SELL_M15": -0.01834852619851923,
      "EURGBP_9_5.2.127_SELL_M15": -0.01188008248281824,
      "EURUSD_11_1.42.105_SELL_M15": 0.068876617275324,
      "EURUSD_12_3.47.124_BUY_M15": 0.007994723318443355,
      "EURUSD_13_6.46.178_BUY_M15": -0.040533771274455545,
      "EURUSD_14_5.6.167_BUY_M15": 0.012582503959639219,
      "EURUSD_18_6.6.111_SELL_M15": 0.07193153625171458,
      "EURUSD_59_2.34.129_SELL_M15": 0.11651368653069814,
      "EURUSD_64_4.34.165_BUY_M15": 0.0006223385514225538,
      "EURUSD_71_5.30.159_SELL_M15": 0.13182833074352415,
      "EURUSD_72_5.42.127_SELL_M15": 0.10869732171258889,
      "EURUSD_73_5.43.181_SELL_M15": 0.07230365642583364,
      "GBPJPY_50_5.35.116_BUY_M15": -0.05208952872503278,
      "GBPJPY_65_2.14.157_BUY_M15": -0.03575205004842853,
      "GBPJPY_66_4.17.131_BOTH_M15": -0.036596812638611254,
      "GBPJPY_67_4.19.99_BOTH_M15": -0.032727720764393155,
      "GBPUSD_19_0.13205_BUY_M15": -0.03349445848339363,
      "GBPUSD_20_1.32.126_BUY_M15": -0.15611834098198146,
      "GBPUSD_21_3.3.167_BUY_M15": -0.12323544025134096,
      "GBPUSD_22_6.11.100_SELL_M15": 0.03507315478856523,
      "GBPUSD_69_3.13.113_BUY_M15": 0.07080885948152132,
      "GBPUSD_74_6.52.179_SELL_M15": 0.16178831701887875,
      "NZDUSD_23_2.12.147_SELL_M15": 0.1117820020030429,
      "NZDUSD_24_4.41.120_SELL_M15": 0.08087011268433433,
      "NZDUSD_25_5.7.105_SELL_M15": 0.14543378343480712,
      "NZDUSD_26_2.6.180_SELL_M15": 0.23949318270453543,
      "NZDUSD_27_6.16.107_SELL_M15": 0.16943160310884078,
      "NZDUSD_75_4.73.120_SELL_M15": 0.1557003292551044,
      "NZDUSD_76_5.71.164_BUY_M15": -0.05426539310134425,
      "US500.cash_28_3.8.114_BUY_M15": -0.10874116098449234,
      "US500.cash_29_3.32.156_BUY_M15": 0.0025047329072124527,
      "USDCAD_30_2.34.141_BUY_M15": 0.16800562147445067,
      "USDCAD_31_3.2.189_BUY_M15": 0.13758430339236397,
      "USDCAD_32_4.16.175_BUY_M15": 0.17006214432868336,
      "USDCAD_33_5.11.180_BUY_M15": 0.08300090093863577,
      "USDCAD_34_1.8.187_BUY_M15": 0.12402932221459341,
      "USDCAD_51_6.27.122_BUY_M15": 0.12049136537653678,
      "USDCAD_77_3.51.113_SELL_M15": 0.008690786057291067,
      "USDCHF_35_3.1.133_SELL_M15": -0.021600193865839543,
      "USDCHF_36_4.5.112_SELL_M15": 0.01860613771218179,
      "USDCHF_52_3.17.186_BOTH_M15": 0.04741007728489519,
      "USDCHF_53_6.47.153_BOTH_M15": 0.09861436952177138,
      "USDCHF_55_6.23.134_BUY_M15": 0.10777962640245167,
      "USDJPY_37_0.18430_BUY_M15": 0.013606847965380092,
      "USDJPY_38_1.35.168_BUY_M15": 0.03365892171681126,
      "USDJPY_39_6.27.190_BUY_M15": 0.036059020695873044,
      "USDJPY_40_2.4.138_BUY_M15": 0.0030948599775707753,
      "USDJPY_41_2.5.172_BUY_M15": 0.030332382405513246,
      "USDJPY_57_4.8.181_BUY_M15": 0.05995682685623526,
      "USOIL.cash_42_1.25.121_BUY_M15": 0.00973774334591362,
      "USOIL.cash_43_5.11.112_BUY_M15": -0.04294393579488511,
      "USOIL.cash_44_6.17.127_BUY_M15": -0.000902510863282689,
      "USOIL.cash_54_4.18.190_BOTH_M15": -0.000902510863282689,
      "XAUUSD_45_2.13.130_BUY_M15": -0.04591205301384288,
      "XAUUSD_58_5.6.136_BUY_M15": -0.031239619787206352
    },
    "drawdown_correlation_row": {
      "AUDJPY_1_3.14.146_BUY_M15": 0.09766996596940852,
      "AUDJPY_2_5.20.109_BUY_M15": 0.22291113034749452,
      "AUDJPY_3_3.19_BUY_M15": -0.21870981295573844,
      "AUDJPY_46_3.50.181_BUY_M15": 0.4016710301632248,
      "AUDJPY_47_6.30.171_BOTH_M15": 0.20294222178578072,
      "AUDJPY_56_1.14.109_BUY_M15": 0.20450272375622183,
      "AUDJPY_78_3.7.108_BUY_M15": -0.21509752552495295,
      "AUDUSD_48_5.8.189_SELL_M15": -0.06989063669151456,
      "AUDUSD_4_3.27.109_SELL_M15": -0.0797523248657698,
      "AUDUSD_5_6.3.178_SELL_M15": -0.14869476400647222,
      "AUDUSD_60_1.31.145_SELL_M15": 0.08263324729845124,
      "AUDUSD_61_6.25.174_SELL_M15": 1.0,
      "AUDUSD_6_5.9.126_SELL_M15": -0.060912303699707085,
      "EURGBP_10_5.21.111_SELL_M15": -0.2428068442041934,
      "EURGBP_49_2.36.141_BOTH_M15": 0.12940775976031715,
      "EURGBP_62_3.31.132_BUY_M15": -0.025480846845092112,
      "EURGBP_63_4.21.189_SELL_M15": 0.17734925942389973,
      "EURGBP_70_2.27.108_SELL_M15": -0.23553324530405073,
      "EURGBP_7_3.16.177_SELL_M15": 0.1592593555239245,
      "EURGBP_8_6.1.186_SELL_M15": -0.09497469304075462,
      "EURGBP_9_5.2.127_SELL_M15": 0.10486718382952337,
      "EURUSD_11_1.42.105_SELL_M15": 0.23283623278191937,
      "EURUSD_12_3.47.124_BUY_M15": -0.05052907669419242,
      "EURUSD_13_6.46.178_BUY_M15": -0.1202017331715828,
      "EURUSD_14_5.6.167_BUY_M15": -0.22544228475613962,
      "EURUSD_18_6.6.111_SELL_M15": -0.14428408225782816,
      "EURUSD_59_2.34.129_SELL_M15": 0.35414130480825634,
      "EURUSD_64_4.34.165_BUY_M15": -0.21326851406505398,
      "EURUSD_71_5.30.159_SELL_M15": 0.16160622292882004,
      "EURUSD_72_5.42.127_SELL_M15": 0.38934215627043667,
      "EURUSD_73_5.43.181_SELL_M15": -0.09880105825477331,
      "GBPJPY_50_5.35.116_BUY_M15": -0.21975138255081056,
      "GBPJPY_65_2.14.157_BUY_M15": -0.0326317075058347,
      "GBPJPY_66_4.17.131_BOTH_M15": -0.058406962217978024,
      "GBPJPY_67_4.19.99_BOTH_M15": -0.10437092600170868,
      "GBPUSD_19_0.13205_BUY_M15": 0.20485612763738864,
      "GBPUSD_20_1.32.126_BUY_M15": -0.36928166082190655,
      "GBPUSD_21_3.3.167_BUY_M15": -0.13091873364177303,
      "GBPUSD_22_6.11.100_SELL_M15": 0.24151778163559873,
      "GBPUSD_69_3.13.113_BUY_M15": -0.22349413771339388,
      "GBPUSD_74_6.52.179_SELL_M15": 0.18438334464234027,
      "NZDUSD_23_2.12.147_SELL_M15": 0.09453112269589466,
      "NZDUSD_24_4.41.120_SELL_M15": 0.18239481098272134,
      "NZDUSD_25_5.7.105_SELL_M15": -0.009514127587251916,
      "NZDUSD_26_2.6.180_SELL_M15": -0.05700366498290749,
      "NZDUSD_27_6.16.107_SELL_M15": 0.19015031254866382,
      "NZDUSD_75_4.73.120_SELL_M15": 0.2212935736689065,
      "NZDUSD_76_5.71.164_BUY_M15": -0.009037043030037398,