{
  "strategy_id": "AUDUSD_6_5.9.126_SELL_M15",
  "summary": {
    "strategy_id": "AUDUSD_6_5.9.126_SELL_M15",
    "symbol_count": 1,
    "side_mix": null,
    "trade_count": 752,
    "avg_return_correlation": 0.049011935155929644,
    "max_return_correlation": 0.37086752449026367,
    "avg_drawdown_correlation": 0.09056128177391162,
    "max_drawdown_correlation": 0.700152736627995,
    "avg_stress_overlap": 0.08027860055922337,
    "max_stress_overlap": 0.24242424242424243,
    "avg_symbol_overlap": 0.0684931506849315,
    "max_symbol_overlap": 1.0,
    "avg_side_overlap": 0.821917808219178,
    "max_side_overlap": 1.0,
    "correlation_penalty": 0.06978660846492063,
    "marginal_dd_contribution": -0.1778378378378136,
    "diversification_score": 0.9197064894538437,
    "portfolio_fit_score": 0.70984435283503,
    "cluster_membership": "CLUSTER_10"
  },
  "peer_snapshot": {
    "return_correlation_row": {
      "AUDJPY_1_3.14.146_BUY_M15": -0.11001627852487164,
      "AUDJPY_2_5.20.109_BUY_M15": -0.19701969151671891,
      "AUDJPY_3_3.19_BUY_M15": -0.1378250807694782,
      "AUDJPY_46_3.50.181_BUY_M15": -0.15060075977192713,
      "AUDJPY_47_6.30.171_BOTH_M15": -0.10993616329571844,
      "AUDJPY_56_1.14.109_BUY_M15": -0.15457917620845663,
      "AUDJPY_78_3.7.108_BUY_M15": -0.13718247303755865,
      "AUDUSD_48_5.8.189_SELL_M15": 0.23005324295551235,
      "AUDUSD_4_3.27.109_SELL_M15": 0.25393222735222487,
      "AUDUSD_5_6.3.178_SELL_M15": 0.29494096060751074,
      "AUDUSD_60_1.31.145_SELL_M15": 0.37086752449026367,
      "AUDUSD_61_6.25.174_SELL_M15": 0.11732601634496845,
      "AUDUSD_6_5.9.126_SELL_M15": 1.0,
      "EURGBP_10_5.21.111_SELL_M15": 0.025176066774282194,
      "EURGBP_49_2.36.141_BOTH_M15": -0.039242337404835646,
      "EURGBP_62_3.31.132_BUY_M15": 0.032015477162589,
      "EURGBP_63_4.21.189_SELL_M15": 0.019329428833922805,
      "EURGBP_70_2.27.108_SELL_M15": 0.015300269952656036,
      "EURGBP_7_3.16.177_SELL_M15": -0.03564340410092803,
      "EURGBP_8_6.1.186_SELL_M15": 0.0047230052724010875,
      "EURGBP_9_5.2.127_SELL_M15": -0.0041380052880616355,
      "EURUSD_11_1.42.105_SELL_M15": 0.09807078018591503,
      "EURUSD_12_3.47.124_BUY_M15": -0.1106199553543068,
      "EURUSD_13_6.46.178_BUY_M15": -0.09333628289564273,
      "EURUSD_14_5.6.167_BUY_M15": -0.12391145229699506,
      "EURUSD_18_6.6.111_SELL_M15": 0.16987004990221133,
      "EURUSD_59_2.34.129_SELL_M15": 0.18362917512505747,
      "EURUSD_64_4.34.165_BUY_M15": -0.06747813982466877,
      "EURUSD_71_5.30.159_SELL_M15": 0.15745877024230273,
      "EURUSD_72_5.42.127_SELL_M15": 0.18457156976503666,
      "EURUSD_73_5.43.181_SELL_M15": 0.1583778890929688,
      "GBPJPY_50_5.35.116_BUY_M15": -0.0290638596339351,
      "GBPJPY_65_2.14.157_BUY_M15": -0.07727842139577762,
      "GBPJPY_66_4.17.131_BOTH_M15": -0.06241822580604047,
      "GBPJPY_67_4.19.99_BOTH_M15": -0.06355917389773175,
      "GBPUSD_19_0.13205_BUY_M15": -0.07197264781143096,
      "GBPUSD_20_1.32.126_BUY_M15": -0.07980569895863199,
      "GBPUSD_21_3.3.167_BUY_M15": -0.18809918363501968,
      "GBPUSD_22_6.11.100_SELL_M15": 0.11565053171074231,
      "GBPUSD_69_3.13.113_BUY_M15": 0.1775822759330979,
      "GBPUSD_74_6.52.179_SELL_M15": 0.15629025650974826,
      "NZDUSD_23_2.12.147_SELL_M15": 0.1269548025235866,
      "NZDUSD_24_4.41.120_SELL_M15": 0.1953659183804208,
      "NZDUSD_25_5.7.105_SELL_M15": 0.30059922116353793,
      "NZDUSD_26_2.6.180_SELL_M15": 0.2858978238781885,
      "NZDUSD_27_6.16.107_SELL_M15": 0.2566460214267756,
      "NZDUSD_75_4.73.120_SELL_M15": 0.19187009737994182,
      "NZDUSD_76_5.71.164_BUY_M15": -0.13631483023060317,
      "US500.cash_28_3.8.114_BUY_M15": -0.12155788558429675,
      "US500.cash_29_3.32.156_BUY_M15": -0.03792589249854838,
      "USDCAD_30_2.34.141_BUY_M15": 0.16330913657753965,
      "USDCAD_31_3.2.189_BUY_M15": 0.21854973828133273,
      "USDCAD_32_4.16.175_BUY_M15": 0.2646924757402127,
      "USDCAD_33_5.11.180_BUY_M15": 0.14359724931924425,
      "USDCAD_34_1.8.187_BUY_M15": 0.2462232568881042,
      "USDCAD_51_6.27.122_BUY_M15": 0.24361626712546375,
      "USDCAD_77_3.51.113_SELL_M15": -0.008362946194407925,
      "USDCHF_35_3.1.133_SELL_M15": -0.1104541880862588,
      "USDCHF_36_4.5.112_SELL_M15": 0.09963310768564036,
      "USDCHF_52_3.17.186_BOTH_M15": -0.049288172074137646,
      "USDCHF_53_6.47.153_BOTH_M15": 0.11261634382568712,
      "USDCHF_55_6.23.134_BUY_M15": 0.08770221519528366,
      "USDJPY_37_0.18430_BUY_M15": 0.12592968469225327,
      "USDJPY_38_1.35.168_BUY_M15": 0.05789198834751245,
      "USDJPY_39_6.27.190_BUY_M15": 0.11205143878450897,
      "USDJPY_40_2.4.138_BUY_M15": 0.0912008579504017,
      "USDJPY_41_2.5.172_BUY_M15": 0.14844248334680293,
      "USDJPY_57_4.8.181_BUY_M15": 0.12470083896780679,
      "USOIL.cash_42_1.25.121_BUY_M15": 0.016999026817121243,
      "USOIL.cash_43_5.11.112_BUY_M15": -0.05509613165433693,
      "USOIL.cash_44_6.17.127_BUY_M15": -0.0458514278724605,
      "USOIL.cash_54_4.18.190_BOTH_M15": -0.0458514278724605,
      "XAUUSD_45_2.13.130_BUY_M15": -0.10176549581363635,
      "XAUUSD_58_5.6.136_BUY_M15": -0.04558943681803256
    },
    "drawdown_correlation_row": {
      "AUDJPY_1_3.14.146_BUY_M15": -0.1157157452796456,
      "AUDJPY_2_5.20.109_BUY_M15": -0.25221972725629194,
      "AUDJPY_3_3.19_BUY_M15": 0.06150767965715755,
      "AUDJPY_46_3.50.181_BUY_M15": -0.2935817761623844,
      "AUDJPY_47_6.30.171_BOTH_M15": -0.2245746755522987,
      "AUDJPY_56_1.14.109_BUY_M15": -0.015472726969383989,
      "AUDJPY_78_3.7.108_BUY_M15": 0.05602429016607658,
      "AUDUSD_48_5.8.189_SELL_M15": 0.0452962257019513,
      "AUDUSD_4_3.27.109_SELL_M15": 0.34534681299012177,
      "AUDUSD_5_6.3.178_SELL_M15": 0.2777130274849276,
      "AUDUSD_60_1.31.145_SELL_M15": 0.33554567402163,
      "AUDUSD_61_6.25.174_SELL_M15": -0.060912303699707085,
      "AUDUSD_6_5.9.126_SELL_M15": 1.0,
      "EURGBP_10_5.21.111_SELL_M15": 0.39193532230190303,
      "EURGBP_49_2.36.141_BOTH_M15": -0.037852501946464244,
      "EURGBP_62_3.31.132_BUY_M15": 0.25031538476620757,
      "EURGBP_63_4.21.189_SELL_M15": 0.3491394447463123,
      "EURGBP_70_2.27.108_SELL_M15": 0.40067793989474243,
      "EURGBP_7_3.16.177_SELL_M15": 0.46593236841367464,
      "EURGBP_8_6.1.186_SELL_M15": 0.3497496444139186,
      "EURGBP_9_5.2.127_SELL_M15": 0.2757428457783272,
      "EURUSD_11_1.42.105_SELL_M15": -0.05540475791256222,
      "EURUSD_12_3.47.124_BUY_M15": 0.1299355541344554,
      "EURUSD_13_6.46.178_BUY_M15": -0.22302463984398446,
      "EURUSD_14_5.6.167_BUY_M15": 0.3429905986560719,
      "EURUSD_18_6.6.111_SELL_M15": 0.2520206868232231,
      "EURUSD_59_2.34.129_SELL_M15": -0.12878414665496302,
      "EURUSD_64_4.34.165_BUY_M15": -0.2519845016645314,
      "EURUSD_71_5.30.159_SELL_M15": -0.1450972442008946,
      "EURUSD_72_5.42.127_SELL_M15": -0.2184542735090375,
      "EURUSD_73_5.43.181_SELL_M15": 0.02497126746634702,
      "GBPJPY_50_5.35.116_BUY_M15": -0.28640347169291214,
      "GBPJPY_65_2.14.157_BUY_M15": 0.026615208167210636,
      "GBPJPY_66_4.17.131_BOTH_M15": -0.019055756205626672,
      "GBPJPY_67_4.19.99_BOTH_M15": -0.07945257523490311,
      "GBPUSD_19_0.13205_BUY_M15": 0.15044782771162749,
      "GBPUSD_20_1.32.126_BUY_M15": 0.28719618052811385,
      "GBPUSD_21_3.3.167_BUY_M15": -0.037375377630894685,
      "GBPUSD_22_6.11.100_SELL_M15": -0.04601431264188566,
      "GBPUSD_69_3.13.113_BUY_M15": 0.09469629750961304,
      "GBPUSD_74_6.52.179_SELL_M15": -0.033068296138885685,
      "NZDUSD_23_2.12.147_SELL_M15": 0.06847515825008402,
      "NZDUSD_24_4.41.120_SELL_M15": 0.2003523727457468,
      "NZDUSD_25_5.7.105_SELL_M15": 0.700152736627995,
      "NZDUSD_26_2.6.180_SELL_M15": 0.3330471405861518,
      "NZDUSD_27_6.16.107_SELL_M15": 0.45476578146279456,
      "NZDUSD_75_4.73.120_SELL_M15": -0.03888423328384996,
      "NZDUSD_76_5.71.164_BUY_M15": 0.24690864439975635,