{
  "strategy_id": "AUDUSD_48_5.8.189_SELL_M15",
  "summary": {
    "strategy_id": "AUDUSD_48_5.8.189_SELL_M15",
    "symbol_count": 1,
    "side_mix": null,
    "trade_count": 839,
    "avg_return_correlation": 0.0561544450536737,
    "max_return_correlation": 0.38504164599940116,
    "avg_drawdown_correlation": 0.0382197319706482,
    "max_drawdown_correlation": 0.5518610121673146,
    "avg_stress_overlap": 0.08210701887246752,
    "max_stress_overlap": 0.23232323232323232,
    "avg_symbol_overlap": 0.0684931506849315,
    "max_symbol_overlap": 1.0,
    "avg_side_overlap": 0.821917808219178,
    "max_side_overlap": 1.0,
    "correlation_penalty": 0.047187088512160955,
    "marginal_dd_contribution": 0.0036690114772284232,
    "diversification_score": 0.91571941024896,
    "portfolio_fit_score": 0.7078598885750539,
    "cluster_membership": "CLUSTER_07"
  },
  "peer_snapshot": {
    "return_correlation_row": {
      "AUDJPY_1_3.14.146_BUY_M15": -0.08527873367388825,
      "AUDJPY_2_5.20.109_BUY_M15": -0.16507832869973404,
      "AUDJPY_3_3.19_BUY_M15": -0.16454847920198018,
      "AUDJPY_46_3.50.181_BUY_M15": -0.10651951543666548,
      "AUDJPY_47_6.30.171_BOTH_M15": -0.08433435279838784,
      "AUDJPY_56_1.14.109_BUY_M15": -0.1649673370373228,
      "AUDJPY_78_3.7.108_BUY_M15": -0.16370339813664983,
      "AUDUSD_48_5.8.189_SELL_M15": 1.0,
      "AUDUSD_4_3.27.109_SELL_M15": 0.2954094788009047,
      "AUDUSD_5_6.3.178_SELL_M15": 0.38504164599940116,
      "AUDUSD_60_1.31.145_SELL_M15": 0.22960581830207857,
      "AUDUSD_61_6.25.174_SELL_M15": 0.2562335881754267,
      "AUDUSD_6_5.9.126_SELL_M15": 0.23005324295551235,
      "EURGBP_10_5.21.111_SELL_M15": -0.03312198818345695,
      "EURGBP_49_2.36.141_BOTH_M15": -0.02553063274230877,
      "EURGBP_62_3.31.132_BUY_M15": 0.05860822704606972,
      "EURGBP_63_4.21.189_SELL_M15": -0.03292289008334268,
      "EURGBP_70_2.27.108_SELL_M15": 0.00184278775987995,
      "EURGBP_7_3.16.177_SELL_M15": 0.009906862409093185,
      "EURGBP_8_6.1.186_SELL_M15": -0.020771623246904947,
      "EURGBP_9_5.2.127_SELL_M15": -0.030009825689827272,
      "EURUSD_11_1.42.105_SELL_M15": 0.12794821592151204,
      "EURUSD_12_3.47.124_BUY_M15": -0.09465148629194849,
      "EURUSD_13_6.46.178_BUY_M15": -0.07401359011777497,
      "EURUSD_14_5.6.167_BUY_M15": -0.0965991741527787,
      "EURUSD_18_6.6.111_SELL_M15": 0.16954759886397397,
      "EURUSD_59_2.34.129_SELL_M15": 0.22122147981919735,
      "EURUSD_64_4.34.165_BUY_M15": -0.10441243429491504,
      "EURUSD_71_5.30.159_SELL_M15": 0.1737285043892034,
      "EURUSD_72_5.42.127_SELL_M15": 0.14557059766669758,
      "EURUSD_73_5.43.181_SELL_M15": 0.1644148883324561,
      "GBPJPY_50_5.35.116_BUY_M15": -0.046663205036784464,
      "GBPJPY_65_2.14.157_BUY_M15": -0.058283979501487025,
      "GBPJPY_66_4.17.131_BOTH_M15": -0.07085061804622825,
      "GBPJPY_67_4.19.99_BOTH_M15": -0.07275741161922086,
      "GBPUSD_19_0.13205_BUY_M15": -0.07409968353771637,
      "GBPUSD_20_1.32.126_BUY_M15": -0.10904602356145257,
      "GBPUSD_21_3.3.167_BUY_M15": -0.21830486976731173,
      "GBPUSD_22_6.11.100_SELL_M15": 0.11026480981138682,
      "GBPUSD_69_3.13.113_BUY_M15": 0.1660369379922642,
      "GBPUSD_74_6.52.179_SELL_M15": 0.15511299162252792,
      "NZDUSD_23_2.12.147_SELL_M15": 0.18893752360157764,
      "NZDUSD_24_4.41.120_SELL_M15": 0.12338868498413659,
      "NZDUSD_25_5.7.105_SELL_M15": 0.3056743126101408,
      "NZDUSD_26_2.6.180_SELL_M15": 0.3806995773333791,
      "NZDUSD_27_6.16.107_SELL_M15": 0.3004214467767919,
      "NZDUSD_75_4.73.120_SELL_M15": 0.259779376274431,
      "NZDUSD_76_5.71.164_BUY_M15": -0.126773204169107,
      "US500.cash_28_3.8.114_BUY_M15": -0.14225026390328332,
      "US500.cash_29_3.32.156_BUY_M15": -0.013396046964136004,
      "USDCAD_30_2.34.141_BUY_M15": 0.16965438790716106,
      "USDCAD_31_3.2.189_BUY_M15": 0.24067505717706134,
      "USDCAD_32_4.16.175_BUY_M15": 0.2896287584575975,
      "USDCAD_33_5.11.180_BUY_M15": 0.16984041701426197,
      "USDCAD_34_1.8.187_BUY_M15": 0.21925009179187477,
      "USDCAD_51_6.27.122_BUY_M15": 0.24087268531689682,
      "USDCAD_77_3.51.113_SELL_M15": -0.05863306404594464,
      "USDCHF_35_3.1.133_SELL_M15": -0.044347048127882614,
      "USDCHF_36_4.5.112_SELL_M15": 0.09741471998422163,
      "USDCHF_52_3.17.186_BOTH_M15": -0.042972890098989865,
      "USDCHF_53_6.47.153_BOTH_M15": 0.17154108723940265,
      "USDCHF_55_6.23.134_BUY_M15": 0.15034520557064462,
      "USDJPY_37_0.18430_BUY_M15": 0.07278594530358157,
      "USDJPY_38_1.35.168_BUY_M15": 0.06699059798969689,
      "USDJPY_39_6.27.190_BUY_M15": 0.12160374369730848,
      "USDJPY_40_2.4.138_BUY_M15": 0.10927434403211514,
      "USDJPY_41_2.5.172_BUY_M15": 0.11908727572015741,
      "USDJPY_57_4.8.181_BUY_M15": 0.11384195881083237,
      "USOIL.cash_42_1.25.121_BUY_M15": 0.002638883191760264,
      "USOIL.cash_43_5.11.112_BUY_M15": -0.05994017397932644,
      "USOIL.cash_44_6.17.127_BUY_M15": -0.0017134176378265128,
      "USOIL.cash_54_4.18.190_BOTH_M15": -0.0017134176378265128,
      "XAUUSD_45_2.13.130_BUY_M15": -0.07394350550619815,
      "XAUUSD_58_5.6.136_BUY_M15": -0.05346665480582825
    },
    "drawdown_correlation_row": {
      "AUDJPY_1_3.14.146_BUY_M15": -0.19954118889847455,
      "AUDJPY_2_5.20.109_BUY_M15": -0.00022251754611544422,
      "AUDJPY_3_3.19_BUY_M15": -0.041583133752033,
      "AUDJPY_46_3.50.181_BUY_M15": -0.28728331111062766,
      "AUDJPY_47_6.30.171_BOTH_M15": -0.1611393554928577,
      "AUDJPY_56_1.14.109_BUY_M15": -0.11243879220819614,
      "AUDJPY_78_3.7.108_BUY_M15": -0.042236967721813914,
      "AUDUSD_48_5.8.189_SELL_M15": 1.0,
      "AUDUSD_4_3.27.109_SELL_M15": 0.318575224483791,
      "AUDUSD_5_6.3.178_SELL_M15": 0.5518610121673146,
      "AUDUSD_60_1.31.145_SELL_M15": 0.14010079266297143,
      "AUDUSD_61_6.25.174_SELL_M15": -0.06989063669151456,
      "AUDUSD_6_5.9.126_SELL_M15": 0.0452962257019513,
      "EURGBP_10_5.21.111_SELL_M15": 0.05097351230206072,
      "EURGBP_49_2.36.141_BOTH_M15": 0.22859450787958227,
      "EURGBP_62_3.31.132_BUY_M15": 0.011628705431504712,
      "EURGBP_63_4.21.189_SELL_M15": -0.14293296359675683,
      "EURGBP_70_2.27.108_SELL_M15": 0.2250643477689007,
      "EURGBP_7_3.16.177_SELL_M15": -0.22646098698048167,
      "EURGBP_8_6.1.186_SELL_M15": -0.04591327678510472,
      "EURGBP_9_5.2.127_SELL_M15": -0.0774428753143047,
      "EURUSD_11_1.42.105_SELL_M15": -0.13741936972187518,
      "EURUSD_12_3.47.124_BUY_M15": 0.12244621207537904,
      "EURUSD_13_6.46.178_BUY_M15": 0.14398224835943674,
      "EURUSD_14_5.6.167_BUY_M15": -0.008849464963133446,
      "EURUSD_18_6.6.111_SELL_M15": 0.03508825829916632,
      "EURUSD_59_2.34.129_SELL_M15": 0.19123089160627157,
      "EURUSD_64_4.34.165_BUY_M15": 0.38714758098071755,
      "EURUSD_71_5.30.159_SELL_M15": 0.25152714973380325,
      "EURUSD_72_5.42.127_SELL_M15": -0.17726735245558112,
      "EURUSD_73_5.43.181_SELL_M15": 0.28334354229253267,
      "GBPJPY_50_5.35.116_BUY_M15": 0.3611752096642778,
      "GBPJPY_65_2.14.157_BUY_M15": -0.0904040092119987,
      "GBPJPY_66_4.17.131_BOTH_M15": 0.26797269919155114,
      "GBPJPY_67_4.19.99_BOTH_M15": 0.2945864348063395,
      "GBPUSD_19_0.13205_BUY_M15": 0.10001855085670892,
      "GBPUSD_20_1.32.126_BUY_M15": 0.3113693259592144,
      "GBPUSD_21_3.3.167_BUY_M15": -0.15549161368509043,
      "GBPUSD_22_6.11.100_SELL_M15": -0.07247896925098975,
      "GBPUSD_69_3.13.113_BUY_M15": -0.04586627875843864,
      "GBPUSD_74_6.52.179_SELL_M15": -0.15954485334866889,
      "NZDUSD_23_2.12.147_SELL_M15": 0.03592411588878915,
      "NZDUSD_24_4.41.120_SELL_M15": 0.017810105897857524,
      "NZDUSD_25_5.7.105_SELL_M15": 0.2500846584785028,
      "NZDUSD_26_2.6.180_SELL_M15": 0.25402680085056917,
      "NZDUSD_27_6.16.107_SELL_M15": 0.019919588408435576,
      "NZDUSD_75_4.73.120_SELL_M15": 0.27562563442619253,
      "NZDUSD_76_5.71.164_BUY_M15": -0.3041874679332651,