{
  "strategy_id": "AUDUSD_60_1.31.145_SELL_M15",
  "summary": {
    "strategy_id": "AUDUSD_60_1.31.145_SELL_M15",
    "symbol_count": 1,
    "side_mix": null,
    "trade_count": 556,
    "avg_return_correlation": 0.059619039421371416,
    "max_return_correlation": 0.5040746492801451,
    "avg_drawdown_correlation": 0.050628173286222856,
    "max_drawdown_correlation": 0.6970220941050201,
    "avg_stress_overlap": 0.08463243112582293,
    "max_stress_overlap": 0.38202247191011235,
    "avg_symbol_overlap": 0.0684931506849315,
    "max_symbol_overlap": 1.0,
    "avg_side_overlap": 0.821917808219178,
    "max_side_overlap": 1.0,
    "correlation_penalty": 0.055123606353797136,
    "marginal_dd_contribution": -0.8983857830433095,
    "diversification_score": 0.9130571850840475,
    "portfolio_fit_score": 0.7064836732528716,
    "cluster_membership": "CLUSTER_08"
  },
  "peer_snapshot": {
    "return_correlation_row": {
      "AUDJPY_1_3.14.146_BUY_M15": -0.09666611762490988,
      "AUDJPY_2_5.20.109_BUY_M15": -0.09174172622810879,
      "AUDJPY_3_3.19_BUY_M15": -0.06552165072333657,
      "AUDJPY_46_3.50.181_BUY_M15": -0.12265881644136055,
      "AUDJPY_47_6.30.171_BOTH_M15": -0.09451213945407315,
      "AUDJPY_56_1.14.109_BUY_M15": -0.12375616002998222,
      "AUDJPY_78_3.7.108_BUY_M15": -0.0731636583617564,
      "AUDUSD_48_5.8.189_SELL_M15": 0.22960581830207857,
      "AUDUSD_4_3.27.109_SELL_M15": 0.5040746492801451,
      "AUDUSD_5_6.3.178_SELL_M15": 0.3332026448658834,
      "AUDUSD_60_1.31.145_SELL_M15": 1.0,
      "AUDUSD_61_6.25.174_SELL_M15": 0.16536504171841102,
      "AUDUSD_6_5.9.126_SELL_M15": 0.37086752449026367,
      "EURGBP_10_5.21.111_SELL_M15": 0.04571298707748004,
      "EURGBP_49_2.36.141_BOTH_M15": -0.020751682428166537,
      "EURGBP_62_3.31.132_BUY_M15": 0.06726482786851036,
      "EURGBP_63_4.21.189_SELL_M15": 0.04381027956682546,
      "EURGBP_70_2.27.108_SELL_M15": 0.017710980306407914,
      "EURGBP_7_3.16.177_SELL_M15": 0.03587682088649963,
      "EURGBP_8_6.1.186_SELL_M15": -0.019170380452940387,
      "EURGBP_9_5.2.127_SELL_M15": 0.028721823012069575,
      "EURUSD_11_1.42.105_SELL_M15": 0.1420585288646348,
      "EURUSD_12_3.47.124_BUY_M15": -0.035643908799649744,
      "EURUSD_13_6.46.178_BUY_M15": -0.004881838912472922,
      "EURUSD_14_5.6.167_BUY_M15": -0.06113188601970702,
      "EURUSD_18_6.6.111_SELL_M15": 0.11415576538013922,
      "EURUSD_59_2.34.129_SELL_M15": 0.13658053244798424,
      "EURUSD_64_4.34.165_BUY_M15": -0.023145461760138684,
      "EURUSD_71_5.30.159_SELL_M15": 0.15673461878881617,
      "EURUSD_72_5.42.127_SELL_M15": 0.164900844462581,
      "EURUSD_73_5.43.181_SELL_M15": 0.09253553822672352,
      "GBPJPY_50_5.35.116_BUY_M15": -0.05745747938744706,
      "GBPJPY_65_2.14.157_BUY_M15": -0.050467433730718034,
      "GBPJPY_66_4.17.131_BOTH_M15": -0.02584032276252937,
      "GBPJPY_67_4.19.99_BOTH_M15": -0.04135640466517932,
      "GBPUSD_19_0.13205_BUY_M15": -0.09869289370857574,
      "GBPUSD_20_1.32.126_BUY_M15": -0.159290109801591,
      "GBPUSD_21_3.3.167_BUY_M15": -0.10566973593503157,
      "GBPUSD_22_6.11.100_SELL_M15": 0.07722358042243357,
      "GBPUSD_69_3.13.113_BUY_M15": 0.09908957506230745,
      "GBPUSD_74_6.52.179_SELL_M15": 0.18507958008675968,
      "NZDUSD_23_2.12.147_SELL_M15": 0.13879383443293128,
      "NZDUSD_24_4.41.120_SELL_M15": 0.11903168073551548,
      "NZDUSD_25_5.7.105_SELL_M15": 0.3652322676294941,
      "NZDUSD_26_2.6.180_SELL_M15": 0.33899554877372745,
      "NZDUSD_27_6.16.107_SELL_M15": 0.176878835111938,
      "NZDUSD_75_4.73.120_SELL_M15": 0.19314152719219052,
      "NZDUSD_76_5.71.164_BUY_M15": -0.09153245906611915,
      "US500.cash_28_3.8.114_BUY_M15": -0.08978538472220751,
      "US500.cash_29_3.32.156_BUY_M15": -0.029295591102592524,
      "USDCAD_30_2.34.141_BUY_M15": 0.2480488619984584,
      "USDCAD_31_3.2.189_BUY_M15": 0.22776766939878124,
      "USDCAD_32_4.16.175_BUY_M15": 0.25140572196727706,
      "USDCAD_33_5.11.180_BUY_M15": 0.08503836844563448,
      "USDCAD_34_1.8.187_BUY_M15": 0.1495429500224783,
      "USDCAD_51_6.27.122_BUY_M15": 0.18270277223624312,
      "USDCAD_77_3.51.113_SELL_M15": 0.05327400627146475,
      "USDCHF_35_3.1.133_SELL_M15": -0.02747798415783369,
      "USDCHF_36_4.5.112_SELL_M15": 0.03332933230908963,
      "USDCHF_52_3.17.186_BOTH_M15": -0.04147651250792754,
      "USDCHF_53_6.47.153_BOTH_M15": 0.14809643667673858,
      "USDCHF_55_6.23.134_BUY_M15": 0.10279678104575303,
      "USDJPY_37_0.18430_BUY_M15": 0.08013693615142738,
      "USDJPY_38_1.35.168_BUY_M15": 0.025283092915221114,
      "USDJPY_39_6.27.190_BUY_M15": 0.05842902644040147,
      "USDJPY_40_2.4.138_BUY_M15": 0.0833114505242471,
      "USDJPY_41_2.5.172_BUY_M15": 0.10338899695076677,
      "USDJPY_57_4.8.181_BUY_M15": 0.04550699735318998,
      "USOIL.cash_42_1.25.121_BUY_M15": 0.005074110510236608,
      "USOIL.cash_43_5.11.112_BUY_M15": -0.061550652580205555,
      "USOIL.cash_44_6.17.127_BUY_M15": -0.03832158360552126,
      "USOIL.cash_54_4.18.190_BOTH_M15": -0.03832158360552126,
      "XAUUSD_45_2.13.130_BUY_M15": -0.07748887704603491,
      "XAUUSD_58_5.6.136_BUY_M15": -0.00681885282840909
    },
    "drawdown_correlation_row": {
      "AUDJPY_1_3.14.146_BUY_M15": -0.25589814448361686,
      "AUDJPY_2_5.20.109_BUY_M15": -0.1929331372006466,
      "AUDJPY_3_3.19_BUY_M15": -0.19918997767412303,
      "AUDJPY_46_3.50.181_BUY_M15": -0.28559121365603013,
      "AUDJPY_47_6.30.171_BOTH_M15": -0.3853988659660586,
      "AUDJPY_56_1.14.109_BUY_M15": -0.03619598287804557,
      "AUDJPY_78_3.7.108_BUY_M15": -0.2036182376578901,
      "AUDUSD_48_5.8.189_SELL_M15": 0.14010079266297143,
      "AUDUSD_4_3.27.109_SELL_M15": 0.6970220941050201,
      "AUDUSD_5_6.3.178_SELL_M15": 0.4146882551993738,
      "AUDUSD_60_1.31.145_SELL_M15": 1.0,
      "AUDUSD_61_6.25.174_SELL_M15": 0.08263324729845124,
      "AUDUSD_6_5.9.126_SELL_M15": 0.33554567402163,
      "EURGBP_10_5.21.111_SELL_M15": 0.27810512388943814,
      "EURGBP_49_2.36.141_BOTH_M15": -0.053236782670260704,
      "EURGBP_62_3.31.132_BUY_M15": 0.40496545203121176,
      "EURGBP_63_4.21.189_SELL_M15": 0.023224885453999866,
      "EURGBP_70_2.27.108_SELL_M15": 0.37851843652099226,
      "EURGBP_7_3.16.177_SELL_M15": 0.08787087435699181,
      "EURGBP_8_6.1.186_SELL_M15": 0.03504576961681823,
      "EURGBP_9_5.2.127_SELL_M15": -0.0305618878693631,
      "EURUSD_11_1.42.105_SELL_M15": 0.09505075464680376,
      "EURUSD_12_3.47.124_BUY_M15": 0.22450296119416474,
      "EURUSD_13_6.46.178_BUY_M15": -0.15152927871814573,
      "EURUSD_14_5.6.167_BUY_M15": 0.09108863135604384,
      "EURUSD_18_6.6.111_SELL_M15": 0.05430523863104912,
      "EURUSD_59_2.34.129_SELL_M15": 0.1721555247871958,
      "EURUSD_64_4.34.165_BUY_M15": -0.06041858749540678,
      "EURUSD_71_5.30.159_SELL_M15": 0.347419162034652,
      "EURUSD_72_5.42.127_SELL_M15": -0.2960662877124336,
      "EURUSD_73_5.43.181_SELL_M15": 0.012155809855972565,
      "GBPJPY_50_5.35.116_BUY_M15": -0.33547886684026557,
      "GBPJPY_65_2.14.157_BUY_M15": 0.12840838016377004,
      "GBPJPY_66_4.17.131_BOTH_M15": 0.07885826914628259,
      "GBPJPY_67_4.19.99_BOTH_M15": -0.024627302149320525,
      "GBPUSD_19_0.13205_BUY_M15": -0.035790445061283496,
      "GBPUSD_20_1.32.126_BUY_M15": 0.013680509606662922,
      "GBPUSD_21_3.3.167_BUY_M15": -0.49767606792353936,
      "GBPUSD_22_6.11.100_SELL_M15": 0.18186873795376188,
      "GBPUSD_69_3.13.113_BUY_M15": -0.24564652123970943,
      "GBPUSD_74_6.52.179_SELL_M15": 0.23137717661982252,
      "NZDUSD_23_2.12.147_SELL_M15": 0.3614012838459594,
      "NZDUSD_24_4.41.120_SELL_M15": 0.06536828653264173,
      "NZDUSD_25_5.7.105_SELL_M15": 0.5156240909210416,
      "NZDUSD_26_2.6.180_SELL_M15": 0.5539648394482771,
      "NZDUSD_27_6.16.107_SELL_M15": 0.24075941409967833,
      "NZDUSD_75_4.73.120_SELL_M15": 0.2585269458053809,
      "NZDUSD_76_5.71.164_BUY_M15": -0.1406035516134571,