{
  "strategy_id": "AUDUSD_4_3.27.109_SELL_M15",
  "summary": {
    "strategy_id": "AUDUSD_4_3.27.109_SELL_M15",
    "symbol_count": 1,
    "side_mix": "SELL",
    "trade_count": 513,
    "avg_return_correlation": 0.06715418353188742,
    "max_return_correlation": 0.5712910518083508,
    "avg_drawdown_correlation": 0.07779237196591231,
    "max_drawdown_correlation": 0.6970220941050201,
    "avg_stress_overlap": 0.09220250864234021,
    "max_stress_overlap": 0.4583333333333333,
    "avg_symbol_overlap": 0.0684931506849315,
    "max_symbol_overlap": 1.0,
    "avg_side_overlap": 0.06164383561643835,
    "max_side_overlap": 1.0,
    "correlation_penalty": 0.07247327774889986,
    "marginal_dd_contribution": -1.8038652350980584,
    "diversification_score": 0.9063437532498106,
    "portfolio_fit_score": 0.7030816833631505,
    "cluster_membership": "CLUSTER_08"
  },
  "peer_snapshot": {
    "return_correlation_row": {
      "AUDJPY_1_3.14.146_BUY_M15": -0.1412711844138392,
      "AUDJPY_2_5.20.109_BUY_M15": -0.10965247015778443,
      "AUDJPY_3_3.19_BUY_M15": -0.06732762488810902,
      "AUDJPY_46_3.50.181_BUY_M15": -0.1102585727866614,
      "AUDJPY_47_6.30.171_BOTH_M15": -0.0803576972072766,
      "AUDJPY_56_1.14.109_BUY_M15": -0.1608381906136109,
      "AUDJPY_78_3.7.108_BUY_M15": -0.06707701755200626,
      "AUDUSD_48_5.8.189_SELL_M15": 0.2954094788009047,
      "AUDUSD_4_3.27.109_SELL_M15": 1.0,
      "AUDUSD_5_6.3.178_SELL_M15": 0.5712910518083508,
      "AUDUSD_60_1.31.145_SELL_M15": 0.5040746492801451,
      "AUDUSD_61_6.25.174_SELL_M15": 0.2706536416484386,
      "AUDUSD_6_5.9.126_SELL_M15": 0.25393222735222487,
      "EURGBP_10_5.21.111_SELL_M15": 0.018589473124337744,
      "EURGBP_49_2.36.141_BOTH_M15": -0.06119145914761023,
      "EURGBP_62_3.31.132_BUY_M15": 0.04329490579845081,
      "EURGBP_63_4.21.189_SELL_M15": 0.07848086048434957,
      "EURGBP_70_2.27.108_SELL_M15": 0.050693091844557094,
      "EURGBP_7_3.16.177_SELL_M15": 0.01111266266299064,
      "EURGBP_8_6.1.186_SELL_M15": -0.0046854777737203365,
      "EURGBP_9_5.2.127_SELL_M15": 0.03046997258304436,
      "EURUSD_11_1.42.105_SELL_M15": 0.12091372840788288,
      "EURUSD_12_3.47.124_BUY_M15": -0.03282596276358138,
      "EURUSD_13_6.46.178_BUY_M15": -0.02602739721331083,
      "EURUSD_14_5.6.167_BUY_M15": -0.02670919715128001,
      "EURUSD_18_6.6.111_SELL_M15": 0.14560552042399907,
      "EURUSD_59_2.34.129_SELL_M15": 0.1508098584982047,
      "EURUSD_64_4.34.165_BUY_M15": -0.010024184032878938,
      "EURUSD_71_5.30.159_SELL_M15": 0.18124134258844704,
      "EURUSD_72_5.42.127_SELL_M15": 0.13501942166353278,
      "EURUSD_73_5.43.181_SELL_M15": 0.105962680852808,
      "GBPJPY_50_5.35.116_BUY_M15": -0.03237243653322058,
      "GBPJPY_65_2.14.157_BUY_M15": -0.029188083832392,
      "GBPJPY_66_4.17.131_BOTH_M15": -0.019644763807854845,
      "GBPJPY_67_4.19.99_BOTH_M15": -0.024449359083468482,
      "GBPUSD_19_0.13205_BUY_M15": -0.06270890829637338,
      "GBPUSD_20_1.32.126_BUY_M15": -0.16095710887375358,
      "GBPUSD_21_3.3.167_BUY_M15": -0.09184547026400347,
      "GBPUSD_22_6.11.100_SELL_M15": 0.05198484951341569,
      "GBPUSD_69_3.13.113_BUY_M15": 0.08706242507278984,
      "GBPUSD_74_6.52.179_SELL_M15": 0.162152557813492,
      "NZDUSD_23_2.12.147_SELL_M15": 0.16969191364119923,
      "NZDUSD_24_4.41.120_SELL_M15": 0.14425389818529333,
      "NZDUSD_25_5.7.105_SELL_M15": 0.30165731336877366,
      "NZDUSD_26_2.6.180_SELL_M15": 0.37021581646398133,
      "NZDUSD_27_6.16.107_SELL_M15": 0.28451634319187047,
      "NZDUSD_75_4.73.120_SELL_M15": 0.2279295526020388,
      "NZDUSD_76_5.71.164_BUY_M15": -0.1129459609897324,
      "US500.cash_28_3.8.114_BUY_M15": -0.04952681588956521,
      "US500.cash_29_3.32.156_BUY_M15": 0.014037163053873447,
      "USDCAD_30_2.34.141_BUY_M15": 0.20164104185510193,
      "USDCAD_31_3.2.189_BUY_M15": 0.25620118714226175,
      "USDCAD_32_4.16.175_BUY_M15": 0.2741004224994383,
      "USDCAD_33_5.11.180_BUY_M15": 0.09919321681987307,
      "USDCAD_34_1.8.187_BUY_M15": 0.13729175814585556,
      "USDCAD_51_6.27.122_BUY_M15": 0.18965149599276757,
      "USDCAD_77_3.51.113_SELL_M15": 0.002902816335832252,
      "USDCHF_35_3.1.133_SELL_M15": -0.004397178555846644,
      "USDCHF_36_4.5.112_SELL_M15": 0.011046452120719528,
      "USDCHF_52_3.17.186_BOTH_M15": -0.025187496978623686,
      "USDCHF_53_6.47.153_BOTH_M15": 0.12366918749131628,
      "USDCHF_55_6.23.134_BUY_M15": 0.1283085219666572,
      "USDJPY_37_0.18430_BUY_M15": 0.06706133804429716,
      "USDJPY_38_1.35.168_BUY_M15": 0.025329485750318553,
      "USDJPY_39_6.27.190_BUY_M15": 0.04532179842655221,
      "USDJPY_40_2.4.138_BUY_M15": 0.0615711472162349,
      "USDJPY_41_2.5.172_BUY_M15": 0.09273765566685435,
      "USDJPY_57_4.8.181_BUY_M15": 0.06057993786983525,
      "USOIL.cash_42_1.25.121_BUY_M15": 0.016056742418724314,
      "USOIL.cash_43_5.11.112_BUY_M15": -0.030412500665241458,
      "USOIL.cash_44_6.17.127_BUY_M15": -0.02861714674764295,
      "USOIL.cash_54_4.18.190_BOTH_M15": -0.02861714674764295,
      "XAUUSD_45_2.13.130_BUY_M15": -0.0660282838611906,
      "XAUUSD_58_5.6.136_BUY_M15": -0.006320111836033266
    },
    "drawdown_correlation_row": {
      "AUDJPY_1_3.14.146_BUY_M15": -0.1035259364854563,
      "AUDJPY_2_5.20.109_BUY_M15": -0.20019353816513472,
      "AUDJPY_3_3.19_BUY_M15": -0.08556876812520434,
      "AUDJPY_46_3.50.181_BUY_M15": -0.20742692011489963,
      "AUDJPY_47_6.30.171_BOTH_M15": -0.27299618147442234,
      "AUDJPY_56_1.14.109_BUY_M15": -0.1270600579924534,
      "AUDJPY_78_3.7.108_BUY_M15": -0.09428325698177577,
      "AUDUSD_48_5.8.189_SELL_M15": 0.318575224483791,
      "AUDUSD_4_3.27.109_SELL_M15": 1.0,
      "AUDUSD_5_6.3.178_SELL_M15": 0.6499301833012513,
      "AUDUSD_60_1.31.145_SELL_M15": 0.6970220941050201,
      "AUDUSD_61_6.25.174_SELL_M15": -0.0797523248657698,
      "AUDUSD_6_5.9.126_SELL_M15": 0.34534681299012177,
      "EURGBP_10_5.21.111_SELL_M15": 0.3011181944818126,
      "EURGBP_49_2.36.141_BOTH_M15": -0.14782335354576046,
      "EURGBP_62_3.31.132_BUY_M15": 0.30705426402382907,
      "EURGBP_63_4.21.189_SELL_M15": -0.15655493445856808,
      "EURGBP_70_2.27.108_SELL_M15": 0.36070320956398744,
      "EURGBP_7_3.16.177_SELL_M15": 0.13597821351715433,
      "EURGBP_8_6.1.186_SELL_M15": 0.005145050752757045,
      "EURGBP_9_5.2.127_SELL_M15": -0.0008132904539738838,
      "EURUSD_11_1.42.105_SELL_M15": -0.0307430984193535,
      "EURUSD_12_3.47.124_BUY_M15": 0.22386056885434533,
      "EURUSD_13_6.46.178_BUY_M15": -0.06517146069637458,
      "EURUSD_14_5.6.167_BUY_M15": 0.21403184539613374,
      "EURUSD_18_6.6.111_SELL_M15": 0.08271585264949212,
      "EURUSD_59_2.34.129_SELL_M15": 0.061466303983728945,
      "EURUSD_64_4.34.165_BUY_M15": -0.08171164187461206,
      "EURUSD_71_5.30.159_SELL_M15": 0.3094393325629662,
      "EURUSD_72_5.42.127_SELL_M15": -0.20381043808632726,
      "EURUSD_73_5.43.181_SELL_M15": 0.13998124462399933,
      "GBPJPY_50_5.35.116_BUY_M15": -0.12696142653887624,
      "GBPJPY_65_2.14.157_BUY_M15": 0.17683454323619463,
      "GBPJPY_66_4.17.131_BOTH_M15": 0.12335238526177662,
      "GBPJPY_67_4.19.99_BOTH_M15": 0.06727161931538397,
      "GBPUSD_19_0.13205_BUY_M15": 0.04355298688374334,
      "GBPUSD_20_1.32.126_BUY_M15": 0.08973853048789872,
      "GBPUSD_21_3.3.167_BUY_M15": -0.21760784712200806,
      "GBPUSD_22_6.11.100_SELL_M15": 0.21211948310668413,
      "GBPUSD_69_3.13.113_BUY_M15": -0.20758129329047417,
      "GBPUSD_74_6.52.179_SELL_M15": 0.14159171065276607,
      "NZDUSD_23_2.12.147_SELL_M15": 0.38744660554768706,
      "NZDUSD_24_4.41.120_SELL_M15": 0.28594776119112414,
      "NZDUSD_25_5.7.105_SELL_M15": 0.4974128399832378,
      "NZDUSD_26_2.6.180_SELL_M15": 0.5352487933114066,
      "NZDUSD_27_6.16.107_SELL_M15": 0.28704899575806087,
      "NZDUSD_75_4.73.120_SELL_M15": 0.18564437287996638,
      "NZDUSD_76_5.71.164_BUY_M15": -0.15010016265320258,