{
  "strategy_id": "AUDUSD_5_6.3.178_SELL_M15",
  "summary": {
    "strategy_id": "AUDUSD_5_6.3.178_SELL_M15",
    "symbol_count": 1,
    "side_mix": "SELL",
    "trade_count": 640,
    "avg_return_correlation": 0.06357335449761262,
    "max_return_correlation": 0.5712910518083508,
    "avg_drawdown_correlation": 0.08450617127956551,
    "max_drawdown_correlation": 0.6499301833012513,
    "avg_stress_overlap": 0.09254577078677201,
    "max_stress_overlap": 0.4583333333333333,
    "avg_symbol_overlap": 0.0684931506849315,
    "max_symbol_overlap": 1.0,
    "avg_side_overlap": 0.06164383561643835,
    "max_side_overlap": 1.0,
    "correlation_penalty": 0.07403976288858907,
    "marginal_dd_contribution": -2.8203035912624728,
    "diversification_score": 0.9077826718675185,
    "portfolio_fit_score": 0.7037503207541961,
    "cluster_membership": "CLUSTER_08"
  },
  "peer_snapshot": {
    "return_correlation_row": {
      "AUDJPY_1_3.14.146_BUY_M15": -0.11607764749512578,
      "AUDJPY_2_5.20.109_BUY_M15": -0.11366733389543238,
      "AUDJPY_3_3.19_BUY_M15": -0.11431502886510424,
      "AUDJPY_46_3.50.181_BUY_M15": -0.13808385863265857,
      "AUDJPY_47_6.30.171_BOTH_M15": -0.07944889408040298,
      "AUDJPY_56_1.14.109_BUY_M15": -0.12189638132390229,
      "AUDJPY_78_3.7.108_BUY_M15": -0.1139725261064447,
      "AUDUSD_48_5.8.189_SELL_M15": 0.38504164599940116,
      "AUDUSD_4_3.27.109_SELL_M15": 0.5712910518083508,
      "AUDUSD_5_6.3.178_SELL_M15": 1.0,
      "AUDUSD_60_1.31.145_SELL_M15": 0.3332026448658834,
      "AUDUSD_61_6.25.174_SELL_M15": 0.26145683762030825,
      "AUDUSD_6_5.9.126_SELL_M15": 0.29494096060751074,
      "EURGBP_10_5.21.111_SELL_M15": -0.012783587780819533,
      "EURGBP_49_2.36.141_BOTH_M15": 0.0019672826519870875,
      "EURGBP_62_3.31.132_BUY_M15": 0.08166880384788044,
      "EURGBP_63_4.21.189_SELL_M15": 0.03524986090005087,
      "EURGBP_70_2.27.108_SELL_M15": 0.035206084469222264,
      "EURGBP_7_3.16.177_SELL_M15": -0.021224576107697755,
      "EURGBP_8_6.1.186_SELL_M15": -0.03783933843500252,
      "EURGBP_9_5.2.127_SELL_M15": -0.004762815108535528,
      "EURUSD_11_1.42.105_SELL_M15": 0.1388885805332812,
      "EURUSD_12_3.47.124_BUY_M15": -0.08433135362027044,
      "EURUSD_13_6.46.178_BUY_M15": -0.10196345805325475,
      "EURUSD_14_5.6.167_BUY_M15": -0.05987523394377556,
      "EURUSD_18_6.6.111_SELL_M15": 0.18956538465312053,
      "EURUSD_59_2.34.129_SELL_M15": 0.17970105572096215,
      "EURUSD_64_4.34.165_BUY_M15": -0.03364397132048305,
      "EURUSD_71_5.30.159_SELL_M15": 0.1415980854182166,
      "EURUSD_72_5.42.127_SELL_M15": 0.12667524572605238,
      "EURUSD_73_5.43.181_SELL_M15": 0.14663111720614103,
      "GBPJPY_50_5.35.116_BUY_M15": -0.06559220669771201,
      "GBPJPY_65_2.14.157_BUY_M15": -0.05175335899601128,
      "GBPJPY_66_4.17.131_BOTH_M15": -0.06368934418687003,
      "GBPJPY_67_4.19.99_BOTH_M15": -0.05286961539316717,
      "GBPUSD_19_0.13205_BUY_M15": -0.05054450205917559,
      "GBPUSD_20_1.32.126_BUY_M15": -0.12828444767868838,
      "GBPUSD_21_3.3.167_BUY_M15": -0.11859007234708571,
      "GBPUSD_22_6.11.100_SELL_M15": 0.0664621217082749,
      "GBPUSD_69_3.13.113_BUY_M15": 0.14452106479031956,
      "GBPUSD_74_6.52.179_SELL_M15": 0.16398453636211385,
      "NZDUSD_23_2.12.147_SELL_M15": 0.199663054218358,
      "NZDUSD_24_4.41.120_SELL_M15": 0.20940102673501793,
      "NZDUSD_25_5.7.105_SELL_M15": 0.2943314375195775,
      "NZDUSD_26_2.6.180_SELL_M15": 0.43378584542082504,
      "NZDUSD_27_6.16.107_SELL_M15": 0.25541935674994914,
      "NZDUSD_75_4.73.120_SELL_M15": 0.2603167350481725,
      "NZDUSD_76_5.71.164_BUY_M15": -0.1154234849819891,
      "US500.cash_28_3.8.114_BUY_M15": -0.08659852879193805,
      "US500.cash_29_3.32.156_BUY_M15": -0.0034747860058813385,
      "USDCAD_30_2.34.141_BUY_M15": 0.1812919644381264,
      "USDCAD_31_3.2.189_BUY_M15": 0.28803812059196504,
      "USDCAD_32_4.16.175_BUY_M15": 0.25516415870758546,
      "USDCAD_33_5.11.180_BUY_M15": 0.1699332761411281,
      "USDCAD_34_1.8.187_BUY_M15": 0.18411586735143026,
      "USDCAD_51_6.27.122_BUY_M15": 0.20225958367993474,
      "USDCAD_77_3.51.113_SELL_M15": -0.017813428912603593,
      "USDCHF_35_3.1.133_SELL_M15": -0.05429862324282062,
      "USDCHF_36_4.5.112_SELL_M15": 0.034390087055776855,
      "USDCHF_52_3.17.186_BOTH_M15": -0.08509200274816285,
      "USDCHF_53_6.47.153_BOTH_M15": 0.10974110673999554,
      "USDCHF_55_6.23.134_BUY_M15": 0.11399928830875372,
      "USDJPY_37_0.18430_BUY_M15": 0.07109670935176962,
      "USDJPY_38_1.35.168_BUY_M15": 0.08652494713591612,
      "USDJPY_39_6.27.190_BUY_M15": 0.08674154774717037,
      "USDJPY_40_2.4.138_BUY_M15": 0.07619907451809119,
      "USDJPY_41_2.5.172_BUY_M15": 0.12622012114084408,
      "USDJPY_57_4.8.181_BUY_M15": 0.09201083556236853,
      "USOIL.cash_42_1.25.121_BUY_M15": -0.04793609350404789,
      "USOIL.cash_43_5.11.112_BUY_M15": -0.08365247705388512,
      "USOIL.cash_44_6.17.127_BUY_M15": -0.03708496113933085,
      "USOIL.cash_54_4.18.190_BOTH_M15": -0.03708496113933085,
      "XAUUSD_45_2.13.130_BUY_M15": -0.08448883904311631,
      "XAUUSD_58_5.6.136_BUY_M15": -0.04968389203538551
    },
    "drawdown_correlation_row": {
      "AUDJPY_1_3.14.146_BUY_M15": -0.05278820260330938,
      "AUDJPY_2_5.20.109_BUY_M15": -0.3044847018206922,
      "AUDJPY_3_3.19_BUY_M15": -0.07790613735430617,
      "AUDJPY_46_3.50.181_BUY_M15": -0.400388745308201,
      "AUDJPY_47_6.30.171_BOTH_M15": -0.2139769992855783,
      "AUDJPY_56_1.14.109_BUY_M15": -0.21998989089705628,
      "AUDJPY_78_3.7.108_BUY_M15": -0.08683334456966976,
      "AUDUSD_48_5.8.189_SELL_M15": 0.5518610121673146,
      "AUDUSD_4_3.27.109_SELL_M15": 0.6499301833012513,
      "AUDUSD_5_6.3.178_SELL_M15": 1.0,
      "AUDUSD_60_1.31.145_SELL_M15": 0.4146882551993738,
      "AUDUSD_61_6.25.174_SELL_M15": -0.14869476400647222,
      "AUDUSD_6_5.9.126_SELL_M15": 0.2777130274849276,
      "EURGBP_10_5.21.111_SELL_M15": 0.44206887141618423,
      "EURGBP_49_2.36.141_BOTH_M15": 0.007453465673026536,
      "EURGBP_62_3.31.132_BUY_M15": 0.16537915205191614,
      "EURGBP_63_4.21.189_SELL_M15": -0.11656088574067974,
      "EURGBP_70_2.27.108_SELL_M15": 0.5560944861455769,
      "EURGBP_7_3.16.177_SELL_M15": -0.02470094789344616,
      "EURGBP_8_6.1.186_SELL_M15": 0.056252043818541236,
      "EURGBP_9_5.2.127_SELL_M15": 0.039845749873217595,
      "EURUSD_11_1.42.105_SELL_M15": -0.05505203767899183,
      "EURUSD_12_3.47.124_BUY_M15": 0.14407933362737893,
      "EURUSD_13_6.46.178_BUY_M15": -0.11460509251858354,
      "EURUSD_14_5.6.167_BUY_M15": 0.3935825426537264,
      "EURUSD_18_6.6.111_SELL_M15": -0.03237000686759488,
      "EURUSD_59_2.34.129_SELL_M15": 0.06273491005878036,
      "EURUSD_64_4.34.165_BUY_M15": 0.30320526697530276,
      "EURUSD_71_5.30.159_SELL_M15": 0.44352081638114677,
      "EURUSD_72_5.42.127_SELL_M15": -0.21713201687859854,
      "EURUSD_73_5.43.181_SELL_M15": 0.24458562886956065,
      "GBPJPY_50_5.35.116_BUY_M15": 0.251858210082556,
      "GBPJPY_65_2.14.157_BUY_M15": 0.22101306091029163,
      "GBPJPY_66_4.17.131_BOTH_M15": 0.31887284804314875,
      "GBPJPY_67_4.19.99_BOTH_M15": 0.40873858946322167,
      "GBPUSD_19_0.13205_BUY_M15": 0.02601698698314053,
      "GBPUSD_20_1.32.126_BUY_M15": 0.5262416736877142,
      "GBPUSD_21_3.3.167_BUY_M15": -0.16889963673839029,
      "GBPUSD_22_6.11.100_SELL_M15": 0.20924992335133424,
      "GBPUSD_69_3.13.113_BUY_M15": -0.03212205569697976,
      "GBPUSD_74_6.52.179_SELL_M15": -0.04902953431663344,
      "NZDUSD_23_2.12.147_SELL_M15": 0.21088946092427852,
      "NZDUSD_24_4.41.120_SELL_M15": 0.4197878185515735,
      "NZDUSD_25_5.7.105_SELL_M15": 0.43323712075161336,
      "NZDUSD_26_2.6.180_SELL_M15": 0.3246690128464692,
      "NZDUSD_27_6.16.107_SELL_M15": -0.018886091194129713,
      "NZDUSD_75_4.73.120_SELL_M15": 0.14125800101197278,
      "NZDUSD_76_5.71.164_BUY_M15": -0.3672095975372547,