{
  "strategy_id": "EURGBP_9_5.2.127_SELL_M15",
  "summary": {
    "strategy_id": "EURGBP_9_5.2.127_SELL_M15",
    "symbol_count": 1,
    "side_mix": "SELL",
    "trade_count": 607,
    "avg_return_correlation": 0.04104625718479227,
    "max_return_correlation": 0.47818398505376364,
    "avg_drawdown_correlation": -0.0030123851252993193,
    "max_drawdown_correlation": 0.6153546432548308,
    "avg_stress_overlap": 0.07502495539199744,
    "max_stress_overlap": 0.2708333333333333,
    "avg_symbol_overlap": 0.0958904109589041,
    "max_symbol_overlap": 1.0,
    "avg_side_overlap": 0.06164383561643835,
    "max_side_overlap": 1.0,
    "correlation_penalty": 0.022029321155045793,
    "marginal_dd_contribution": 1.5062717512032577,
    "diversification_score": 0.916449324090681,
    "portfolio_fit_score": 0.7082999756329007,
    "cluster_membership": "CLUSTER_18"
  },
  "peer_snapshot": {
    "return_correlation_row": {
      "AUDJPY_1_3.14.146_BUY_M15": 0.044660479696023304,
      "AUDJPY_2_5.20.109_BUY_M15": 0.008068581931085356,
      "AUDJPY_3_3.19_BUY_M15": 0.06370458403741865,
      "AUDJPY_46_3.50.181_BUY_M15": 0.001995086288343885,
      "AUDJPY_47_6.30.171_BOTH_M15": -0.017793377544873732,
      "AUDJPY_56_1.14.109_BUY_M15": 0.07866404046859213,
      "AUDJPY_78_3.7.108_BUY_M15": 0.06338405932903907,
      "AUDUSD_48_5.8.189_SELL_M15": -0.030009825689827272,
      "AUDUSD_4_3.27.109_SELL_M15": 0.03046997258304436,
      "AUDUSD_5_6.3.178_SELL_M15": -0.004762815108535528,
      "AUDUSD_60_1.31.145_SELL_M15": 0.028721823012069575,
      "AUDUSD_61_6.25.174_SELL_M15": -0.01188008248281824,
      "AUDUSD_6_5.9.126_SELL_M15": -0.0041380052880616355,
      "EURGBP_10_5.21.111_SELL_M15": 0.37338494450724824,
      "EURGBP_49_2.36.141_BOTH_M15": 0.27449062302988453,
      "EURGBP_62_3.31.132_BUY_M15": -0.03227476519496181,
      "EURGBP_63_4.21.189_SELL_M15": 0.35564457410751216,
      "EURGBP_70_2.27.108_SELL_M15": 0.23859672548455402,
      "EURGBP_7_3.16.177_SELL_M15": 0.22613755927330143,
      "EURGBP_8_6.1.186_SELL_M15": 0.47818398505376364,
      "EURGBP_9_5.2.127_SELL_M15": 1.0,
      "EURUSD_11_1.42.105_SELL_M15": 0.06630101988811671,
      "EURUSD_12_3.47.124_BUY_M15": -0.01835482048672112,
      "EURUSD_13_6.46.178_BUY_M15": -0.05183222311674276,
      "EURUSD_14_5.6.167_BUY_M15": -0.04899591468493985,
      "EURUSD_18_6.6.111_SELL_M15": 0.02298958893457876,
      "EURUSD_59_2.34.129_SELL_M15": 0.05803180329140202,
      "EURUSD_64_4.34.165_BUY_M15": -0.010349644576662046,
      "EURUSD_71_5.30.159_SELL_M15": 0.008146891662166438,
      "EURUSD_72_5.42.127_SELL_M15": 0.04161867361881969,
      "EURUSD_73_5.43.181_SELL_M15": -0.011827296043840316,
      "GBPJPY_50_5.35.116_BUY_M15": 0.0707492989175413,
      "GBPJPY_65_2.14.157_BUY_M15": 0.09486512778836968,
      "GBPJPY_66_4.17.131_BOTH_M15": 0.13688413470588706,
      "GBPJPY_67_4.19.99_BOTH_M15": 0.1517358454363237,
      "GBPUSD_19_0.13205_BUY_M15": 0.07489518400152427,
      "GBPUSD_20_1.32.126_BUY_M15": 0.10851821865663785,
      "GBPUSD_21_3.3.167_BUY_M15": 0.08381356529591824,
      "GBPUSD_22_6.11.100_SELL_M15": -0.07623282211231688,
      "GBPUSD_69_3.13.113_BUY_M15": -0.04974714743121244,
      "GBPUSD_74_6.52.179_SELL_M15": -0.12423815171098117,
      "NZDUSD_23_2.12.147_SELL_M15": 0.0028859545801579673,
      "NZDUSD_24_4.41.120_SELL_M15": 0.009193094558165315,
      "NZDUSD_25_5.7.105_SELL_M15": 0.022072218956550396,
      "NZDUSD_26_2.6.180_SELL_M15": 0.01195090184209222,
      "NZDUSD_27_6.16.107_SELL_M15": -0.06898975370932632,
      "NZDUSD_75_4.73.120_SELL_M15": -0.05264146095614491,
      "NZDUSD_76_5.71.164_BUY_M15": 0.053502696117409085,
      "US500.cash_28_3.8.114_BUY_M15": -0.007618939686336188,
      "US500.cash_29_3.32.156_BUY_M15": 0.002273927428608428,
      "USDCAD_30_2.34.141_BUY_M15": 0.0014113941957888797,
      "USDCAD_31_3.2.189_BUY_M15": -0.014503520471227577,
      "USDCAD_32_4.16.175_BUY_M15": 0.006430944896813247,
      "USDCAD_33_5.11.180_BUY_M15": -0.0035182555168558607,
      "USDCAD_34_1.8.187_BUY_M15": -0.028266776786241118,
      "USDCAD_51_6.27.122_BUY_M15": -0.028810294832755486,
      "USDCAD_77_3.51.113_SELL_M15": 0.0012822593857790981,
      "USDCHF_35_3.1.133_SELL_M15": -0.05247692951794114,
      "USDCHF_36_4.5.112_SELL_M15": -0.001534179101286586,
      "USDCHF_52_3.17.186_BOTH_M15": -0.030967890269879006,
      "USDCHF_53_6.47.153_BOTH_M15": 0.05551148617312956,
      "USDCHF_55_6.23.134_BUY_M15": 0.06188322079431546,
      "USDJPY_37_0.18430_BUY_M15": 0.033533634137016835,
      "USDJPY_38_1.35.168_BUY_M15": 0.011509244346528131,
      "USDJPY_39_6.27.190_BUY_M15": 0.018769322038088468,
      "USDJPY_40_2.4.138_BUY_M15": 0.015131907403235768,
      "USDJPY_41_2.5.172_BUY_M15": 0.009546585214136953,
      "USDJPY_57_4.8.181_BUY_M15": -0.007010126550143771,
      "USOIL.cash_42_1.25.121_BUY_M15": 0.09043082864802084,
      "USOIL.cash_43_5.11.112_BUY_M15": 0.06264878081299674,
      "USOIL.cash_44_6.17.127_BUY_M15": 0.044586921792212665,
      "USOIL.cash_54_4.18.190_BOTH_M15": 0.044586921792212665,
      "XAUUSD_45_2.13.130_BUY_M15": 0.04230194270388985,
      "XAUUSD_58_5.6.136_BUY_M15": -0.0009487854558463035
    },
    "drawdown_correlation_row": {
      "AUDJPY_1_3.14.146_BUY_M15": -0.006653420906130625,
      "AUDJPY_2_5.20.109_BUY_M15": -0.3969681084817212,
      "AUDJPY_3_3.19_BUY_M15": -0.10748509519502471,
      "AUDJPY_46_3.50.181_BUY_M15": 0.010042420382611697,
      "AUDJPY_47_6.30.171_BOTH_M15": -0.041770739195016185,
      "AUDJPY_56_1.14.109_BUY_M15": -0.20213548469481776,
      "AUDJPY_78_3.7.108_BUY_M15": -0.11189393863680595,
      "AUDUSD_48_5.8.189_SELL_M15": -0.0774428753143047,
      "AUDUSD_4_3.27.109_SELL_M15": -0.0008132904539738838,
      "AUDUSD_5_6.3.178_SELL_M15": 0.039845749873217595,
      "AUDUSD_60_1.31.145_SELL_M15": -0.0305618878693631,
      "AUDUSD_61_6.25.174_SELL_M15": 0.10486718382952337,
      "AUDUSD_6_5.9.126_SELL_M15": 0.2757428457783272,
      "EURGBP_10_5.21.111_SELL_M15": 0.26547151830370774,
      "EURGBP_49_2.36.141_BOTH_M15": 0.4458709403511655,
      "EURGBP_62_3.31.132_BUY_M15": -0.27476189073634005,
      "EURGBP_63_4.21.189_SELL_M15": 0.13029674939770192,
      "EURGBP_70_2.27.108_SELL_M15": 0.07573692864535464,
      "EURGBP_7_3.16.177_SELL_M15": 0.07441380948924965,
      "EURGBP_8_6.1.186_SELL_M15": 0.6153546432548308,
      "EURGBP_9_5.2.127_SELL_M15": 1.0,
      "EURUSD_11_1.42.105_SELL_M15": 0.2370562651369943,
      "EURUSD_12_3.47.124_BUY_M15": -0.2950859441166126,
      "EURUSD_13_6.46.178_BUY_M15": -0.5486912729867574,
      "EURUSD_14_5.6.167_BUY_M15": -0.04272811598975605,
      "EURUSD_18_6.6.111_SELL_M15": 0.08472754998546363,
      "EURUSD_59_2.34.129_SELL_M15": -0.20224348333501238,
      "EURUSD_64_4.34.165_BUY_M15": -0.0671759669077509,
      "EURUSD_71_5.30.159_SELL_M15": -0.2656157435757572,
      "EURUSD_72_5.42.127_SELL_M15": -0.12955924022977894,
      "EURUSD_73_5.43.181_SELL_M15": -0.093003325232047,
      "GBPJPY_50_5.35.116_BUY_M15": 0.09946715352001782,
      "GBPJPY_65_2.14.157_BUY_M15": 0.10717572428816328,
      "GBPJPY_66_4.17.131_BOTH_M15": -0.38828577331537,
      "GBPJPY_67_4.19.99_BOTH_M15": -0.2708144855607329,
      "GBPUSD_19_0.13205_BUY_M15": 0.04689691704730122,
      "GBPUSD_20_1.32.126_BUY_M15": 0.3798979753690634,
      "GBPUSD_21_3.3.167_BUY_M15": 0.267597681680066,
      "GBPUSD_22_6.11.100_SELL_M15": 0.02629382453427136,
      "GBPUSD_69_3.13.113_BUY_M15": 0.082437757730101,
      "GBPUSD_74_6.52.179_SELL_M15": -0.053316255883988535,
      "NZDUSD_23_2.12.147_SELL_M15": -0.2609296431088443,
      "NZDUSD_24_4.41.120_SELL_M15": 0.3585471424210352,
      "NZDUSD_25_5.7.105_SELL_M15": 0.39286371570883055,
      "NZDUSD_26_2.6.180_SELL_M15": 0.024190636876541702,
      "NZDUSD_27_6.16.107_SELL_M15": -0.04346097448339847,
      "NZDUSD_75_4.73.120_SELL_M15": -0.3201885026695479,
      "NZDUSD_76_5.71.164_BUY_M15": -0.16866113521709072,