{
  "strategy_id": "EURGBP_62_3.31.132_BUY_M15",
  "summary": {
    "strategy_id": "EURGBP_62_3.31.132_BUY_M15",
    "symbol_count": 1,
    "side_mix": null,
    "trade_count": 633,
    "avg_return_correlation": -0.004660425829349351,
    "max_return_correlation": 0.08166880384788044,
    "avg_drawdown_correlation": 0.07452904222554498,
    "max_drawdown_correlation": 0.6205410259182966,
    "avg_stress_overlap": 0.04714871100358079,
    "max_stress_overlap": 0.08444444444444445,
    "avg_symbol_overlap": 0.0958904109589041,
    "max_symbol_overlap": 1.0,
    "avg_side_overlap": 0.821917808219178,
    "max_side_overlap": 1.0,
    "correlation_penalty": 0.03959473402744716,
    "marginal_dd_contribution": 0.05586079229914276,
    "diversification_score": 0.9450102466435074,
    "portfolio_fit_score": 0.7225079163613687,
    "cluster_membership": "CLUSTER_13"
  },
  "peer_snapshot": {
    "return_correlation_row": {
      "AUDJPY_1_3.14.146_BUY_M15": 0.03931146386686692,
      "AUDJPY_2_5.20.109_BUY_M15": 0.00788264629060099,
      "AUDJPY_3_3.19_BUY_M15": -0.021577798513738436,
      "AUDJPY_46_3.50.181_BUY_M15": -0.010285999647601636,
      "AUDJPY_47_6.30.171_BOTH_M15": -0.023711948981346185,
      "AUDJPY_56_1.14.109_BUY_M15": -0.03268568000890535,
      "AUDJPY_78_3.7.108_BUY_M15": -0.022017113155964742,
      "AUDUSD_48_5.8.189_SELL_M15": 0.05860822704606972,
      "AUDUSD_4_3.27.109_SELL_M15": 0.04329490579845081,
      "AUDUSD_5_6.3.178_SELL_M15": 0.08166880384788044,
      "AUDUSD_60_1.31.145_SELL_M15": 0.06726482786851036,
      "AUDUSD_61_6.25.174_SELL_M15": 0.04499178360217965,
      "AUDUSD_6_5.9.126_SELL_M15": 0.032015477162589,
      "EURGBP_10_5.21.111_SELL_M15": -0.09127004751324451,
      "EURGBP_49_2.36.141_BOTH_M15": -0.06330383894735232,
      "EURGBP_62_3.31.132_BUY_M15": 1.0,
      "EURGBP_63_4.21.189_SELL_M15": -0.03169819047721024,
      "EURGBP_70_2.27.108_SELL_M15": 0.018607244009083736,
      "EURGBP_7_3.16.177_SELL_M15": 0.030419238922253122,
      "EURGBP_8_6.1.186_SELL_M15": -0.024144520559440726,
      "EURGBP_9_5.2.127_SELL_M15": -0.03227476519496181,
      "EURUSD_11_1.42.105_SELL_M15": -0.014555049055934929,
      "EURUSD_12_3.47.124_BUY_M15": 0.0516978085923928,
      "EURUSD_13_6.46.178_BUY_M15": 0.03794092163984821,
      "EURUSD_14_5.6.167_BUY_M15": 0.03728332820029427,
      "EURUSD_18_6.6.111_SELL_M15": 0.0033944341681001696,
      "EURUSD_59_2.34.129_SELL_M15": -0.04953034186038817,
      "EURUSD_64_4.34.165_BUY_M15": 0.021884208046299803,
      "EURUSD_71_5.30.159_SELL_M15": 0.02224269796962192,
      "EURUSD_72_5.42.127_SELL_M15": -0.003967676634528239,
      "EURUSD_73_5.43.181_SELL_M15": -0.000816729986664001,
      "GBPJPY_50_5.35.116_BUY_M15": -0.09560398137737354,
      "GBPJPY_65_2.14.157_BUY_M15": -0.08363393773090753,
      "GBPJPY_66_4.17.131_BOTH_M15": -0.048238569487738664,
      "GBPJPY_67_4.19.99_BOTH_M15": -0.041728505702383976,
      "GBPUSD_19_0.13205_BUY_M15": -0.05607964522183811,
      "GBPUSD_20_1.32.126_BUY_M15": -0.07397337482518307,
      "GBPUSD_21_3.3.167_BUY_M15": -0.12508362411562984,
      "GBPUSD_22_6.11.100_SELL_M15": -0.0064957783169726484,
      "GBPUSD_69_3.13.113_BUY_M15": 0.05431329949669377,
      "GBPUSD_74_6.52.179_SELL_M15": 0.06908154156883926,
      "NZDUSD_23_2.12.147_SELL_M15": -0.009751092239412638,
      "NZDUSD_24_4.41.120_SELL_M15": 0.039700406116205546,
      "NZDUSD_25_5.7.105_SELL_M15": 0.05524043846009314,
      "NZDUSD_26_2.6.180_SELL_M15": 0.07056868326183688,
      "NZDUSD_27_6.16.107_SELL_M15": 0.02993644963140179,
      "NZDUSD_75_4.73.120_SELL_M15": 0.009038461404378513,
      "NZDUSD_76_5.71.164_BUY_M15": -0.02721633957098263,
      "US500.cash_28_3.8.114_BUY_M15": -0.006015374205578176,
      "US500.cash_29_3.32.156_BUY_M15": -0.028711632469078787,
      "USDCAD_30_2.34.141_BUY_M15": -0.03675267159843341,
      "USDCAD_31_3.2.189_BUY_M15": 0.010673730880727391,
      "USDCAD_32_4.16.175_BUY_M15": -0.03764443001245735,
      "USDCAD_33_5.11.180_BUY_M15": 0.016864661000830526,
      "USDCAD_34_1.8.187_BUY_M15": -0.04924987288740208,
      "USDCAD_51_6.27.122_BUY_M15": -0.04732737035063003,
      "USDCAD_77_3.51.113_SELL_M15": 0.029437624250503017,
      "USDCHF_35_3.1.133_SELL_M15": 0.07678225082324217,
      "USDCHF_36_4.5.112_SELL_M15": 0.01243188357160006,
      "USDCHF_52_3.17.186_BOTH_M15": 0.04236306603509517,
      "USDCHF_53_6.47.153_BOTH_M15": 0.018562080885334925,
      "USDCHF_55_6.23.134_BUY_M15": 0.0076748394931755405,
      "USDJPY_37_0.18430_BUY_M15": -0.045916968843140345,
      "USDJPY_38_1.35.168_BUY_M15": -0.029546702091172296,
      "USDJPY_39_6.27.190_BUY_M15": -0.03575479284000215,
      "USDJPY_40_2.4.138_BUY_M15": -0.01238425008340622,
      "USDJPY_41_2.5.172_BUY_M15": 0.014565742767079531,
      "USDJPY_57_4.8.181_BUY_M15": -0.04220252831479771,
      "USOIL.cash_42_1.25.121_BUY_M15": -0.01194724123421929,
      "USOIL.cash_43_5.11.112_BUY_M15": -0.004801184554455686,
      "USOIL.cash_44_6.17.127_BUY_M15": -0.04675914032082149,
      "USOIL.cash_54_4.18.190_BOTH_M15": -0.04675914032082149,
      "XAUUSD_45_2.13.130_BUY_M15": -0.011497165278461164,
      "XAUUSD_58_5.6.136_BUY_M15": -0.013039247690000174
    },
    "drawdown_correlation_row": {
      "AUDJPY_1_3.14.146_BUY_M15": 0.19991325078067165,
      "AUDJPY_2_5.20.109_BUY_M15": 0.30603541758281433,
      "AUDJPY_3_3.19_BUY_M15": 0.19417568427143714,
      "AUDJPY_46_3.50.181_BUY_M15": -0.35065260631621764,
      "AUDJPY_47_6.30.171_BOTH_M15": 0.09951836410935179,
      "AUDJPY_56_1.14.109_BUY_M15": 0.2120586349950715,
      "AUDJPY_78_3.7.108_BUY_M15": 0.18902921849636492,
      "AUDUSD_48_5.8.189_SELL_M15": 0.011628705431504712,
      "AUDUSD_4_3.27.109_SELL_M15": 0.30705426402382907,
      "AUDUSD_5_6.3.178_SELL_M15": 0.16537915205191614,
      "AUDUSD_60_1.31.145_SELL_M15": 0.40496545203121176,
      "AUDUSD_61_6.25.174_SELL_M15": -0.025480846845092112,
      "AUDUSD_6_5.9.126_SELL_M15": 0.25031538476620757,
      "EURGBP_10_5.21.111_SELL_M15": 0.3817846750181744,
      "EURGBP_49_2.36.141_BOTH_M15": -0.3426363277583483,
      "EURGBP_62_3.31.132_BUY_M15": 1.0,
      "EURGBP_63_4.21.189_SELL_M15": 0.2106322073337231,
      "EURGBP_70_2.27.108_SELL_M15": 0.10264444100895369,
      "EURGBP_7_3.16.177_SELL_M15": 0.2071656180056656,
      "EURGBP_8_6.1.186_SELL_M15": 0.19575729430231115,
      "EURGBP_9_5.2.127_SELL_M15": -0.27476189073634005,
      "EURUSD_11_1.42.105_SELL_M15": -0.33457191220493526,
      "EURUSD_12_3.47.124_BUY_M15": 0.6205410259182966,
      "EURUSD_13_6.46.178_BUY_M15": 0.30073411278047313,
      "EURUSD_14_5.6.167_BUY_M15": 0.10572933761202807,
      "EURUSD_18_6.6.111_SELL_M15": -0.061936876476186356,
      "EURUSD_59_2.34.129_SELL_M15": 0.28126133065620246,
      "EURUSD_64_4.34.165_BUY_M15": 0.006151119149110987,
      "EURUSD_71_5.30.159_SELL_M15": 0.10229099546251957,
      "EURUSD_72_5.42.127_SELL_M15": -0.2709124601102517,
      "EURUSD_73_5.43.181_SELL_M15": -0.06684804838625238,
      "GBPJPY_50_5.35.116_BUY_M15": -0.38696616252149363,
      "GBPJPY_65_2.14.157_BUY_M15": -0.0527539323574061,
      "GBPJPY_66_4.17.131_BOTH_M15": 0.13911201363301606,
      "GBPJPY_67_4.19.99_BOTH_M15": -0.09991023790737194,
      "GBPUSD_19_0.13205_BUY_M15": 0.3592495940473588,
      "GBPUSD_20_1.32.126_BUY_M15": -0.002135249266273392,
      "GBPUSD_21_3.3.167_BUY_M15": -0.4647056834900065,
      "GBPUSD_22_6.11.100_SELL_M15": 0.002830872696832969,
      "GBPUSD_69_3.13.113_BUY_M15": -0.3749535134268579,
      "GBPUSD_74_6.52.179_SELL_M15": 0.0770054864907317,
      "NZDUSD_23_2.12.147_SELL_M15": 0.17621805732628107,
      "NZDUSD_24_4.41.120_SELL_M15": -0.1478111255802537,
      "NZDUSD_25_5.7.105_SELL_M15": 0.2514538169464643,
      "NZDUSD_26_2.6.180_SELL_M15": 0.43888731350590376,
      "NZDUSD_27_6.16.107_SELL_M15": 0.45711305182357853,
      "NZDUSD_75_4.73.120_SELL_M15": 0.30531033854687234,
      "NZDUSD_76_5.71.164_BUY_M15": 0.35834433229519463,