{
  "strategy_id": "EURGBP_7_3.16.177_SELL_M15",
  "summary": {
    "strategy_id": "EURGBP_7_3.16.177_SELL_M15",
    "symbol_count": 1,
    "side_mix": null,
    "trade_count": 615,
    "avg_return_correlation": 0.026075796528214748,
    "max_return_correlation": 0.22613755927330143,
    "avg_drawdown_correlation": 0.044693501058430604,
    "max_drawdown_correlation": 0.5462452629853939,
    "avg_stress_overlap": 0.08083396320372017,
    "max_stress_overlap": 0.24489795918367346,
    "avg_symbol_overlap": 0.0958904109589041,
    "max_symbol_overlap": 1.0,
    "avg_side_overlap": 0.821917808219178,
    "max_side_overlap": 1.0,
    "correlation_penalty": 0.035384648793322676,
    "marginal_dd_contribution": -0.9223583857830562,
    "diversification_score": 0.9205210809106165,
    "portfolio_fit_score": 0.7102144225360191,
    "cluster_membership": "CLUSTER_16"
  },
  "peer_snapshot": {
    "return_correlation_row": {
      "AUDJPY_1_3.14.146_BUY_M15": 0.044627140474409396,
      "AUDJPY_2_5.20.109_BUY_M15": -0.010180829244150511,
      "AUDJPY_3_3.19_BUY_M15": 0.06175277553752936,
      "AUDJPY_46_3.50.181_BUY_M15": 0.02019156617389908,
      "AUDJPY_47_6.30.171_BOTH_M15": -0.025342517692085318,
      "AUDJPY_56_1.14.109_BUY_M15": 0.04314833839582997,
      "AUDJPY_78_3.7.108_BUY_M15": 0.06666323613818721,
      "AUDUSD_48_5.8.189_SELL_M15": 0.009906862409093185,
      "AUDUSD_4_3.27.109_SELL_M15": 0.01111266266299064,
      "AUDUSD_5_6.3.178_SELL_M15": -0.021224576107697755,
      "AUDUSD_60_1.31.145_SELL_M15": 0.03587682088649963,
      "AUDUSD_61_6.25.174_SELL_M15": 0.03872989664800699,
      "AUDUSD_6_5.9.126_SELL_M15": -0.03564340410092803,
      "EURGBP_10_5.21.111_SELL_M15": 0.19199125453250757,
      "EURGBP_49_2.36.141_BOTH_M15": 0.05605728970112357,
      "EURGBP_62_3.31.132_BUY_M15": 0.030419238922253122,
      "EURGBP_63_4.21.189_SELL_M15": 0.1620872523921188,
      "EURGBP_70_2.27.108_SELL_M15": 0.15243602209690812,
      "EURGBP_7_3.16.177_SELL_M15": 1.0,
      "EURGBP_8_6.1.186_SELL_M15": 0.14323919089476192,
      "EURGBP_9_5.2.127_SELL_M15": 0.22613755927330143,
      "EURUSD_11_1.42.105_SELL_M15": 0.11668510998634282,
      "EURUSD_12_3.47.124_BUY_M15": 0.04131755025832665,
      "EURUSD_13_6.46.178_BUY_M15": 0.04112956461107104,
      "EURUSD_14_5.6.167_BUY_M15": -0.03568665282867754,
      "EURUSD_18_6.6.111_SELL_M15": 0.04632899377374296,
      "EURUSD_59_2.34.129_SELL_M15": 0.043042693253652654,
      "EURUSD_64_4.34.165_BUY_M15": 0.019800936475605893,
      "EURUSD_71_5.30.159_SELL_M15": 0.04002624205823924,
      "EURUSD_72_5.42.127_SELL_M15": 0.03693636029199487,
      "EURUSD_73_5.43.181_SELL_M15": 0.00510502487815788,
      "GBPJPY_50_5.35.116_BUY_M15": 0.025569597290452797,
      "GBPJPY_65_2.14.157_BUY_M15": 0.05597581951684495,
      "GBPJPY_66_4.17.131_BOTH_M15": 0.04059198486114155,
      "GBPJPY_67_4.19.99_BOTH_M15": 0.07415556908207091,
      "GBPUSD_19_0.13205_BUY_M15": 0.05938095278572842,
      "GBPUSD_20_1.32.126_BUY_M15": 0.03034496307957327,
      "GBPUSD_21_3.3.167_BUY_M15": 0.02713369893721266,
      "GBPUSD_22_6.11.100_SELL_M15": -0.030441022128539937,
      "GBPUSD_69_3.13.113_BUY_M15": -0.02913036811869187,
      "GBPUSD_74_6.52.179_SELL_M15": 0.02876528862825209,
      "NZDUSD_23_2.12.147_SELL_M15": 0.036129328501652846,
      "NZDUSD_24_4.41.120_SELL_M15": -0.024600045932136286,
      "NZDUSD_25_5.7.105_SELL_M15": 0.030630637333194464,
      "NZDUSD_26_2.6.180_SELL_M15": -0.009949233319269066,
      "NZDUSD_27_6.16.107_SELL_M15": -0.012007936435515107,
      "NZDUSD_75_4.73.120_SELL_M15": -0.034051125519491396,
      "NZDUSD_76_5.71.164_BUY_M15": 0.035436628319825324,
      "US500.cash_28_3.8.114_BUY_M15": -0.03846108346397056,
      "US500.cash_29_3.32.156_BUY_M15": 0.048901366160545426,
      "USDCAD_30_2.34.141_BUY_M15": -0.033061734971376544,
      "USDCAD_31_3.2.189_BUY_M15": 0.014815325535206364,
      "USDCAD_32_4.16.175_BUY_M15": -0.025444325158135123,
      "USDCAD_33_5.11.180_BUY_M15": 0.016997643951557118,
      "USDCAD_34_1.8.187_BUY_M15": 0.00978922064398208,
      "USDCAD_51_6.27.122_BUY_M15": -0.04328762923712653,
      "USDCAD_77_3.51.113_SELL_M15": -0.0029776586074235865,
      "USDCHF_35_3.1.133_SELL_M15": -0.020203085106889358,
      "USDCHF_36_4.5.112_SELL_M15": -0.025022168748183325,
      "USDCHF_52_3.17.186_BOTH_M15": 0.008862089613577628,
      "USDCHF_53_6.47.153_BOTH_M15": 0.0665017285072195,
      "USDCHF_55_6.23.134_BUY_M15": 0.01905240927128106,
      "USDJPY_37_0.18430_BUY_M15": -0.02819306533337921,
      "USDJPY_38_1.35.168_BUY_M15": 0.02463002517839261,
      "USDJPY_39_6.27.190_BUY_M15": -0.005440312821001854,
      "USDJPY_40_2.4.138_BUY_M15": -0.0001571001724788541,
      "USDJPY_41_2.5.172_BUY_M15": 0.0449491903563618,
      "USDJPY_57_4.8.181_BUY_M15": -0.032913970755447455,
      "USOIL.cash_42_1.25.121_BUY_M15": 0.010792016512244873,
      "USOIL.cash_43_5.11.112_BUY_M15": -0.004106002668688193,
      "USOIL.cash_44_6.17.127_BUY_M15": 0.02873996072761971,
      "USOIL.cash_54_4.18.190_BOTH_M15": 0.02873996072761971,
      "XAUUSD_45_2.13.130_BUY_M15": -0.0009460062548304878,
      "XAUUSD_58_5.6.136_BUY_M15": -0.01962998696232092
    },
    "drawdown_correlation_row": {
      "AUDJPY_1_3.14.146_BUY_M15": 0.19041312018285456,
      "AUDJPY_2_5.20.109_BUY_M15": 0.1278339019451867,
      "AUDJPY_3_3.19_BUY_M15": -0.2171098839477371,
      "AUDJPY_46_3.50.181_BUY_M15": 0.13528951885081503,
      "AUDJPY_47_6.30.171_BOTH_M15": -0.1773728871029625,
      "AUDJPY_56_1.14.109_BUY_M15": -0.10061220710907544,
      "AUDJPY_78_3.7.108_BUY_M15": -0.22177768604313836,
      "AUDUSD_48_5.8.189_SELL_M15": -0.22646098698048167,
      "AUDUSD_4_3.27.109_SELL_M15": 0.13597821351715433,
      "AUDUSD_5_6.3.178_SELL_M15": -0.02470094789344616,
      "AUDUSD_60_1.31.145_SELL_M15": 0.08787087435699181,
      "AUDUSD_61_6.25.174_SELL_M15": 0.1592593555239245,
      "AUDUSD_6_5.9.126_SELL_M15": 0.46593236841367464,
      "EURGBP_10_5.21.111_SELL_M15": 0.20813462111541722,
      "EURGBP_49_2.36.141_BOTH_M15": -0.31204872366890524,
      "EURGBP_62_3.31.132_BUY_M15": 0.2071656180056656,
      "EURGBP_63_4.21.189_SELL_M15": 0.3078720889253787,
      "EURGBP_70_2.27.108_SELL_M15": -0.14700879104099973,
      "EURGBP_7_3.16.177_SELL_M15": 1.0,
      "EURGBP_8_6.1.186_SELL_M15": -0.007991655944532414,
      "EURGBP_9_5.2.127_SELL_M15": 0.07441380948924965,
      "EURUSD_11_1.42.105_SELL_M15": -0.3485665042479457,
      "EURUSD_12_3.47.124_BUY_M15": 0.32079933690264095,
      "EURUSD_13_6.46.178_BUY_M15": 0.12249021446591138,
      "EURUSD_14_5.6.167_BUY_M15": 0.3346737554847093,
      "EURUSD_18_6.6.111_SELL_M15": -0.10415664776574686,
      "EURUSD_59_2.34.129_SELL_M15": -0.04939356582366567,
      "EURUSD_64_4.34.165_BUY_M15": -0.3977008012810693,
      "EURUSD_71_5.30.159_SELL_M15": -0.14328071094835287,
      "EURUSD_72_5.42.127_SELL_M15": 0.27222664413876774,
      "EURUSD_73_5.43.181_SELL_M15": -0.2845000460931557,
      "GBPJPY_50_5.35.116_BUY_M15": -0.5486662094561611,
      "GBPJPY_65_2.14.157_BUY_M15": -0.18442022855483337,
      "GBPJPY_66_4.17.131_BOTH_M15": -0.24654034649659737,
      "GBPJPY_67_4.19.99_BOTH_M15": -0.29067068884425423,
      "GBPUSD_19_0.13205_BUY_M15": 0.2228009816318973,
      "GBPUSD_20_1.32.126_BUY_M15": -0.16654697718526568,
      "GBPUSD_21_3.3.167_BUY_M15": 0.2695732825619394,
      "GBPUSD_22_6.11.100_SELL_M15": 0.1057519139270388,
      "GBPUSD_69_3.13.113_BUY_M15": -0.3513878382007883,
      "GBPUSD_74_6.52.179_SELL_M15": -0.10137952598973017,
      "NZDUSD_23_2.12.147_SELL_M15": 0.330364196884774,
      "NZDUSD_24_4.41.120_SELL_M15": 0.34414314633386806,
      "NZDUSD_25_5.7.105_SELL_M15": 0.25642580880555743,
      "NZDUSD_26_2.6.180_SELL_M15": -0.03644847575056465,
      "NZDUSD_27_6.16.107_SELL_M15": 0.45026186671880575,
      "NZDUSD_75_4.73.120_SELL_M15": 0.06217411338676429,
      "NZDUSD_76_5.71.164_BUY_M15": 0.5462452629853939,