{
  "strategy_id": "EURGBP_70_2.27.108_SELL_M15",
  "summary": {
    "strategy_id": "EURGBP_70_2.27.108_SELL_M15",
    "symbol_count": 1,
    "side_mix": null,
    "trade_count": 816,
    "avg_return_correlation": 0.03455268375115031,
    "max_return_correlation": 0.469198631619657,
    "avg_drawdown_correlation": 0.07648941018749655,
    "max_drawdown_correlation": 0.5560944861455769,
    "avg_stress_overlap": 0.07484714873828259,
    "max_stress_overlap": 0.2708333333333333,
    "avg_symbol_overlap": 0.0958904109589041,
    "max_symbol_overlap": 1.0,
    "avg_side_overlap": 0.821917808219178,
    "max_side_overlap": 1.0,
    "correlation_penalty": 0.05552104696932343,
    "marginal_dd_contribution": -2.7478378378378068,
    "diversification_score": 0.9194143819072841,
    "portfolio_fit_score": 0.7095697990617501,
    "cluster_membership": "CLUSTER_15"
  },
  "peer_snapshot": {
    "return_correlation_row": {
      "AUDJPY_1_3.14.146_BUY_M15": 0.046688921603986355,
      "AUDJPY_2_5.20.109_BUY_M15": -0.04047920503070373,
      "AUDJPY_3_3.19_BUY_M15": 0.033276295489217136,
      "AUDJPY_46_3.50.181_BUY_M15": 0.015706998012287997,
      "AUDJPY_47_6.30.171_BOTH_M15": 0.02300355705372154,
      "AUDJPY_56_1.14.109_BUY_M15": 0.003336009093949197,
      "AUDJPY_78_3.7.108_BUY_M15": 0.03728163504608889,
      "AUDUSD_48_5.8.189_SELL_M15": 0.00184278775987995,
      "AUDUSD_4_3.27.109_SELL_M15": 0.050693091844557094,
      "AUDUSD_5_6.3.178_SELL_M15": 0.035206084469222264,
      "AUDUSD_60_1.31.145_SELL_M15": 0.017710980306407914,
      "AUDUSD_61_6.25.174_SELL_M15": -0.013666337003721146,
      "AUDUSD_6_5.9.126_SELL_M15": 0.015300269952656036,
      "EURGBP_10_5.21.111_SELL_M15": 0.18586926499392448,
      "EURGBP_49_2.36.141_BOTH_M15": 0.17282289747937574,
      "EURGBP_62_3.31.132_BUY_M15": 0.018607244009083736,
      "EURGBP_63_4.21.189_SELL_M15": 0.469198631619657,
      "EURGBP_70_2.27.108_SELL_M15": 1.0,
      "EURGBP_7_3.16.177_SELL_M15": 0.15243602209690812,
      "EURGBP_8_6.1.186_SELL_M15": 0.20543213160897186,
      "EURGBP_9_5.2.127_SELL_M15": 0.23859672548455402,
      "EURUSD_11_1.42.105_SELL_M15": 0.11736126522299734,
      "EURUSD_12_3.47.124_BUY_M15": 0.058649447132686786,
      "EURUSD_13_6.46.178_BUY_M15": -0.014414826478137683,
      "EURUSD_14_5.6.167_BUY_M15": 0.019747486770000263,
      "EURUSD_18_6.6.111_SELL_M15": 0.013029599783948192,
      "EURUSD_59_2.34.129_SELL_M15": 0.04236880569910905,
      "EURUSD_64_4.34.165_BUY_M15": -0.013503783099857383,
      "EURUSD_71_5.30.159_SELL_M15": 0.06986004573548521,
      "EURUSD_72_5.42.127_SELL_M15": 0.03865351029818074,
      "EURUSD_73_5.43.181_SELL_M15": 0.01834467419936405,
      "GBPJPY_50_5.35.116_BUY_M15": 0.016466983647066377,
      "GBPJPY_65_2.14.157_BUY_M15": 0.038846464211706934,
      "GBPJPY_66_4.17.131_BOTH_M15": 0.09657102430856655,
      "GBPJPY_67_4.19.99_BOTH_M15": 0.10716846029764367,
      "GBPUSD_19_0.13205_BUY_M15": 0.047053285263242706,
      "GBPUSD_20_1.32.126_BUY_M15": 0.13030702851651585,
      "GBPUSD_21_3.3.167_BUY_M15": 0.12401758123436867,
      "GBPUSD_22_6.11.100_SELL_M15": -0.056794995044104894,
      "GBPUSD_69_3.13.113_BUY_M15": -0.06476517262659241,
      "GBPUSD_74_6.52.179_SELL_M15": -0.04454965007865907,
      "NZDUSD_23_2.12.147_SELL_M15": -0.013813801422787894,
      "NZDUSD_24_4.41.120_SELL_M15": -0.01968452587222774,
      "NZDUSD_25_5.7.105_SELL_M15": -0.02756039619637509,
      "NZDUSD_26_2.6.180_SELL_M15": -0.02442791050302869,
      "NZDUSD_27_6.16.107_SELL_M15": -0.002866713817002202,
      "NZDUSD_75_4.73.120_SELL_M15": -0.027799036044795795,
      "NZDUSD_76_5.71.164_BUY_M15": 0.06896480982487506,
      "US500.cash_28_3.8.114_BUY_M15": -0.0505467525627393,
      "US500.cash_29_3.32.156_BUY_M15": 0.023506422040801857,
      "USDCAD_30_2.34.141_BUY_M15": 0.01681404656055081,
      "USDCAD_31_3.2.189_BUY_M15": 0.006776158665399548,
      "USDCAD_32_4.16.175_BUY_M15": 0.004771865571417023,
      "USDCAD_33_5.11.180_BUY_M15": 0.02399825596600674,
      "USDCAD_34_1.8.187_BUY_M15": -0.02783251401738742,
      "USDCAD_51_6.27.122_BUY_M15": 0.017520012374892698,
      "USDCAD_77_3.51.113_SELL_M15": 0.03887611825756597,
      "USDCHF_35_3.1.133_SELL_M15": -0.016051435642682185,
      "USDCHF_36_4.5.112_SELL_M15": -0.025626735884828358,
      "USDCHF_52_3.17.186_BOTH_M15": -0.021367307194364367,
      "USDCHF_53_6.47.153_BOTH_M15": 0.010417673041828819,
      "USDCHF_55_6.23.134_BUY_M15": 0.005090307289132037,
      "USDJPY_37_0.18430_BUY_M15": 0.0017303772710768634,
      "USDJPY_38_1.35.168_BUY_M15": -0.011332583022922392,
      "USDJPY_39_6.27.190_BUY_M15": 0.021743728606417757,
      "USDJPY_40_2.4.138_BUY_M15": -0.00016265353145456063,
      "USDJPY_41_2.5.172_BUY_M15": -0.012749372821238756,
      "USDJPY_57_4.8.181_BUY_M15": -0.00317782174415536,
      "USOIL.cash_42_1.25.121_BUY_M15": 0.0642971234099641,
      "USOIL.cash_43_5.11.112_BUY_M15": 0.031935745141052775,
      "USOIL.cash_44_6.17.127_BUY_M15": 0.003240082577412087,
      "USOIL.cash_54_4.18.190_BOTH_M15": 0.003240082577412087,
      "XAUUSD_45_2.13.130_BUY_M15": 0.027821664989491072,
      "XAUUSD_58_5.6.136_BUY_M15": 0.023319759063110023
    },
    "drawdown_correlation_row": {
      "AUDJPY_1_3.14.146_BUY_M15": -0.11874161589142375,
      "AUDJPY_2_5.20.109_BUY_M15": -0.44242946082599816,
      "AUDJPY_3_3.19_BUY_M15": 0.17800788612835217,
      "AUDJPY_46_3.50.181_BUY_M15": -0.41328797483606805,
      "AUDJPY_47_6.30.171_BOTH_M15": -0.18226316527614014,
      "AUDJPY_56_1.14.109_BUY_M15": 0.06862730189776581,
      "AUDJPY_78_3.7.108_BUY_M15": 0.1787771065972004,
      "AUDUSD_48_5.8.189_SELL_M15": 0.2250643477689007,
      "AUDUSD_4_3.27.109_SELL_M15": 0.36070320956398744,
      "AUDUSD_5_6.3.178_SELL_M15": 0.5560944861455769,
      "AUDUSD_60_1.31.145_SELL_M15": 0.37851843652099226,
      "AUDUSD_61_6.25.174_SELL_M15": -0.23553324530405073,
      "AUDUSD_6_5.9.126_SELL_M15": 0.40067793989474243,
      "EURGBP_10_5.21.111_SELL_M15": 0.40648238251071434,
      "EURGBP_49_2.36.141_BOTH_M15": 0.03092977855382045,
      "EURGBP_62_3.31.132_BUY_M15": 0.10264444100895369,
      "EURGBP_63_4.21.189_SELL_M15": 0.0908517472965456,
      "EURGBP_70_2.27.108_SELL_M15": 1.0,
      "EURGBP_7_3.16.177_SELL_M15": -0.14700879104099973,
      "EURGBP_8_6.1.186_SELL_M15": 0.10594524373586765,
      "EURGBP_9_5.2.127_SELL_M15": 0.07573692864535464,
      "EURUSD_11_1.42.105_SELL_M15": 0.3099628092134605,
      "EURUSD_12_3.47.124_BUY_M15": -0.04461012523901807,
      "EURUSD_13_6.46.178_BUY_M15": -0.2628610554511589,
      "EURUSD_14_5.6.167_BUY_M15": 0.2957326718932035,
      "EURUSD_18_6.6.111_SELL_M15": 0.41479611375361236,
      "EURUSD_59_2.34.129_SELL_M15": 0.022443606104999195,
      "EURUSD_64_4.34.165_BUY_M15": 0.16142209392762347,
      "EURUSD_71_5.30.159_SELL_M15": 0.4626319189386872,
      "EURUSD_72_5.42.127_SELL_M15": -0.2638807814276896,
      "EURUSD_73_5.43.181_SELL_M15": 0.5034966933343351,
      "GBPJPY_50_5.35.116_BUY_M15": 0.25087180763829103,
      "GBPJPY_65_2.14.157_BUY_M15": 0.35023581502707113,
      "GBPJPY_66_4.17.131_BOTH_M15": 0.5353900854861529,
      "GBPJPY_67_4.19.99_BOTH_M15": 0.5355675424586126,
      "GBPUSD_19_0.13205_BUY_M15": -0.2400115699634387,
      "GBPUSD_20_1.32.126_BUY_M15": 0.4973357666552678,
      "GBPUSD_21_3.3.167_BUY_M15": -0.27377825674989653,
      "GBPUSD_22_6.11.100_SELL_M15": 0.11821602549039173,
      "GBPUSD_69_3.13.113_BUY_M15": 0.14695514986702435,
      "GBPUSD_74_6.52.179_SELL_M15": -0.08714470308761105,
      "NZDUSD_23_2.12.147_SELL_M15": 0.1070218351439641,
      "NZDUSD_24_4.41.120_SELL_M15": 0.009993606891005164,
      "NZDUSD_25_5.7.105_SELL_M15": 0.36799358084767764,
      "NZDUSD_26_2.6.180_SELL_M15": 0.20056838091452323,
      "NZDUSD_27_6.16.107_SELL_M15": -0.18954529958469116,
      "NZDUSD_75_4.73.120_SELL_M15": -0.022897280386431153,
      "NZDUSD_76_5.71.164_BUY_M15": -0.36416700768635324,