{
  "strategy_id": "EURGBP_10_5.21.111_SELL_M15",
  "summary": {
    "strategy_id": "EURGBP_10_5.21.111_SELL_M15",
    "symbol_count": 1,
    "side_mix": "SELL",
    "trade_count": 472,
    "avg_return_correlation": 0.03296862573444261,
    "max_return_correlation": 0.4573369692172609,
    "avg_drawdown_correlation": 0.05313073382873842,
    "max_drawdown_correlation": 0.5271831493027941,
    "avg_stress_overlap": 0.06623064825411991,
    "max_stress_overlap": 0.26424870466321243,
    "avg_symbol_overlap": 0.0958904109589041,
    "max_symbol_overlap": 1.0,
    "avg_side_overlap": 0.06164383561643835,
    "max_side_overlap": 1.0,
    "correlation_penalty": 0.043049679781590515,
    "marginal_dd_contribution": 0.9344909292854169,
    "diversification_score": 0.9239479634632263,
    "portfolio_fit_score": 0.7120207062780775,
    "cluster_membership": "CLUSTER_11"
  },
  "peer_snapshot": {
    "return_correlation_row": {
      "AUDJPY_1_3.14.146_BUY_M15": 0.010914697339507487,
      "AUDJPY_2_5.20.109_BUY_M15": 0.01823543236874553,
      "AUDJPY_3_3.19_BUY_M15": 0.04084218633701568,
      "AUDJPY_46_3.50.181_BUY_M15": 0.05529645263435658,
      "AUDJPY_47_6.30.171_BOTH_M15": 0.0005539486934910015,
      "AUDJPY_56_1.14.109_BUY_M15": 0.024652084620628588,
      "AUDJPY_78_3.7.108_BUY_M15": 0.04509206164076139,
      "AUDUSD_48_5.8.189_SELL_M15": -0.03312198818345695,
      "AUDUSD_4_3.27.109_SELL_M15": 0.018589473124337744,
      "AUDUSD_5_6.3.178_SELL_M15": -0.012783587780819533,
      "AUDUSD_60_1.31.145_SELL_M15": 0.04571298707748004,
      "AUDUSD_61_6.25.174_SELL_M15": 0.02496216669874935,
      "AUDUSD_6_5.9.126_SELL_M15": 0.025176066774282194,
      "EURGBP_10_5.21.111_SELL_M15": 1.0,
      "EURGBP_49_2.36.141_BOTH_M15": 0.1810023690493356,
      "EURGBP_62_3.31.132_BUY_M15": -0.09127004751324451,
      "EURGBP_63_4.21.189_SELL_M15": 0.27411854610485,
      "EURGBP_70_2.27.108_SELL_M15": 0.18586926499392448,
      "EURGBP_7_3.16.177_SELL_M15": 0.19199125453250757,
      "EURGBP_8_6.1.186_SELL_M15": 0.4573369692172609,
      "EURGBP_9_5.2.127_SELL_M15": 0.37338494450724824,
      "EURUSD_11_1.42.105_SELL_M15": 0.020357257594048165,
      "EURUSD_12_3.47.124_BUY_M15": 0.00968672008121957,
      "EURUSD_13_6.46.178_BUY_M15": 0.01322181767796344,
      "EURUSD_14_5.6.167_BUY_M15": -0.033045126824097194,
      "EURUSD_18_6.6.111_SELL_M15": 0.025003908962620978,
      "EURUSD_59_2.34.129_SELL_M15": 0.06252648761242345,
      "EURUSD_64_4.34.165_BUY_M15": -0.0266079457891692,
      "EURUSD_71_5.30.159_SELL_M15": 0.02863175114474765,
      "EURUSD_72_5.42.127_SELL_M15": -0.004534426925376302,
      "EURUSD_73_5.43.181_SELL_M15": 0.04669108818482054,
      "GBPJPY_50_5.35.116_BUY_M15": 0.061797549261782006,
      "GBPJPY_65_2.14.157_BUY_M15": 0.09539679300472927,
      "GBPJPY_66_4.17.131_BOTH_M15": 0.07839515531987579,
      "GBPJPY_67_4.19.99_BOTH_M15": 0.09197964665948698,
      "GBPUSD_19_0.13205_BUY_M15": 0.04398286937427214,
      "GBPUSD_20_1.32.126_BUY_M15": 0.05876319553060372,
      "GBPUSD_21_3.3.167_BUY_M15": 0.09906419261500106,
      "GBPUSD_22_6.11.100_SELL_M15": -0.06619188620776964,
      "GBPUSD_69_3.13.113_BUY_M15": -0.041146209437733706,
      "GBPUSD_74_6.52.179_SELL_M15": -0.08372909761420996,
      "NZDUSD_23_2.12.147_SELL_M15": 0.01834934593665403,
      "NZDUSD_24_4.41.120_SELL_M15": -0.006043451083746305,
      "NZDUSD_25_5.7.105_SELL_M15": 0.004882716093130509,
      "NZDUSD_26_2.6.180_SELL_M15": -0.029844723285458005,
      "NZDUSD_27_6.16.107_SELL_M15": -0.006935001060794526,
      "NZDUSD_75_4.73.120_SELL_M15": -0.028366257472801394,
      "NZDUSD_76_5.71.164_BUY_M15": 0.04722791072986771,
      "US500.cash_28_3.8.114_BUY_M15": 0.0225112418838669,
      "US500.cash_29_3.32.156_BUY_M15": 0.003845026557634815,
      "USDCAD_30_2.34.141_BUY_M15": 0.029045770605485948,
      "USDCAD_31_3.2.189_BUY_M15": 0.0009169874494593304,
      "USDCAD_32_4.16.175_BUY_M15": 0.0173096136243694,
      "USDCAD_33_5.11.180_BUY_M15": -0.0007599457190632834,
      "USDCAD_34_1.8.187_BUY_M15": -0.04809334183394848,
      "USDCAD_51_6.27.122_BUY_M15": -0.0325125379924384,
      "USDCAD_77_3.51.113_SELL_M15": 0.029718623837555285,
      "USDCHF_35_3.1.133_SELL_M15": -0.00934618400973474,
      "USDCHF_36_4.5.112_SELL_M15": 0.014307070162829212,
      "USDCHF_52_3.17.186_BOTH_M15": -0.015067224088326966,
      "USDCHF_53_6.47.153_BOTH_M15": 0.014132279260560942,
      "USDCHF_55_6.23.134_BUY_M15": 0.012089183973604535,
      "USDJPY_37_0.18430_BUY_M15": 0.027227706899062797,
      "USDJPY_38_1.35.168_BUY_M15": 0.007056092334248619,
      "USDJPY_39_6.27.190_BUY_M15": 0.01931631415612923,
      "USDJPY_40_2.4.138_BUY_M15": 0.003243863995281576,
      "USDJPY_41_2.5.172_BUY_M15": -0.016425241413421086,
      "USDJPY_57_4.8.181_BUY_M15": -0.005101344142322932,
      "USOIL.cash_42_1.25.121_BUY_M15": -0.017784554183622642,
      "USOIL.cash_43_5.11.112_BUY_M15": -0.022704814421237552,
      "USOIL.cash_44_6.17.127_BUY_M15": 0.008494851858719284,
      "USOIL.cash_54_4.18.190_BOTH_M15": 0.008494851858719284,
      "XAUUSD_45_2.13.130_BUY_M15": 0.036512000936927545,
      "XAUUSD_58_5.6.136_BUY_M15": 0.004213824704919297
    },
    "drawdown_correlation_row": {
      "AUDJPY_1_3.14.146_BUY_M15": 0.21112490944085072,
      "AUDJPY_2_5.20.109_BUY_M15": -0.2189491095958975,
      "AUDJPY_3_3.19_BUY_M15": 0.17830210096951749,
      "AUDJPY_46_3.50.181_BUY_M15": -0.3852151630551563,
      "AUDJPY_47_6.30.171_BOTH_M15": -0.0395547506057025,
      "AUDJPY_56_1.14.109_BUY_M15": -0.13149490890652346,
      "AUDJPY_78_3.7.108_BUY_M15": 0.16852009828094294,
      "AUDUSD_48_5.8.189_SELL_M15": 0.05097351230206072,
      "AUDUSD_4_3.27.109_SELL_M15": 0.3011181944818126,
      "AUDUSD_5_6.3.178_SELL_M15": 0.44206887141618423,
      "AUDUSD_60_1.31.145_SELL_M15": 0.27810512388943814,
      "AUDUSD_61_6.25.174_SELL_M15": -0.2428068442041934,
      "AUDUSD_6_5.9.126_SELL_M15": 0.39193532230190303,
      "EURGBP_10_5.21.111_SELL_M15": 1.0,
      "EURGBP_49_2.36.141_BOTH_M15": -0.22420347429356813,
      "EURGBP_62_3.31.132_BUY_M15": 0.3817846750181744,
      "EURGBP_63_4.21.189_SELL_M15": 0.21976424033727013,
      "EURGBP_70_2.27.108_SELL_M15": 0.40648238251071434,
      "EURGBP_7_3.16.177_SELL_M15": 0.20813462111541722,
      "EURGBP_8_6.1.186_SELL_M15": 0.44876162171241746,
      "EURGBP_9_5.2.127_SELL_M15": 0.26547151830370774,
      "EURUSD_11_1.42.105_SELL_M15": -0.22274989585878271,
      "EURUSD_12_3.47.124_BUY_M15": 0.2332876697506771,
      "EURUSD_13_6.46.178_BUY_M15": -0.14839835661990958,
      "EURUSD_14_5.6.167_BUY_M15": 0.2858196746015466,
      "EURUSD_18_6.6.111_SELL_M15": -0.01511171658847952,
      "EURUSD_59_2.34.129_SELL_M15": -0.12221447607141972,
      "EURUSD_64_4.34.165_BUY_M15": -0.046957024284553076,
      "EURUSD_71_5.30.159_SELL_M15": -0.06083170910258141,
      "EURUSD_72_5.42.127_SELL_M15": -0.399434050676182,
      "EURUSD_73_5.43.181_SELL_M15": 0.04952668984282246,
      "GBPJPY_50_5.35.116_BUY_M15": -0.1130661633514162,
      "GBPJPY_65_2.14.157_BUY_M15": 0.07598241399972043,
      "GBPJPY_66_4.17.131_BOTH_M15": -0.025813210960070946,
      "GBPJPY_67_4.19.99_BOTH_M15": -0.04452796702456467,
      "GBPUSD_19_0.13205_BUY_M15": 0.2585178767888945,
      "GBPUSD_20_1.32.126_BUY_M15": 0.5271831493027941,
      "GBPUSD_21_3.3.167_BUY_M15": -0.058456605741652234,
      "GBPUSD_22_6.11.100_SELL_M15": -0.012147908698061208,
      "GBPUSD_69_3.13.113_BUY_M15": -0.1553328711905841,
      "GBPUSD_74_6.52.179_SELL_M15": -0.13027126691482543,
      "NZDUSD_23_2.12.147_SELL_M15": -0.01117286802727214,
      "NZDUSD_24_4.41.120_SELL_M15": 0.2756772499702674,
      "NZDUSD_25_5.7.105_SELL_M15": 0.47621884495847433,
      "NZDUSD_26_2.6.180_SELL_M15": 0.26406742371077396,
      "NZDUSD_27_6.16.107_SELL_M15": 0.14228966937254448,
      "NZDUSD_75_4.73.120_SELL_M15": -0.10912319382124183,
      "NZDUSD_76_5.71.164_BUY_M15": 0.03489054536757105,