{
  "strategy_id": "EURGBP_8_6.1.186_SELL_M15",
  "summary": {
    "strategy_id": "EURGBP_8_6.1.186_SELL_M15",
    "symbol_count": 1,
    "side_mix": "SELL",
    "trade_count": 646,
    "avg_return_correlation": 0.033414714178670486,
    "max_return_correlation": 0.47818398505376364,
    "avg_drawdown_correlation": -0.014315951206843473,
    "max_drawdown_correlation": 0.6153546432548308,
    "avg_stress_overlap": 0.06762595999667775,
    "max_stress_overlap": 0.2708333333333333,
    "avg_symbol_overlap": 0.0958904109589041,
    "max_symbol_overlap": 1.0,
    "avg_side_overlap": 0.06164383561643835,
    "max_side_overlap": 1.0,
    "correlation_penalty": 0.02386533269275698,
    "marginal_dd_contribution": 3.6242169566827016,
    "diversification_score": 0.9231295633802105,
    "portfolio_fit_score": 0.7117459925379395,
    "cluster_membership": "CLUSTER_17"
  },
  "peer_snapshot": {
    "return_correlation_row": {
      "AUDJPY_1_3.14.146_BUY_M15": 0.01578564520610248,
      "AUDJPY_2_5.20.109_BUY_M15": 0.01182055087492883,
      "AUDJPY_3_3.19_BUY_M15": 0.040802616989816895,
      "AUDJPY_46_3.50.181_BUY_M15": 0.050074466218225096,
      "AUDJPY_47_6.30.171_BOTH_M15": 0.01329351632036921,
      "AUDJPY_56_1.14.109_BUY_M15": 0.05948151995379763,
      "AUDJPY_78_3.7.108_BUY_M15": 0.04379462138165763,
      "AUDUSD_48_5.8.189_SELL_M15": -0.020771623246904947,
      "AUDUSD_4_3.27.109_SELL_M15": -0.0046854777737203365,
      "AUDUSD_5_6.3.178_SELL_M15": -0.03783933843500252,
      "AUDUSD_60_1.31.145_SELL_M15": -0.019170380452940387,
      "AUDUSD_61_6.25.174_SELL_M15": -0.01834852619851923,
      "AUDUSD_6_5.9.126_SELL_M15": 0.0047230052724010875,
      "EURGBP_10_5.21.111_SELL_M15": 0.4573369692172609,
      "EURGBP_49_2.36.141_BOTH_M15": 0.2419131508903644,
      "EURGBP_62_3.31.132_BUY_M15": -0.024144520559440726,
      "EURGBP_63_4.21.189_SELL_M15": 0.3218710187095161,
      "EURGBP_70_2.27.108_SELL_M15": 0.20543213160897186,
      "EURGBP_7_3.16.177_SELL_M15": 0.14323919089476192,
      "EURGBP_8_6.1.186_SELL_M15": 1.0,
      "EURGBP_9_5.2.127_SELL_M15": 0.47818398505376364,
      "EURUSD_11_1.42.105_SELL_M15": 0.026075500678681893,
      "EURUSD_12_3.47.124_BUY_M15": -0.02943719702569055,
      "EURUSD_13_6.46.178_BUY_M15": -0.037181583655765515,
      "EURUSD_14_5.6.167_BUY_M15": -0.029864315311237122,
      "EURUSD_18_6.6.111_SELL_M15": 0.008150763542305612,
      "EURUSD_59_2.34.129_SELL_M15": 0.09089838867553493,
      "EURUSD_64_4.34.165_BUY_M15": 0.005962892959514045,
      "EURUSD_71_5.30.159_SELL_M15": 0.005364057922560449,
      "EURUSD_72_5.42.127_SELL_M15": 0.004641657755370482,
      "EURUSD_73_5.43.181_SELL_M15": 0.05951413778974338,
      "GBPJPY_50_5.35.116_BUY_M15": 0.11504064838393821,
      "GBPJPY_65_2.14.157_BUY_M15": 0.1362471977077009,
      "GBPJPY_66_4.17.131_BOTH_M15": 0.14956059498346075,
      "GBPJPY_67_4.19.99_BOTH_M15": 0.16962255788204783,
      "GBPUSD_19_0.13205_BUY_M15": 0.07972367082030031,
      "GBPUSD_20_1.32.126_BUY_M15": 0.09331956876420036,
      "GBPUSD_21_3.3.167_BUY_M15": 0.12903410782818994,
      "GBPUSD_22_6.11.100_SELL_M15": -0.09155216544883815,
      "GBPUSD_69_3.13.113_BUY_M15": -0.07382588586189695,
      "GBPUSD_74_6.52.179_SELL_M15": -0.12980536665086656,
      "NZDUSD_23_2.12.147_SELL_M15": -0.010973527774183197,
      "NZDUSD_24_4.41.120_SELL_M15": -0.02426863492162017,
      "NZDUSD_25_5.7.105_SELL_M15": -0.0487104284887312,
      "NZDUSD_26_2.6.180_SELL_M15": -0.0549999018538865,
      "NZDUSD_27_6.16.107_SELL_M15": -0.06748780247942433,
      "NZDUSD_75_4.73.120_SELL_M15": -0.04882476250657893,
      "NZDUSD_76_5.71.164_BUY_M15": 0.054595701961425186,
      "US500.cash_28_3.8.114_BUY_M15": 0.04780226256422361,
      "US500.cash_29_3.32.156_BUY_M15": 0.0020383610854783868,
      "USDCAD_30_2.34.141_BUY_M15": -0.007182491270181671,
      "USDCAD_31_3.2.189_BUY_M15": 0.002715342165379079,
      "USDCAD_32_4.16.175_BUY_M15": -0.04442017484384969,
      "USDCAD_33_5.11.180_BUY_M15": 0.013390940396022302,
      "USDCAD_34_1.8.187_BUY_M15": -0.045107554379154875,
      "USDCAD_51_6.27.122_BUY_M15": -0.030503264112686862,
      "USDCAD_77_3.51.113_SELL_M15": 0.04334740238599467,
      "USDCHF_35_3.1.133_SELL_M15": -0.035814509983730695,
      "USDCHF_36_4.5.112_SELL_M15": 0.026028859938073245,
      "USDCHF_52_3.17.186_BOTH_M15": -0.034696209128656195,
      "USDCHF_53_6.47.153_BOTH_M15": 0.044529682413156406,
      "USDCHF_55_6.23.134_BUY_M15": 0.02217590360186695,
      "USDJPY_37_0.18430_BUY_M15": 0.023960952011587138,
      "USDJPY_38_1.35.168_BUY_M15": -0.01778371240838798,
      "USDJPY_39_6.27.190_BUY_M15": -0.001015236680596893,
      "USDJPY_40_2.4.138_BUY_M15": -0.007957457561226126,
      "USDJPY_41_2.5.172_BUY_M15": -0.041241745917715546,
      "USDJPY_57_4.8.181_BUY_M15": -0.04761663128598777,
      "USOIL.cash_42_1.25.121_BUY_M15": 0.03010388002839467,
      "USOIL.cash_43_5.11.112_BUY_M15": 0.02833230101014122,
      "USOIL.cash_44_6.17.127_BUY_M15": 0.001683440374376218,
      "USOIL.cash_54_4.18.190_BOTH_M15": 0.001683440374376218,
      "XAUUSD_45_2.13.130_BUY_M15": 0.04512956516457416,
      "XAUUSD_58_5.6.136_BUY_M15": -0.023921608500189116
    },
    "drawdown_correlation_row": {
      "AUDJPY_1_3.14.146_BUY_M15": -0.013672224820837584,
      "AUDJPY_2_5.20.109_BUY_M15": -0.34504118631625286,
      "AUDJPY_3_3.19_BUY_M15": 0.10443087749909694,
      "AUDJPY_46_3.50.181_BUY_M15": -0.28794378223053435,
      "AUDJPY_47_6.30.171_BOTH_M15": 0.03399868099874709,
      "AUDJPY_56_1.14.109_BUY_M15": -0.18616675923107714,
      "AUDJPY_78_3.7.108_BUY_M15": 0.10263653657178089,
      "AUDUSD_48_5.8.189_SELL_M15": -0.04591327678510472,
      "AUDUSD_4_3.27.109_SELL_M15": 0.005145050752757045,
      "AUDUSD_5_6.3.178_SELL_M15": 0.056252043818541236,
      "AUDUSD_60_1.31.145_SELL_M15": 0.03504576961681823,
      "AUDUSD_61_6.25.174_SELL_M15": -0.09497469304075462,
      "AUDUSD_6_5.9.126_SELL_M15": 0.3497496444139186,
      "EURGBP_10_5.21.111_SELL_M15": 0.44876162171241746,
      "EURGBP_49_2.36.141_BOTH_M15": 0.2808103957570392,
      "EURGBP_62_3.31.132_BUY_M15": 0.19575729430231115,
      "EURGBP_63_4.21.189_SELL_M15": 0.04308150698109733,
      "EURGBP_70_2.27.108_SELL_M15": 0.10594524373586765,
      "EURGBP_7_3.16.177_SELL_M15": -0.007991655944532414,
      "EURGBP_8_6.1.186_SELL_M15": 1.0,
      "EURGBP_9_5.2.127_SELL_M15": 0.6153546432548308,
      "EURUSD_11_1.42.105_SELL_M15": -0.08087122116529595,
      "EURUSD_12_3.47.124_BUY_M15": -0.1354179340733676,
      "EURUSD_13_6.46.178_BUY_M15": -0.3937653943249678,
      "EURUSD_14_5.6.167_BUY_M15": 0.020895814802426336,
      "EURUSD_18_6.6.111_SELL_M15": 0.14422475255276465,
      "EURUSD_59_2.34.129_SELL_M15": -0.31358431233726414,
      "EURUSD_64_4.34.165_BUY_M15": -0.011523427012921991,
      "EURUSD_71_5.30.159_SELL_M15": -0.39398146664006084,
      "EURUSD_72_5.42.127_SELL_M15": -0.43191238180260505,
      "EURUSD_73_5.43.181_SELL_M15": -0.004734331044645621,
      "GBPJPY_50_5.35.116_BUY_M15": -0.046649609495333096,
      "GBPJPY_65_2.14.157_BUY_M15": 0.11063286640996184,
      "GBPJPY_66_4.17.131_BOTH_M15": -0.3381931959376074,
      "GBPJPY_67_4.19.99_BOTH_M15": -0.30476172295075066,
      "GBPUSD_19_0.13205_BUY_M15": 0.05431103264819656,
      "GBPUSD_20_1.32.126_BUY_M15": 0.38901784559325275,
      "GBPUSD_21_3.3.167_BUY_M15": -0.0856618238296625,
      "GBPUSD_22_6.11.100_SELL_M15": -0.25203453629503836,
      "GBPUSD_69_3.13.113_BUY_M15": 0.026725139543734216,
      "GBPUSD_74_6.52.179_SELL_M15": -0.04764042714798068,
      "NZDUSD_23_2.12.147_SELL_M15": -0.2226292820150229,
      "NZDUSD_24_4.41.120_SELL_M15": -0.0012638852375900906,
      "NZDUSD_25_5.7.105_SELL_M15": 0.3619607372058278,
      "NZDUSD_26_2.6.180_SELL_M15": 0.14342442723343315,
      "NZDUSD_27_6.16.107_SELL_M15": 0.08544306243382364,
      "NZDUSD_75_4.73.120_SELL_M15": -0.13162069586851174,