{
  "strategy_id": "EURGBP_63_4.21.189_SELL_M15",
  "summary": {
    "strategy_id": "EURGBP_63_4.21.189_SELL_M15",
    "symbol_count": 1,
    "side_mix": null,
    "trade_count": 850,
    "avg_return_correlation": 0.04825690166529893,
    "max_return_correlation": 0.469198631619657,
    "avg_drawdown_correlation": 0.07137821115032174,
    "max_drawdown_correlation": 0.402418436756239,
    "avg_stress_overlap": 0.0771414260924697,
    "max_stress_overlap": 0.2708333333333333,
    "avg_symbol_overlap": 0.0958904109589041,
    "max_symbol_overlap": 1.0,
    "avg_side_overlap": 0.821917808219178,
    "max_side_overlap": 1.0,
    "correlation_penalty": 0.059817556407810335,
    "marginal_dd_contribution": 1.4235320251758878,
    "diversification_score": 0.9123039395658014,
    "portfolio_fit_score": 0.7062231463841595,
    "cluster_membership": "CLUSTER_14"
  },
  "peer_snapshot": {
    "return_correlation_row": {
      "AUDJPY_1_3.14.146_BUY_M15": 0.02881141503934327,
      "AUDJPY_2_5.20.109_BUY_M15": -0.03588881477745728,
      "AUDJPY_3_3.19_BUY_M15": -0.016676160925064572,
      "AUDJPY_46_3.50.181_BUY_M15": 0.0583880318037549,
      "AUDJPY_47_6.30.171_BOTH_M15": 0.018260887642268887,
      "AUDJPY_56_1.14.109_BUY_M15": 0.01932662612476384,
      "AUDJPY_78_3.7.108_BUY_M15": -0.014714736911264695,
      "AUDUSD_48_5.8.189_SELL_M15": -0.03292289008334268,
      "AUDUSD_4_3.27.109_SELL_M15": 0.07848086048434957,
      "AUDUSD_5_6.3.178_SELL_M15": 0.03524986090005087,
      "AUDUSD_60_1.31.145_SELL_M15": 0.04381027956682546,
      "AUDUSD_61_6.25.174_SELL_M15": 0.003585061250481136,
      "AUDUSD_6_5.9.126_SELL_M15": 0.019329428833922805,
      "EURGBP_10_5.21.111_SELL_M15": 0.27411854610485,
      "EURGBP_49_2.36.141_BOTH_M15": 0.22451001883764318,
      "EURGBP_62_3.31.132_BUY_M15": -0.03169819047721024,
      "EURGBP_63_4.21.189_SELL_M15": 1.0,
      "EURGBP_70_2.27.108_SELL_M15": 0.469198631619657,
      "EURGBP_7_3.16.177_SELL_M15": 0.1620872523921188,
      "EURGBP_8_6.1.186_SELL_M15": 0.3218710187095161,
      "EURGBP_9_5.2.127_SELL_M15": 0.35564457410751216,
      "EURUSD_11_1.42.105_SELL_M15": 0.04088084262373082,
      "EURUSD_12_3.47.124_BUY_M15": 0.009257616778578628,
      "EURUSD_13_6.46.178_BUY_M15": -0.009730966543443425,
      "EURUSD_14_5.6.167_BUY_M15": -0.029259943610405643,
      "EURUSD_18_6.6.111_SELL_M15": 0.0129039586920038,
      "EURUSD_59_2.34.129_SELL_M15": 0.10164317947771313,
      "EURUSD_64_4.34.165_BUY_M15": 0.0054898118225683145,
      "EURUSD_71_5.30.159_SELL_M15": 0.08192547336712314,
      "EURUSD_72_5.42.127_SELL_M15": 0.022284238247467184,
      "EURUSD_73_5.43.181_SELL_M15": -0.0280125750402258,
      "GBPJPY_50_5.35.116_BUY_M15": 0.07381345483264902,
      "GBPJPY_65_2.14.157_BUY_M15": 0.12762199752876613,
      "GBPJPY_66_4.17.131_BOTH_M15": 0.16397181749832276,
      "GBPJPY_67_4.19.99_BOTH_M15": 0.17075501886089525,
      "GBPUSD_19_0.13205_BUY_M15": 0.06980455615054881,
      "GBPUSD_20_1.32.126_BUY_M15": 0.1495331542082532,
      "GBPUSD_21_3.3.167_BUY_M15": 0.14932758154082876,
      "GBPUSD_22_6.11.100_SELL_M15": -0.08368867188646158,
      "GBPUSD_69_3.13.113_BUY_M15": -0.021923971590879766,
      "GBPUSD_74_6.52.179_SELL_M15": -0.10399574335886512,
      "NZDUSD_23_2.12.147_SELL_M15": 0.0034918179650643374,
      "NZDUSD_24_4.41.120_SELL_M15": -0.027527007753968012,
      "NZDUSD_25_5.7.105_SELL_M15": 0.01611180620250467,
      "NZDUSD_26_2.6.180_SELL_M15": 0.0038137144493070735,
      "NZDUSD_27_6.16.107_SELL_M15": -0.004903221575531247,
      "NZDUSD_75_4.73.120_SELL_M15": 0.0003392798394300201,
      "NZDUSD_76_5.71.164_BUY_M15": 0.03003856491921339,
      "US500.cash_28_3.8.114_BUY_M15": 0.015157394332726294,
      "US500.cash_29_3.32.156_BUY_M15": 0.04275920228026411,
      "USDCAD_30_2.34.141_BUY_M15": 0.01213833154790743,
      "USDCAD_31_3.2.189_BUY_M15": 0.011980228460255185,
      "USDCAD_32_4.16.175_BUY_M15": -0.004686969945435639,
      "USDCAD_33_5.11.180_BUY_M15": 0.04620834184173782,
      "USDCAD_34_1.8.187_BUY_M15": -0.007372330943836277,
      "USDCAD_51_6.27.122_BUY_M15": 0.036031601433309655,
      "USDCAD_77_3.51.113_SELL_M15": 0.0034555541542042917,
      "USDCHF_35_3.1.133_SELL_M15": 0.012942564429797323,
      "USDCHF_36_4.5.112_SELL_M15": 0.005162005218040324,
      "USDCHF_52_3.17.186_BOTH_M15": -0.02011668386290284,
      "USDCHF_53_6.47.153_BOTH_M15": 0.009581388544106156,
      "USDCHF_55_6.23.134_BUY_M15": 0.03205773544157453,
      "USDJPY_37_0.18430_BUY_M15": 0.03543082307129054,
      "USDJPY_38_1.35.168_BUY_M15": 0.04128301295378254,
      "USDJPY_39_6.27.190_BUY_M15": 0.04133438695140722,
      "USDJPY_40_2.4.138_BUY_M15": 0.06304505577344795,
      "USDJPY_41_2.5.172_BUY_M15": 0.012944116330430402,
      "USDJPY_57_4.8.181_BUY_M15": 0.020380940912090157,
      "USOIL.cash_42_1.25.121_BUY_M15": 0.07302816278947373,
      "USOIL.cash_43_5.11.112_BUY_M15": 0.03157409464788877,
      "USOIL.cash_44_6.17.127_BUY_M15": 0.03633178411818856,
      "USOIL.cash_54_4.18.190_BOTH_M15": 0.03633178411818856,
      "XAUUSD_45_2.13.130_BUY_M15": 0.01133191559787474,
      "XAUUSD_58_5.6.136_BUY_M15": 0.019701897483103893
    },
    "drawdown_correlation_row": {
      "AUDJPY_1_3.14.146_BUY_M15": 0.242960231783287,
      "AUDJPY_2_5.20.109_BUY_M15": 0.29725151518916976,
      "AUDJPY_3_3.19_BUY_M15": 0.015263911693495993,
      "AUDJPY_46_3.50.181_BUY_M15": -0.0330818201758473,
      "AUDJPY_47_6.30.171_BOTH_M15": 0.09077265323617772,
      "AUDJPY_56_1.14.109_BUY_M15": 0.31325162784315136,
      "AUDJPY_78_3.7.108_BUY_M15": 0.01661937327455943,
      "AUDUSD_48_5.8.189_SELL_M15": -0.14293296359675683,
      "AUDUSD_4_3.27.109_SELL_M15": -0.15655493445856808,
      "AUDUSD_5_6.3.178_SELL_M15": -0.11656088574067974,
      "AUDUSD_60_1.31.145_SELL_M15": 0.023224885453999866,
      "AUDUSD_61_6.25.174_SELL_M15": 0.17734925942389973,
      "AUDUSD_6_5.9.126_SELL_M15": 0.3491394447463123,
      "EURGBP_10_5.21.111_SELL_M15": 0.21976424033727013,
      "EURGBP_49_2.36.141_BOTH_M15": -0.008822886570304547,
      "EURGBP_62_3.31.132_BUY_M15": 0.2106322073337231,
      "EURGBP_63_4.21.189_SELL_M15": 1.0,
      "EURGBP_70_2.27.108_SELL_M15": 0.0908517472965456,
      "EURGBP_7_3.16.177_SELL_M15": 0.3078720889253787,
      "EURGBP_8_6.1.186_SELL_M15": 0.04308150698109733,
      "EURGBP_9_5.2.127_SELL_M15": 0.13029674939770192,
      "EURUSD_11_1.42.105_SELL_M15": -0.07307461184640783,
      "EURUSD_12_3.47.124_BUY_M15": 0.24367032626017116,
      "EURUSD_13_6.46.178_BUY_M15": 0.14640758392210473,
      "EURUSD_14_5.6.167_BUY_M15": 0.04087727551734304,
      "EURUSD_18_6.6.111_SELL_M15": -0.1012949614089907,
      "EURUSD_59_2.34.129_SELL_M15": 0.22255300030820763,
      "EURUSD_64_4.34.165_BUY_M15": -0.12399141823018019,
      "EURUSD_71_5.30.159_SELL_M15": 0.0886555033550118,
      "EURUSD_72_5.42.127_SELL_M15": 0.1401029039247243,
      "EURUSD_73_5.43.181_SELL_M15": -0.1675334718013792,
      "GBPJPY_50_5.35.116_BUY_M15": -0.1556503654256717,
      "GBPJPY_65_2.14.157_BUY_M15": -0.05378896463507831,
      "GBPJPY_66_4.17.131_BOTH_M15": 0.16511605713029945,
      "GBPJPY_67_4.19.99_BOTH_M15": 0.02594784742144925,
      "GBPUSD_19_0.13205_BUY_M15": 0.402418436756239,
      "GBPUSD_20_1.32.126_BUY_M15": 0.05438495585153459,
      "GBPUSD_21_3.3.167_BUY_M15": 0.04078463861183486,
      "GBPUSD_22_6.11.100_SELL_M15": 0.06316903084830029,
      "GBPUSD_69_3.13.113_BUY_M15": -0.08939323724027722,
      "GBPUSD_74_6.52.179_SELL_M15": -0.06945520568642076,
      "NZDUSD_23_2.12.147_SELL_M15": -0.06386398462542645,
      "NZDUSD_24_4.41.120_SELL_M15": 0.011036954247360098,
      "NZDUSD_25_5.7.105_SELL_M15": 0.1587253120528812,
      "NZDUSD_26_2.6.180_SELL_M15": 0.0032679193356785294,
      "NZDUSD_27_6.16.107_SELL_M15": 0.2071553539267529,
      "NZDUSD_75_4.73.120_SELL_M15": 0.08099957202430669,
      "NZDUSD_76_5.71.164_BUY_M15": 0.2444523158546003,