{
  "strategy_id": "EURGBP_49_2.36.141_BOTH_M15",
  "summary": {
    "strategy_id": "EURGBP_49_2.36.141_BOTH_M15",
    "symbol_count": 1,
    "side_mix": null,
    "trade_count": 1162,
    "avg_return_correlation": 0.02530312669627726,
    "max_return_correlation": 0.27449062302988453,
    "avg_drawdown_correlation": -0.03202743993466916,
    "max_drawdown_correlation": 0.4458709403511655,
    "avg_stress_overlap": 0.06662255054506906,
    "max_stress_overlap": 0.13488372093023257,
    "avg_symbol_overlap": 0.0958904109589041,
    "max_symbol_overlap": 1.0,
    "avg_side_overlap": 0.821917808219178,
    "max_side_overlap": 1.0,
    "correlation_penalty": 0.02866528331547321,
    "marginal_dd_contribution": 1.636134764901925,
    "diversification_score": 0.9271806731286558,
    "portfolio_fit_score": 0.713672143302573,
    "cluster_membership": "CLUSTER_12"
  },
  "peer_snapshot": {
    "return_correlation_row": {
      "AUDJPY_1_3.14.146_BUY_M15": 0.021147787732079672,
      "AUDJPY_2_5.20.109_BUY_M15": 0.03406454456272437,
      "AUDJPY_3_3.19_BUY_M15": 0.01082575594534565,
      "AUDJPY_46_3.50.181_BUY_M15": 0.0005773654503706924,
      "AUDJPY_47_6.30.171_BOTH_M15": 0.01641864385438495,
      "AUDJPY_56_1.14.109_BUY_M15": 0.05424898637930246,
      "AUDJPY_78_3.7.108_BUY_M15": 0.011345117445478087,
      "AUDUSD_48_5.8.189_SELL_M15": -0.02553063274230877,
      "AUDUSD_4_3.27.109_SELL_M15": -0.06119145914761023,
      "AUDUSD_5_6.3.178_SELL_M15": 0.0019672826519870875,
      "AUDUSD_60_1.31.145_SELL_M15": -0.020751682428166537,
      "AUDUSD_61_6.25.174_SELL_M15": -0.05640397624976815,
      "AUDUSD_6_5.9.126_SELL_M15": -0.039242337404835646,
      "EURGBP_10_5.21.111_SELL_M15": 0.1810023690493356,
      "EURGBP_49_2.36.141_BOTH_M15": 1.0,
      "EURGBP_62_3.31.132_BUY_M15": -0.06330383894735232,
      "EURGBP_63_4.21.189_SELL_M15": 0.22451001883764318,
      "EURGBP_70_2.27.108_SELL_M15": 0.17282289747937574,
      "EURGBP_7_3.16.177_SELL_M15": 0.05605728970112357,
      "EURGBP_8_6.1.186_SELL_M15": 0.2419131508903644,
      "EURGBP_9_5.2.127_SELL_M15": 0.27449062302988453,
      "EURUSD_11_1.42.105_SELL_M15": 0.043405244305298275,
      "EURUSD_12_3.47.124_BUY_M15": 0.005987178582886403,
      "EURUSD_13_6.46.178_BUY_M15": -0.013346246932402718,
      "EURUSD_14_5.6.167_BUY_M15": 0.008798549869838386,
      "EURUSD_18_6.6.111_SELL_M15": 0.024617397259649405,
      "EURUSD_59_2.34.129_SELL_M15": 0.04506111941213808,
      "EURUSD_64_4.34.165_BUY_M15": 0.051697760264457396,
      "EURUSD_71_5.30.159_SELL_M15": 0.0006268943700187007,
      "EURUSD_72_5.42.127_SELL_M15": -0.031514246283029054,
      "EURUSD_73_5.43.181_SELL_M15": 0.018143091736080648,
      "GBPJPY_50_5.35.116_BUY_M15": 0.12747105814308068,
      "GBPJPY_65_2.14.157_BUY_M15": 0.10448412744583965,
      "GBPJPY_66_4.17.131_BOTH_M15": 0.12772167878159763,
      "GBPJPY_67_4.19.99_BOTH_M15": 0.14626432893015356,
      "GBPUSD_19_0.13205_BUY_M15": 0.08208660067544477,
      "GBPUSD_20_1.32.126_BUY_M15": 0.10235801888787156,
      "GBPUSD_21_3.3.167_BUY_M15": 0.1666839867192913,
      "GBPUSD_22_6.11.100_SELL_M15": -0.02482034941400274,
      "GBPUSD_69_3.13.113_BUY_M15": -0.04350181267059819,
      "GBPUSD_74_6.52.179_SELL_M15": -0.11992161093126352,
      "NZDUSD_23_2.12.147_SELL_M15": -0.0015526071619711723,
      "NZDUSD_24_4.41.120_SELL_M15": -0.022500543541351083,
      "NZDUSD_25_5.7.105_SELL_M15": -0.020158592581551647,
      "NZDUSD_26_2.6.180_SELL_M15": -0.054018664936262256,
      "NZDUSD_27_6.16.107_SELL_M15": -0.043084422772885995,
      "NZDUSD_75_4.73.120_SELL_M15": -0.04870415317638732,
      "NZDUSD_76_5.71.164_BUY_M15": 0.055884168151798974,
      "US500.cash_28_3.8.114_BUY_M15": -0.010761160666481048,
      "US500.cash_29_3.32.156_BUY_M15": -0.030267996722751617,
      "USDCAD_30_2.34.141_BUY_M15": -0.041054844683426135,
      "USDCAD_31_3.2.189_BUY_M15": 0.01121526029193933,
      "USDCAD_32_4.16.175_BUY_M15": -0.02269800041756141,
      "USDCAD_33_5.11.180_BUY_M15": -0.03379007114781733,
      "USDCAD_34_1.8.187_BUY_M15": 0.010408985821198296,
      "USDCAD_51_6.27.122_BUY_M15": -0.051054196126529054,
      "USDCAD_77_3.51.113_SELL_M15": 0.042710306676169804,
      "USDCHF_35_3.1.133_SELL_M15": -0.01791348062897252,
      "USDCHF_36_4.5.112_SELL_M15": -0.02846508869610729,
      "USDCHF_52_3.17.186_BOTH_M15": -0.023766012112612835,
      "USDCHF_53_6.47.153_BOTH_M15": -0.04422781635597955,
      "USDCHF_55_6.23.134_BUY_M15": -0.0035072737649906793,
      "USDJPY_37_0.18430_BUY_M15": 0.042430822670941074,
      "USDJPY_38_1.35.168_BUY_M15": 0.04203260264481578,
      "USDJPY_39_6.27.190_BUY_M15": 0.037872990185067484,
      "USDJPY_40_2.4.138_BUY_M15": 0.06246806177177965,
      "USDJPY_41_2.5.172_BUY_M15": -0.0016163141769736128,
      "USDJPY_57_4.8.181_BUY_M15": 0.026162870448229486,
      "USOIL.cash_42_1.25.121_BUY_M15": 0.005538329638337045,
      "USOIL.cash_43_5.11.112_BUY_M15": 0.040700640152000624,
      "USOIL.cash_44_6.17.127_BUY_M15": -0.00431913953915241,
      "USOIL.cash_54_4.18.190_BOTH_M15": -0.00431913953915241,
      "XAUUSD_45_2.13.130_BUY_M15": 0.08909554881453988,
      "XAUUSD_58_5.6.136_BUY_M15": 0.031116505068631752
    },
    "drawdown_correlation_row": {
      "AUDJPY_1_3.14.146_BUY_M15": -0.37025260483738764,
      "AUDJPY_2_5.20.109_BUY_M15": -0.22590325615578133,
      "AUDJPY_3_3.19_BUY_M15": -0.25369482157103085,
      "AUDJPY_46_3.50.181_BUY_M15": -0.016461901986109313,
      "AUDJPY_47_6.30.171_BOTH_M15": -0.10026859446538532,
      "AUDJPY_56_1.14.109_BUY_M15": -0.11145552147878598,
      "AUDJPY_78_3.7.108_BUY_M15": -0.25066605515364204,
      "AUDUSD_48_5.8.189_SELL_M15": 0.22859450787958227,
      "AUDUSD_4_3.27.109_SELL_M15": -0.14782335354576046,
      "AUDUSD_5_6.3.178_SELL_M15": 0.007453465673026536,
      "AUDUSD_60_1.31.145_SELL_M15": -0.053236782670260704,
      "AUDUSD_61_6.25.174_SELL_M15": 0.12940775976031715,
      "AUDUSD_6_5.9.126_SELL_M15": -0.037852501946464244,
      "EURGBP_10_5.21.111_SELL_M15": -0.22420347429356813,
      "EURGBP_49_2.36.141_BOTH_M15": 1.0,
      "EURGBP_62_3.31.132_BUY_M15": -0.3426363277583483,
      "EURGBP_63_4.21.189_SELL_M15": -0.008822886570304547,
      "EURGBP_70_2.27.108_SELL_M15": 0.03092977855382045,
      "EURGBP_7_3.16.177_SELL_M15": -0.31204872366890524,
      "EURGBP_8_6.1.186_SELL_M15": 0.2808103957570392,
      "EURGBP_9_5.2.127_SELL_M15": 0.4458709403511655,
      "EURUSD_11_1.42.105_SELL_M15": 0.21080314822057325,
      "EURUSD_12_3.47.124_BUY_M15": -0.3372649515717577,
      "EURUSD_13_6.46.178_BUY_M15": -0.2711430300132094,
      "EURUSD_14_5.6.167_BUY_M15": -0.14822791994172238,
      "EURUSD_18_6.6.111_SELL_M15": -0.02099086652816394,
      "EURUSD_59_2.34.129_SELL_M15": -0.015490760087636753,
      "EURUSD_64_4.34.165_BUY_M15": 0.3898421849810824,
      "EURUSD_71_5.30.159_SELL_M15": -0.034535894576689256,
      "EURUSD_72_5.42.127_SELL_M15": -0.11154592217080819,
      "EURUSD_73_5.43.181_SELL_M15": 0.022917233965850003,
      "GBPJPY_50_5.35.116_BUY_M15": 0.3747655634331507,
      "GBPJPY_65_2.14.157_BUY_M15": 0.14825444808972865,
      "GBPJPY_66_4.17.131_BOTH_M15": -0.060870084017652655,
      "GBPJPY_67_4.19.99_BOTH_M15": 0.08654784070704526,
      "GBPUSD_19_0.13205_BUY_M15": -0.1534214311025062,
      "GBPUSD_20_1.32.126_BUY_M15": 0.24899438760356044,
      "GBPUSD_21_3.3.167_BUY_M15": 0.1018519501436395,
      "GBPUSD_22_6.11.100_SELL_M15": -0.15600491928294183,
      "GBPUSD_69_3.13.113_BUY_M15": 0.20410791747427762,
      "GBPUSD_74_6.52.179_SELL_M15": -0.1929424360257949,
      "NZDUSD_23_2.12.147_SELL_M15": -0.27650376291644196,
      "NZDUSD_24_4.41.120_SELL_M15": -0.07353922761696453,
      "NZDUSD_25_5.7.105_SELL_M15": 0.10142843623937259,
      "NZDUSD_26_2.6.180_SELL_M15": -0.10016823852644005,
      "NZDUSD_27_6.16.107_SELL_M15": -0.25076092900062374,
      "NZDUSD_75_4.73.120_SELL_M15": -0.018619105212680714,