{
  "strategy_id": "EURUSD_59_2.34.129_SELL_M15",
  "summary": {
    "strategy_id": "EURUSD_59_2.34.129_SELL_M15",
    "symbol_count": 1,
    "side_mix": null,
    "trade_count": 964,
    "avg_return_correlation": 0.07047937472160642,
    "max_return_correlation": 0.48374146517303634,
    "avg_drawdown_correlation": 0.10721546159316607,
    "max_drawdown_correlation": 0.5774415589096853,
    "avg_stress_overlap": 0.09040353409317176,
    "max_stress_overlap": 0.3942857142857143,
    "avg_symbol_overlap": 0.1232876712328767,
    "max_symbol_overlap": 1.0,
    "avg_side_overlap": 0.821917808219178,
    "max_side_overlap": 1.0,
    "correlation_penalty": 0.08884741815738625,
    "marginal_dd_contribution": -1.107974824139177,
    "diversification_score": 0.8874005945602508,
    "portfolio_fit_score": 0.6936448985389184,
    "cluster_membership": "CLUSTER_24"
  },
  "peer_snapshot": {
    "return_correlation_row": {
      "AUDJPY_1_3.14.146_BUY_M15": -0.029587081399570416,
      "AUDJPY_2_5.20.109_BUY_M15": -0.04689134899198441,
      "AUDJPY_3_3.19_BUY_M15": -0.02951509191904581,
      "AUDJPY_46_3.50.181_BUY_M15": -0.006012388685140425,
      "AUDJPY_47_6.30.171_BOTH_M15": 0.0003856950025398406,
      "AUDJPY_56_1.14.109_BUY_M15": -0.02417472750811259,
      "AUDJPY_78_3.7.108_BUY_M15": -0.03094645500243158,
      "AUDUSD_48_5.8.189_SELL_M15": 0.22122147981919735,
      "AUDUSD_4_3.27.109_SELL_M15": 0.1508098584982047,
      "AUDUSD_5_6.3.178_SELL_M15": 0.17970105572096215,
      "AUDUSD_60_1.31.145_SELL_M15": 0.13658053244798424,
      "AUDUSD_61_6.25.174_SELL_M15": 0.11651368653069814,
      "AUDUSD_6_5.9.126_SELL_M15": 0.18362917512505747,
      "EURGBP_10_5.21.111_SELL_M15": 0.06252648761242345,
      "EURGBP_49_2.36.141_BOTH_M15": 0.04506111941213808,
      "EURGBP_62_3.31.132_BUY_M15": -0.04953034186038817,
      "EURGBP_63_4.21.189_SELL_M15": 0.10164317947771313,
      "EURGBP_70_2.27.108_SELL_M15": 0.04236880569910905,
      "EURGBP_7_3.16.177_SELL_M15": 0.043042693253652654,
      "EURGBP_8_6.1.186_SELL_M15": 0.09089838867553493,
      "EURGBP_9_5.2.127_SELL_M15": 0.05803180329140202,
      "EURUSD_11_1.42.105_SELL_M15": 0.2588048331375704,
      "EURUSD_12_3.47.124_BUY_M15": -0.21372635181436705,
      "EURUSD_13_6.46.178_BUY_M15": -0.1763830256021917,
      "EURUSD_14_5.6.167_BUY_M15": -0.24177046905793373,
      "EURUSD_18_6.6.111_SELL_M15": 0.37230813517343453,
      "EURUSD_59_2.34.129_SELL_M15": 1.0,
      "EURUSD_64_4.34.165_BUY_M15": -0.058417283952391846,
      "EURUSD_71_5.30.159_SELL_M15": 0.48374146517303634,
      "EURUSD_72_5.42.127_SELL_M15": 0.4576452487332845,
      "EURUSD_73_5.43.181_SELL_M15": 0.4707814432103048,
      "GBPJPY_50_5.35.116_BUY_M15": -0.05172304427926691,
      "GBPJPY_65_2.14.157_BUY_M15": -0.031069882669248473,
      "GBPJPY_66_4.17.131_BOTH_M15": -0.08199765221585614,
      "GBPJPY_67_4.19.99_BOTH_M15": -0.08444734272276391,
      "GBPUSD_19_0.13205_BUY_M15": -0.1554035462309387,
      "GBPUSD_20_1.32.126_BUY_M15": -0.1336417134900655,
      "GBPUSD_21_3.3.167_BUY_M15": -0.30215109510067045,
      "GBPUSD_22_6.11.100_SELL_M15": 0.12251274542940864,
      "GBPUSD_69_3.13.113_BUY_M15": 0.13665734858580736,
      "GBPUSD_74_6.52.179_SELL_M15": 0.27325714553156366,
      "NZDUSD_23_2.12.147_SELL_M15": 0.17879036928814512,
      "NZDUSD_24_4.41.120_SELL_M15": 0.06201898806350712,
      "NZDUSD_25_5.7.105_SELL_M15": 0.17837549785405182,
      "NZDUSD_26_2.6.180_SELL_M15": 0.2094055329673204,
      "NZDUSD_27_6.16.107_SELL_M15": 0.17037030933049102,
      "NZDUSD_75_4.73.120_SELL_M15": 0.1514709963525899,
      "NZDUSD_76_5.71.164_BUY_M15": -0.13907848294218159,
      "US500.cash_28_3.8.114_BUY_M15": -0.03558413392892292,
      "US500.cash_29_3.32.156_BUY_M15": 0.02225443021285611,
      "USDCAD_30_2.34.141_BUY_M15": 0.18030022655286257,
      "USDCAD_31_3.2.189_BUY_M15": 0.17483653699566004,
      "USDCAD_32_4.16.175_BUY_M15": 0.22312225798385726,
      "USDCAD_33_5.11.180_BUY_M15": 0.09361496742218624,
      "USDCAD_34_1.8.187_BUY_M15": 0.18573351752868014,
      "USDCAD_51_6.27.122_BUY_M15": 0.21525633927539847,
      "USDCAD_77_3.51.113_SELL_M15": -0.0858812382330296,
      "USDCHF_35_3.1.133_SELL_M15": -0.06614871419804999,
      "USDCHF_36_4.5.112_SELL_M15": 0.2524229917368356,
      "USDCHF_52_3.17.186_BOTH_M15": -0.105129523944488,
      "USDCHF_53_6.47.153_BOTH_M15": 0.1849109297871877,
      "USDCHF_55_6.23.134_BUY_M15": 0.10450621304013419,
      "USDJPY_37_0.18430_BUY_M15": 0.083686304252236,
      "USDJPY_38_1.35.168_BUY_M15": 0.10298769563224007,
      "USDJPY_39_6.27.190_BUY_M15": 0.17993740356412338,
      "USDJPY_40_2.4.138_BUY_M15": 0.14842598563586526,
      "USDJPY_41_2.5.172_BUY_M15": 0.1860224380803043,
      "USDJPY_57_4.8.181_BUY_M15": 0.1650518645817506,
      "USOIL.cash_42_1.25.121_BUY_M15": 0.03475136840135251,
      "USOIL.cash_43_5.11.112_BUY_M15": -0.027249059396747898,
      "USOIL.cash_44_6.17.127_BUY_M15": -0.019636971826497773,
      "USOIL.cash_54_4.18.190_BOTH_M15": -0.019636971826497773,
      "XAUUSD_45_2.13.130_BUY_M15": -0.07151695282028757,
      "XAUUSD_58_5.6.136_BUY_M15": -0.03413024378432381
    },
    "drawdown_correlation_row": {
      "AUDJPY_1_3.14.146_BUY_M15": 0.2559338442241467,
      "AUDJPY_2_5.20.109_BUY_M15": 0.5774415589096853,
      "AUDJPY_3_3.19_BUY_M15": 0.08399614199007154,
      "AUDJPY_46_3.50.181_BUY_M15": 0.122780983707762,
      "AUDJPY_47_6.30.171_BOTH_M15": 0.24535892607641757,
      "AUDJPY_56_1.14.109_BUY_M15": 0.40021502932079095,
      "AUDJPY_78_3.7.108_BUY_M15": 0.08723934894684035,
      "AUDUSD_48_5.8.189_SELL_M15": 0.19123089160627157,
      "AUDUSD_4_3.27.109_SELL_M15": 0.061466303983728945,
      "AUDUSD_5_6.3.178_SELL_M15": 0.06273491005878036,
      "AUDUSD_60_1.31.145_SELL_M15": 0.1721555247871958,
      "AUDUSD_61_6.25.174_SELL_M15": 0.35414130480825634,
      "AUDUSD_6_5.9.126_SELL_M15": -0.12878414665496302,
      "EURGBP_10_5.21.111_SELL_M15": -0.12221447607141972,
      "EURGBP_49_2.36.141_BOTH_M15": -0.015490760087636753,
      "EURGBP_62_3.31.132_BUY_M15": 0.28126133065620246,
      "EURGBP_63_4.21.189_SELL_M15": 0.22255300030820763,
      "EURGBP_70_2.27.108_SELL_M15": 0.022443606104999195,
      "EURGBP_7_3.16.177_SELL_M15": -0.04939356582366567,
      "EURGBP_8_6.1.186_SELL_M15": -0.31358431233726414,
      "EURGBP_9_5.2.127_SELL_M15": -0.20224348333501238,
      "EURUSD_11_1.42.105_SELL_M15": 0.14467168585738502,
      "EURUSD_12_3.47.124_BUY_M15": 0.3616023010480607,
      "EURUSD_13_6.46.178_BUY_M15": 0.4066539775051432,
      "EURUSD_14_5.6.167_BUY_M15": -0.30388210191098836,
      "EURUSD_18_6.6.111_SELL_M15": 0.10251664757744754,
      "EURUSD_59_2.34.129_SELL_M15": 1.0,
      "EURUSD_64_4.34.165_BUY_M15": 0.07203642001976272,
      "EURUSD_71_5.30.159_SELL_M15": 0.5704982206747843,
      "EURUSD_72_5.42.127_SELL_M15": 0.23132022695041363,
      "EURUSD_73_5.43.181_SELL_M15": 0.21661067713204937,
      "GBPJPY_50_5.35.116_BUY_M15": 0.004494761200878672,
      "GBPJPY_65_2.14.157_BUY_M15": -0.01680827617053142,
      "GBPJPY_66_4.17.131_BOTH_M15": 0.3769786600015668,
      "GBPJPY_67_4.19.99_BOTH_M15": 0.21543368775347102,
      "GBPUSD_19_0.13205_BUY_M15": 0.18917418419332377,
      "GBPUSD_20_1.32.126_BUY_M15": -0.26557599088267203,
      "GBPUSD_21_3.3.167_BUY_M15": -0.3215450901767271,
      "GBPUSD_22_6.11.100_SELL_M15": 0.18332599784178902,
      "GBPUSD_69_3.13.113_BUY_M15": -0.2582786897173836,
      "GBPUSD_74_6.52.179_SELL_M15": 0.1935521116017458,
      "NZDUSD_23_2.12.147_SELL_M15": 0.22940358576787448,
      "NZDUSD_24_4.41.120_SELL_M15": -0.07546723013444055,
      "NZDUSD_25_5.7.105_SELL_M15": 0.03447199631312667,
      "NZDUSD_26_2.6.180_SELL_M15": 0.28693703813630766,
      "NZDUSD_27_6.16.107_SELL_M15": 0.260072705607399,
      "NZDUSD_75_4.73.120_SELL_M15": 0.46630161517541907,
      "NZDUSD_76_5.71.164_BUY_M15": -0.04162512002760291,
      "US500.cash_28_3.8.114_BUY_M15": -0.2683799951294676,