{
  "strategy_id": "EURUSD_71_5.30.159_SELL_M15",
  "summary": {
    "strategy_id": "EURUSD_71_5.30.159_SELL_M15",
    "symbol_count": 1,
    "side_mix": null,
    "trade_count": 1001,
    "avg_return_correlation": 0.06325597972348927,
    "max_return_correlation": 0.5298983673725256,
    "avg_drawdown_correlation": 0.08270419967206728,
    "max_drawdown_correlation": 0.6009734000436369,
    "avg_stress_overlap": 0.08979533282215085,
    "max_stress_overlap": 0.3942857142857143,
    "avg_symbol_overlap": 0.1232876712328767,
    "max_symbol_overlap": 1.0,
    "avg_side_overlap": 0.821917808219178,
    "max_side_overlap": 1.0,
    "correlation_penalty": 0.07298008969777828,
    "marginal_dd_contribution": -3.310029618659712,
    "diversification_score": 0.8908813040132011,
    "portfolio_fit_score": 0.6952751505256676,
    "cluster_membership": "CLUSTER_26"
  },
  "peer_snapshot": {
    "return_correlation_row": {
      "AUDJPY_1_3.14.146_BUY_M15": -0.011123675972394652,
      "AUDJPY_2_5.20.109_BUY_M15": -0.024308333154617272,
      "AUDJPY_3_3.19_BUY_M15": -0.011850731786911126,
      "AUDJPY_46_3.50.181_BUY_M15": 0.028959427570629775,
      "AUDJPY_47_6.30.171_BOTH_M15": -0.014409218723909864,
      "AUDJPY_56_1.14.109_BUY_M15": -0.0517714637146755,
      "AUDJPY_78_3.7.108_BUY_M15": -0.01476365016821438,
      "AUDUSD_48_5.8.189_SELL_M15": 0.1737285043892034,
      "AUDUSD_4_3.27.109_SELL_M15": 0.18124134258844704,
      "AUDUSD_5_6.3.178_SELL_M15": 0.1415980854182166,
      "AUDUSD_60_1.31.145_SELL_M15": 0.15673461878881617,
      "AUDUSD_61_6.25.174_SELL_M15": 0.13182833074352415,
      "AUDUSD_6_5.9.126_SELL_M15": 0.15745877024230273,
      "EURGBP_10_5.21.111_SELL_M15": 0.02863175114474765,
      "EURGBP_49_2.36.141_BOTH_M15": 0.0006268943700187007,
      "EURGBP_62_3.31.132_BUY_M15": 0.02224269796962192,
      "EURGBP_63_4.21.189_SELL_M15": 0.08192547336712314,
      "EURGBP_70_2.27.108_SELL_M15": 0.06986004573548521,
      "EURGBP_7_3.16.177_SELL_M15": 0.04002624205823924,
      "EURGBP_8_6.1.186_SELL_M15": 0.005364057922560449,
      "EURGBP_9_5.2.127_SELL_M15": 0.008146891662166438,
      "EURUSD_11_1.42.105_SELL_M15": 0.22732365205438723,
      "EURUSD_12_3.47.124_BUY_M15": -0.12903758248776762,
      "EURUSD_13_6.46.178_BUY_M15": -0.15928735482413744,
      "EURUSD_14_5.6.167_BUY_M15": -0.11791976100751876,
      "EURUSD_18_6.6.111_SELL_M15": 0.30039430467822004,
      "EURUSD_59_2.34.129_SELL_M15": 0.48374146517303634,
      "EURUSD_64_4.34.165_BUY_M15": 0.021200337835025247,
      "EURUSD_71_5.30.159_SELL_M15": 1.0,
      "EURUSD_72_5.42.127_SELL_M15": 0.5298983673725256,
      "EURUSD_73_5.43.181_SELL_M15": 0.35904905193780884,
      "GBPJPY_50_5.35.116_BUY_M15": -0.0858173601389075,
      "GBPJPY_65_2.14.157_BUY_M15": -0.032897390994407166,
      "GBPJPY_66_4.17.131_BOTH_M15": -0.05522616712161951,
      "GBPJPY_67_4.19.99_BOTH_M15": -0.06292489868461411,
      "GBPUSD_19_0.13205_BUY_M15": -0.15036421449772183,
      "GBPUSD_20_1.32.126_BUY_M15": -0.096403217669021,
      "GBPUSD_21_3.3.167_BUY_M15": -0.20005248060489172,
      "GBPUSD_22_6.11.100_SELL_M15": 0.10461053006016952,
      "GBPUSD_69_3.13.113_BUY_M15": 0.14141848339243468,
      "GBPUSD_74_6.52.179_SELL_M15": 0.2975614693772414,
      "NZDUSD_23_2.12.147_SELL_M15": 0.10987803050594334,
      "NZDUSD_24_4.41.120_SELL_M15": 0.047006313413444974,
      "NZDUSD_25_5.7.105_SELL_M15": 0.14818761696137656,
      "NZDUSD_26_2.6.180_SELL_M15": 0.21588170943862303,
      "NZDUSD_27_6.16.107_SELL_M15": 0.1723401713215847,
      "NZDUSD_75_4.73.120_SELL_M15": 0.17682554806609996,
      "NZDUSD_76_5.71.164_BUY_M15": -0.09864362820278519,
      "US500.cash_28_3.8.114_BUY_M15": -0.11373087506314716,
      "US500.cash_29_3.32.156_BUY_M15": -0.006969134605728333,
      "USDCAD_30_2.34.141_BUY_M15": 0.14737959627530578,
      "USDCAD_31_3.2.189_BUY_M15": 0.14492670563171695,
      "USDCAD_32_4.16.175_BUY_M15": 0.1621593736144684,
      "USDCAD_33_5.11.180_BUY_M15": 0.08308376786526331,
      "USDCAD_34_1.8.187_BUY_M15": 0.15619540666717607,
      "USDCAD_51_6.27.122_BUY_M15": 0.19582738919235906,
      "USDCAD_77_3.51.113_SELL_M15": -0.08149800870640536,
      "USDCHF_35_3.1.133_SELL_M15": -0.032173078985033306,
      "USDCHF_36_4.5.112_SELL_M15": 0.20990025291727535,
      "USDCHF_52_3.17.186_BOTH_M15": -0.06896478901930002,
      "USDCHF_53_6.47.153_BOTH_M15": 0.09785815532838073,
      "USDCHF_55_6.23.134_BUY_M15": 0.10099421421059003,
      "USDJPY_37_0.18430_BUY_M15": 0.0934900445384605,
      "USDJPY_38_1.35.168_BUY_M15": 0.06063095127210827,
      "USDJPY_39_6.27.190_BUY_M15": 0.1115186704328839,
      "USDJPY_40_2.4.138_BUY_M15": 0.06728477071193888,
      "USDJPY_41_2.5.172_BUY_M15": 0.1132788391608304,
      "USDJPY_57_4.8.181_BUY_M15": 0.14376155965887716,
      "USOIL.cash_42_1.25.121_BUY_M15": 0.023139998389477494,
      "USOIL.cash_43_5.11.112_BUY_M15": -0.023159548952169047,
      "USOIL.cash_44_6.17.127_BUY_M15": -0.008627613174770891,
      "USOIL.cash_54_4.18.190_BOTH_M15": -0.008627613174770891,
      "XAUUSD_45_2.13.130_BUY_M15": -0.0908032567692751,
      "XAUUSD_58_5.6.136_BUY_M15": -0.10607831340670519
    },
    "drawdown_correlation_row": {
      "AUDJPY_1_3.14.146_BUY_M15": 0.13796666281324238,
      "AUDJPY_2_5.20.109_BUY_M15": 0.07121652282838563,
      "AUDJPY_3_3.19_BUY_M15": -0.12067017623292796,
      "AUDJPY_46_3.50.181_BUY_M15": -0.008120923893712594,
      "AUDJPY_47_6.30.171_BOTH_M15": -0.007548656373879076,
      "AUDJPY_56_1.14.109_BUY_M15": 0.11066965458056927,
      "AUDJPY_78_3.7.108_BUY_M15": -0.1179457198275549,
      "AUDUSD_48_5.8.189_SELL_M15": 0.25152714973380325,
      "AUDUSD_4_3.27.109_SELL_M15": 0.3094393325629662,
      "AUDUSD_5_6.3.178_SELL_M15": 0.44352081638114677,
      "AUDUSD_60_1.31.145_SELL_M15": 0.347419162034652,
      "AUDUSD_61_6.25.174_SELL_M15": 0.16160622292882004,
      "AUDUSD_6_5.9.126_SELL_M15": -0.1450972442008946,
      "EURGBP_10_5.21.111_SELL_M15": -0.06083170910258141,
      "EURGBP_49_2.36.141_BOTH_M15": -0.034535894576689256,
      "EURGBP_62_3.31.132_BUY_M15": 0.10229099546251957,
      "EURGBP_63_4.21.189_SELL_M15": 0.0886555033550118,
      "EURGBP_70_2.27.108_SELL_M15": 0.4626319189386872,
      "EURGBP_7_3.16.177_SELL_M15": -0.14328071094835287,
      "EURGBP_8_6.1.186_SELL_M15": -0.39398146664006084,
      "EURGBP_9_5.2.127_SELL_M15": -0.2656157435757572,
      "EURUSD_11_1.42.105_SELL_M15": 0.25147147239540807,
      "EURUSD_12_3.47.124_BUY_M15": 0.1313446369946431,
      "EURUSD_13_6.46.178_BUY_M15": 0.09691634685477302,
      "EURUSD_14_5.6.167_BUY_M15": 0.053120946750409,
      "EURUSD_18_6.6.111_SELL_M15": 0.0030992821997520912,
      "EURUSD_59_2.34.129_SELL_M15": 0.5704982206747843,
      "EURUSD_64_4.34.165_BUY_M15": 0.2876485627951271,
      "EURUSD_71_5.30.159_SELL_M15": 1.0,
      "EURUSD_72_5.42.127_SELL_M15": 0.30770236938862683,
      "EURUSD_73_5.43.181_SELL_M15": 0.36924741051389515,
      "GBPJPY_50_5.35.116_BUY_M15": 0.2556545791565455,
      "GBPJPY_65_2.14.157_BUY_M15": 0.31438022049224223,
      "GBPJPY_66_4.17.131_BOTH_M15": 0.6009734000436369,
      "GBPJPY_67_4.19.99_BOTH_M15": 0.5808743133779048,
      "GBPUSD_19_0.13205_BUY_M15": -0.1798046883105814,
      "GBPUSD_20_1.32.126_BUY_M15": 0.012309793769534954,
      "GBPUSD_21_3.3.167_BUY_M15": -0.2584686758596479,
      "GBPUSD_22_6.11.100_SELL_M15": 0.4670162074943405,
      "GBPUSD_69_3.13.113_BUY_M15": -0.11346225549709296,
      "GBPUSD_74_6.52.179_SELL_M15": 0.10101035354561633,
      "NZDUSD_23_2.12.147_SELL_M15": 0.3863754216156478,
      "NZDUSD_24_4.41.120_SELL_M15": 0.1206226008804094,
      "NZDUSD_25_5.7.105_SELL_M15": -0.07131694701064326,
      "NZDUSD_26_2.6.180_SELL_M15": 0.018934900495103008,
      "NZDUSD_27_6.16.107_SELL_M15": -0.20392624932781528,
      "NZDUSD_75_4.73.120_SELL_M15": 0.39083842821866377,
      "NZDUSD_76_5.71.164_BUY_M15": -0.3530256153583163,