{
  "strategy_id": "EURUSD_72_5.42.127_SELL_M15",
  "summary": {
    "strategy_id": "EURUSD_72_5.42.127_SELL_M15",
    "symbol_count": 1,
    "side_mix": null,
    "trade_count": 989,
    "avg_return_correlation": 0.05296466399621478,
    "max_return_correlation": 0.555157491323988,
    "avg_drawdown_correlation": 0.03161008266655116,
    "max_drawdown_correlation": 0.6199783363164199,
    "avg_stress_overlap": 0.08863982736195744,
    "max_stress_overlap": 0.47023809523809523,
    "avg_symbol_overlap": 0.1232876712328767,
    "max_symbol_overlap": 1.0,
    "avg_side_overlap": 0.821917808219178,
    "max_side_overlap": 1.0,
    "correlation_penalty": 0.042287373331382966,
    "marginal_dd_contribution": -0.9285227693446672,
    "diversification_score": 0.89596878009652,
    "portfolio_fit_score": 0.6979379639097928,
    "cluster_membership": "CLUSTER_26"
  },
  "peer_snapshot": {
    "return_correlation_row": {
      "AUDJPY_1_3.14.146_BUY_M15": -0.043146374777078035,
      "AUDJPY_2_5.20.109_BUY_M15": -0.05800923132328676,
      "AUDJPY_3_3.19_BUY_M15": -0.06588792798919395,
      "AUDJPY_46_3.50.181_BUY_M15": -0.03333724741285178,
      "AUDJPY_47_6.30.171_BOTH_M15": -0.06265780192634471,
      "AUDJPY_56_1.14.109_BUY_M15": -0.09899098809852129,
      "AUDJPY_78_3.7.108_BUY_M15": -0.07457561355082427,
      "AUDUSD_48_5.8.189_SELL_M15": 0.14557059766669758,
      "AUDUSD_4_3.27.109_SELL_M15": 0.13501942166353278,
      "AUDUSD_5_6.3.178_SELL_M15": 0.12667524572605238,
      "AUDUSD_60_1.31.145_SELL_M15": 0.164900844462581,
      "AUDUSD_61_6.25.174_SELL_M15": 0.10869732171258889,
      "AUDUSD_6_5.9.126_SELL_M15": 0.18457156976503666,
      "EURGBP_10_5.21.111_SELL_M15": -0.004534426925376302,
      "EURGBP_49_2.36.141_BOTH_M15": -0.031514246283029054,
      "EURGBP_62_3.31.132_BUY_M15": -0.003967676634528239,
      "EURGBP_63_4.21.189_SELL_M15": 0.022284238247467184,
      "EURGBP_70_2.27.108_SELL_M15": 0.03865351029818074,
      "EURGBP_7_3.16.177_SELL_M15": 0.03693636029199487,
      "EURGBP_8_6.1.186_SELL_M15": 0.004641657755370482,
      "EURGBP_9_5.2.127_SELL_M15": 0.04161867361881969,
      "EURUSD_11_1.42.105_SELL_M15": 0.1575813386737924,
      "EURUSD_12_3.47.124_BUY_M15": -0.16109748773147572,
      "EURUSD_13_6.46.178_BUY_M15": -0.20571240936004925,
      "EURUSD_14_5.6.167_BUY_M15": -0.21720087734543275,
      "EURUSD_18_6.6.111_SELL_M15": 0.24218792483429163,
      "EURUSD_59_2.34.129_SELL_M15": 0.4576452487332845,
      "EURUSD_64_4.34.165_BUY_M15": 0.043404830399967335,
      "EURUSD_71_5.30.159_SELL_M15": 0.5298983673725256,
      "EURUSD_72_5.42.127_SELL_M15": 1.0,
      "EURUSD_73_5.43.181_SELL_M15": 0.555157491323988,
      "GBPJPY_50_5.35.116_BUY_M15": -0.08551313703997927,
      "GBPJPY_65_2.14.157_BUY_M15": -0.09896588200130889,
      "GBPJPY_66_4.17.131_BOTH_M15": -0.08848982600560765,
      "GBPJPY_67_4.19.99_BOTH_M15": -0.06771403362440971,
      "GBPUSD_19_0.13205_BUY_M15": -0.148986659051147,
      "GBPUSD_20_1.32.126_BUY_M15": -0.1975540585650893,
      "GBPUSD_21_3.3.167_BUY_M15": -0.24741832379736944,
      "GBPUSD_22_6.11.100_SELL_M15": 0.08141521911805481,
      "GBPUSD_69_3.13.113_BUY_M15": 0.13970551910840254,
      "GBPUSD_74_6.52.179_SELL_M15": 0.2807484269198012,
      "NZDUSD_23_2.12.147_SELL_M15": 0.16764318380593518,
      "NZDUSD_24_4.41.120_SELL_M15": 0.04634230392153411,
      "NZDUSD_25_5.7.105_SELL_M15": 0.1539532709144966,
      "NZDUSD_26_2.6.180_SELL_M15": 0.17498951055279924,
      "NZDUSD_27_6.16.107_SELL_M15": 0.17683361759668753,
      "NZDUSD_75_4.73.120_SELL_M15": 0.11290182184792777,
      "NZDUSD_76_5.71.164_BUY_M15": -0.07590422637093071,
      "US500.cash_28_3.8.114_BUY_M15": -0.07510648517410799,
      "US500.cash_29_3.32.156_BUY_M15": -0.001167273476555958,
      "USDCAD_30_2.34.141_BUY_M15": 0.13639934434418913,
      "USDCAD_31_3.2.189_BUY_M15": 0.1035811433877143,
      "USDCAD_32_4.16.175_BUY_M15": 0.17321592409308229,
      "USDCAD_33_5.11.180_BUY_M15": 0.08487082151726037,
      "USDCAD_34_1.8.187_BUY_M15": 0.2020660610647319,
      "USDCAD_51_6.27.122_BUY_M15": 0.18045717317478904,
      "USDCAD_77_3.51.113_SELL_M15": -0.07966615590807233,
      "USDCHF_35_3.1.133_SELL_M15": -0.09211200409792926,
      "USDCHF_36_4.5.112_SELL_M15": 0.2291386405938619,
      "USDCHF_52_3.17.186_BOTH_M15": -0.036392624196213745,
      "USDCHF_53_6.47.153_BOTH_M15": 0.13421194940660955,
      "USDCHF_55_6.23.134_BUY_M15": 0.12383804107305244,
      "USDJPY_37_0.18430_BUY_M15": 0.0819924219557594,
      "USDJPY_38_1.35.168_BUY_M15": 0.03364441577841986,
      "USDJPY_39_6.27.190_BUY_M15": 0.13766121558877797,
      "USDJPY_40_2.4.138_BUY_M15": 0.08752125877756751,
      "USDJPY_41_2.5.172_BUY_M15": 0.14241507344526158,
      "USDJPY_57_4.8.181_BUY_M15": 0.14502511153537667,
      "USOIL.cash_42_1.25.121_BUY_M15": 0.04429678975475474,
      "USOIL.cash_43_5.11.112_BUY_M15": -0.033606849008931954,
      "USOIL.cash_44_6.17.127_BUY_M15": 0.027121507359425947,
      "USOIL.cash_54_4.18.190_BOTH_M15": 0.027121507359425947,
      "XAUUSD_45_2.13.130_BUY_M15": -0.10336442653482539,
      "XAUUSD_58_5.6.136_BUY_M15": -0.06554117060772167
    },
    "drawdown_correlation_row": {
      "AUDJPY_1_3.14.146_BUY_M15": 0.3184146880860887,
      "AUDJPY_2_5.20.109_BUY_M15": 0.23239095236906723,
      "AUDJPY_3_3.19_BUY_M15": -0.10632927742071274,
      "AUDJPY_46_3.50.181_BUY_M15": 0.6199783363164199,
      "AUDJPY_47_6.30.171_BOTH_M15": 0.1846602917972019,
      "AUDJPY_56_1.14.109_BUY_M15": 0.1072021852888965,
      "AUDJPY_78_3.7.108_BUY_M15": -0.10446487742251111,
      "AUDUSD_48_5.8.189_SELL_M15": -0.17726735245558112,
      "AUDUSD_4_3.27.109_SELL_M15": -0.20381043808632726,
      "AUDUSD_5_6.3.178_SELL_M15": -0.21713201687859854,
      "AUDUSD_60_1.31.145_SELL_M15": -0.2960662877124336,
      "AUDUSD_61_6.25.174_SELL_M15": 0.38934215627043667,
      "AUDUSD_6_5.9.126_SELL_M15": -0.2184542735090375,
      "EURGBP_10_5.21.111_SELL_M15": -0.399434050676182,
      "EURGBP_49_2.36.141_BOTH_M15": -0.11154592217080819,
      "EURGBP_62_3.31.132_BUY_M15": -0.2709124601102517,
      "EURGBP_63_4.21.189_SELL_M15": 0.1401029039247243,
      "EURGBP_70_2.27.108_SELL_M15": -0.2638807814276896,
      "EURGBP_7_3.16.177_SELL_M15": 0.27222664413876774,
      "EURGBP_8_6.1.186_SELL_M15": -0.43191238180260505,
      "EURGBP_9_5.2.127_SELL_M15": -0.12955924022977894,
      "EURUSD_11_1.42.105_SELL_M15": 0.15585990029912744,
      "EURUSD_12_3.47.124_BUY_M15": -0.17878339443467628,
      "EURUSD_13_6.46.178_BUY_M15": 0.20238651635604155,
      "EURUSD_14_5.6.167_BUY_M15": -0.14065929681775888,
      "EURUSD_18_6.6.111_SELL_M15": -0.10590203568826503,
      "EURUSD_59_2.34.129_SELL_M15": 0.23132022695041363,
      "EURUSD_64_4.34.165_BUY_M15": -0.22216946792884593,
      "EURUSD_71_5.30.159_SELL_M15": 0.30770236938862683,
      "EURUSD_72_5.42.127_SELL_M15": 1.0,
      "EURUSD_73_5.43.181_SELL_M15": 0.12117330534311661,
      "GBPJPY_50_5.35.116_BUY_M15": 0.022714002253410276,
      "GBPJPY_65_2.14.157_BUY_M15": -0.04203692599916134,
      "GBPJPY_66_4.17.131_BOTH_M15": 0.1008407686119526,
      "GBPJPY_67_4.19.99_BOTH_M15": 0.11608659746582232,
      "GBPUSD_19_0.13205_BUY_M15": -0.07036031280480784,
      "GBPUSD_20_1.32.126_BUY_M15": -0.45865378052546785,
      "GBPUSD_21_3.3.167_BUY_M15": 0.3977438906904925,
      "GBPUSD_22_6.11.100_SELL_M15": 0.3028338008526455,
      "GBPUSD_69_3.13.113_BUY_M15": -0.05663150387920472,
      "GBPUSD_74_6.52.179_SELL_M15": 0.11259529485736955,
      "NZDUSD_23_2.12.147_SELL_M15": 0.331406980958602,
      "NZDUSD_24_4.41.120_SELL_M15": 0.24026661716452935,
      "NZDUSD_25_5.7.105_SELL_M15": -0.41630770930510974,
      "NZDUSD_26_2.6.180_SELL_M15": -0.44812711887556517,
      "NZDUSD_27_6.16.107_SELL_M15": -0.06565050218855112,
      "NZDUSD_75_4.73.120_SELL_M15": 0.2254285053983306,
      "NZDUSD_76_5.71.164_BUY_M15": 0.22258152020850536,