{
  "strategy_id": "EURUSD_12_3.47.124_BUY_M15",
  "summary": {
    "strategy_id": "EURUSD_12_3.47.124_BUY_M15",
    "symbol_count": 1,
    "side_mix": null,
    "trade_count": 648,
    "avg_return_correlation": -0.0029971714394060544,
    "max_return_correlation": 0.35611243633444556,
    "avg_drawdown_correlation": 0.08066733459330216,
    "max_drawdown_correlation": 0.6205410259182966,
    "avg_stress_overlap": 0.05871398961388712,
    "max_stress_overlap": 0.2436548223350254,
    "avg_symbol_overlap": 0.1232876712328767,
    "max_symbol_overlap": 1.0,
    "avg_side_overlap": 0.821917808219178,
    "max_side_overlap": 1.0,
    "correlation_penalty": 0.04183225301635411,
    "marginal_dd_contribution": -1.3374268789337123,
    "diversification_score": 0.9314769268986886,
    "portfolio_fit_score": 0.7156715921053975,
    "cluster_membership": "CLUSTER_20"
  },
  "peer_snapshot": {
    "return_correlation_row": {
      "AUDJPY_1_3.14.146_BUY_M15": 0.06822829289413677,
      "AUDJPY_2_5.20.109_BUY_M15": 0.06798836030528688,
      "AUDJPY_3_3.19_BUY_M15": -0.011476792894148229,
      "AUDJPY_46_3.50.181_BUY_M15": 0.06372221963351564,
      "AUDJPY_47_6.30.171_BOTH_M15": 0.04773297733704093,
      "AUDJPY_56_1.14.109_BUY_M15": 0.010671744299567217,
      "AUDJPY_78_3.7.108_BUY_M15": -0.009204205166191375,
      "AUDUSD_48_5.8.189_SELL_M15": -0.09465148629194849,
      "AUDUSD_4_3.27.109_SELL_M15": -0.03282596276358138,
      "AUDUSD_5_6.3.178_SELL_M15": -0.08433135362027044,
      "AUDUSD_60_1.31.145_SELL_M15": -0.035643908799649744,
      "AUDUSD_61_6.25.174_SELL_M15": 0.007994723318443355,
      "AUDUSD_6_5.9.126_SELL_M15": -0.1106199553543068,
      "EURGBP_10_5.21.111_SELL_M15": 0.00968672008121957,
      "EURGBP_49_2.36.141_BOTH_M15": 0.005987178582886403,
      "EURGBP_62_3.31.132_BUY_M15": 0.0516978085923928,
      "EURGBP_63_4.21.189_SELL_M15": 0.009257616778578628,
      "EURGBP_70_2.27.108_SELL_M15": 0.058649447132686786,
      "EURGBP_7_3.16.177_SELL_M15": 0.04131755025832665,
      "EURGBP_8_6.1.186_SELL_M15": -0.02943719702569055,
      "EURGBP_9_5.2.127_SELL_M15": -0.01835482048672112,
      "EURUSD_11_1.42.105_SELL_M15": 0.007720125803356298,
      "EURUSD_12_3.47.124_BUY_M15": 1.0,
      "EURUSD_13_6.46.178_BUY_M15": 0.3074231047944788,
      "EURUSD_14_5.6.167_BUY_M15": 0.35611243633444556,
      "EURUSD_18_6.6.111_SELL_M15": -0.19283861200718802,
      "EURUSD_59_2.34.129_SELL_M15": -0.21372635181436705,
      "EURUSD_64_4.34.165_BUY_M15": 0.17516800083878864,
      "EURUSD_71_5.30.159_SELL_M15": -0.12903758248776762,
      "EURUSD_72_5.42.127_SELL_M15": -0.16109748773147572,
      "EURUSD_73_5.43.181_SELL_M15": -0.12575213268123794,
      "GBPJPY_50_5.35.116_BUY_M15": 0.015630742025690047,
      "GBPJPY_65_2.14.157_BUY_M15": 0.06375770772254467,
      "GBPJPY_66_4.17.131_BOTH_M15": 0.09835502442768608,
      "GBPJPY_67_4.19.99_BOTH_M15": 0.09129289615315438,
      "GBPUSD_19_0.13205_BUY_M15": 0.10087063890312242,
      "GBPUSD_20_1.32.126_BUY_M15": 0.14412289033468897,
      "GBPUSD_21_3.3.167_BUY_M15": 0.2528995096347284,
      "GBPUSD_22_6.11.100_SELL_M15": -0.020903321562415814,
      "GBPUSD_69_3.13.113_BUY_M15": -0.03989218101421666,
      "GBPUSD_74_6.52.179_SELL_M15": -0.08033773381756555,
      "NZDUSD_23_2.12.147_SELL_M15": -0.061580522329621266,
      "NZDUSD_24_4.41.120_SELL_M15": -0.017789846367006087,
      "NZDUSD_25_5.7.105_SELL_M15": -0.042465808699282286,
      "NZDUSD_26_2.6.180_SELL_M15": -0.06454160231636372,
      "NZDUSD_27_6.16.107_SELL_M15": -0.039058095170651355,
      "NZDUSD_75_4.73.120_SELL_M15": -0.07047228088653981,
      "NZDUSD_76_5.71.164_BUY_M15": 0.1419496505777448,
      "US500.cash_28_3.8.114_BUY_M15": 0.03747906469323283,
      "US500.cash_29_3.32.156_BUY_M15": -0.015842659198197318,
      "USDCAD_30_2.34.141_BUY_M15": -0.03785081103442759,
      "USDCAD_31_3.2.189_BUY_M15": -0.028428235555840963,
      "USDCAD_32_4.16.175_BUY_M15": -0.03277439091755242,
      "USDCAD_33_5.11.180_BUY_M15": -0.05850203080210506,
      "USDCAD_34_1.8.187_BUY_M15": -0.07365411280520112,
      "USDCAD_51_6.27.122_BUY_M15": -0.08929086589434515,
      "USDCAD_77_3.51.113_SELL_M15": 0.15949596917726244,
      "USDCHF_35_3.1.133_SELL_M15": 0.12043947792662178,
      "USDCHF_36_4.5.112_SELL_M15": -0.11243891235305728,
      "USDCHF_52_3.17.186_BOTH_M15": 0.022056009459274654,
      "USDCHF_53_6.47.153_BOTH_M15": -0.14625355034166324,
      "USDCHF_55_6.23.134_BUY_M15": -0.1347488438631952,
      "USDJPY_37_0.18430_BUY_M15": -0.10120313834440119,
      "USDJPY_38_1.35.168_BUY_M15": -0.003283291442119809,
      "USDJPY_39_6.27.190_BUY_M15": -0.09689573183928621,
      "USDJPY_40_2.4.138_BUY_M15": -0.06317230497613768,
      "USDJPY_41_2.5.172_BUY_M15": -0.06895436947435894,
      "USDJPY_57_4.8.181_BUY_M15": -0.10879218142516403,
      "USOIL.cash_42_1.25.121_BUY_M15": -0.012665462811879904,
      "USOIL.cash_43_5.11.112_BUY_M15": 0.031269983146297864,
      "USOIL.cash_44_6.17.127_BUY_M15": -0.016871628963194062,
      "USOIL.cash_54_4.18.190_BOTH_M15": -0.016871628963194062,
      "XAUUSD_45_2.13.130_BUY_M15": 0.1112597704694636,
      "XAUUSD_58_5.6.136_BUY_M15": 0.005502235580222403
    },
    "drawdown_correlation_row": {
      "AUDJPY_1_3.14.146_BUY_M15": 0.19255281136276475,
      "AUDJPY_2_5.20.109_BUY_M15": 0.5486330326224521,
      "AUDJPY_3_3.19_BUY_M15": 0.06854205916235907,
      "AUDJPY_46_3.50.181_BUY_M15": -0.14150237661546655,
      "AUDJPY_47_6.30.171_BOTH_M15": 0.09691293432018037,
      "AUDJPY_56_1.14.109_BUY_M15": 0.27266688342943995,
      "AUDJPY_78_3.7.108_BUY_M15": 0.06400318406338426,
      "AUDUSD_48_5.8.189_SELL_M15": 0.12244621207537904,
      "AUDUSD_4_3.27.109_SELL_M15": 0.22386056885434533,
      "AUDUSD_5_6.3.178_SELL_M15": 0.14407933362737893,
      "AUDUSD_60_1.31.145_SELL_M15": 0.22450296119416474,
      "AUDUSD_61_6.25.174_SELL_M15": -0.05052907669419242,
      "AUDUSD_6_5.9.126_SELL_M15": 0.1299355541344554,
      "EURGBP_10_5.21.111_SELL_M15": 0.2332876697506771,
      "EURGBP_49_2.36.141_BOTH_M15": -0.3372649515717577,
      "EURGBP_62_3.31.132_BUY_M15": 0.6205410259182966,
      "EURGBP_63_4.21.189_SELL_M15": 0.24367032626017116,
      "EURGBP_70_2.27.108_SELL_M15": -0.04461012523901807,
      "EURGBP_7_3.16.177_SELL_M15": 0.32079933690264095,
      "EURGBP_8_6.1.186_SELL_M15": -0.1354179340733676,
      "EURGBP_9_5.2.127_SELL_M15": -0.2950859441166126,
      "EURUSD_11_1.42.105_SELL_M15": -0.3762596968171475,
      "EURUSD_12_3.47.124_BUY_M15": 1.0,
      "EURUSD_13_6.46.178_BUY_M15": 0.5455398259769371,
      "EURUSD_14_5.6.167_BUY_M15": 0.20041151902098264,
      "EURUSD_18_6.6.111_SELL_M15": -0.12326536603193779,
      "EURUSD_59_2.34.129_SELL_M15": 0.3616023010480607,
      "EURUSD_64_4.34.165_BUY_M15": 0.0572990604810392,
      "EURUSD_71_5.30.159_SELL_M15": 0.1313446369946431,
      "EURUSD_72_5.42.127_SELL_M15": -0.17878339443467628,
      "EURUSD_73_5.43.181_SELL_M15": -0.21213591616738361,
      "GBPJPY_50_5.35.116_BUY_M15": -0.2883171622326313,
      "GBPJPY_65_2.14.157_BUY_M15": -0.12828055393650387,
      "GBPJPY_66_4.17.131_BOTH_M15": 0.22810938346844675,
      "GBPJPY_67_4.19.99_BOTH_M15": 0.02237318834781891,
      "GBPUSD_19_0.13205_BUY_M15": 0.5071120359604189,
      "GBPUSD_20_1.32.126_BUY_M15": -0.03816685224790058,
      "GBPUSD_21_3.3.167_BUY_M15": -0.13422650913681164,
      "GBPUSD_22_6.11.100_SELL_M15": -0.03778349798353305,
      "GBPUSD_69_3.13.113_BUY_M15": -0.44178029097833577,
      "GBPUSD_74_6.52.179_SELL_M15": 0.00013401761325094409,
      "NZDUSD_23_2.12.147_SELL_M15": 0.11331167134445058,
      "NZDUSD_24_4.41.120_SELL_M15": 0.038789891819767275,
      "NZDUSD_25_5.7.105_SELL_M15": 0.18995730751574644,
      "NZDUSD_26_2.6.180_SELL_M15": 0.32198649662691436,
      "NZDUSD_27_6.16.107_SELL_M15": 0.38798299385564866,
      "NZDUSD_75_4.73.120_SELL_M15": 0.3344989185026376,
      "NZDUSD_76_5.71.164_BUY_M15": 0.3183008935104051,