{
  "strategy_id": "EURUSD_11_1.42.105_SELL_M15",
  "summary": {
    "strategy_id": "EURUSD_11_1.42.105_SELL_M15",
    "symbol_count": 1,
    "side_mix": null,
    "trade_count": 533,
    "avg_return_correlation": 0.050679386315654204,
    "max_return_correlation": 0.2705326565213337,
    "avg_drawdown_correlation": 0.034697110525338526,
    "max_drawdown_correlation": 0.49174489397146215,
    "avg_stress_overlap": 0.0689237011027471,
    "max_stress_overlap": 0.21890547263681592,
    "avg_symbol_overlap": 0.1232876712328767,
    "max_symbol_overlap": 1.0,
    "avg_side_overlap": 0.821917808219178,
    "max_side_overlap": 1.0,
    "correlation_penalty": 0.042688248420496365,
    "marginal_dd_contribution": 0.612573121066319,
    "diversification_score": 0.9057471818475293,
    "portfolio_fit_score": 0.702904219579818,
    "cluster_membership": "CLUSTER_19"
  },
  "peer_snapshot": {
    "return_correlation_row": {
      "AUDJPY_1_3.14.146_BUY_M15": 0.0055936060387029515,
      "AUDJPY_2_5.20.109_BUY_M15": -0.030618749201908057,
      "AUDJPY_3_3.19_BUY_M15": -0.00021460390832368559,
      "AUDJPY_46_3.50.181_BUY_M15": 0.0006515233069744924,
      "AUDJPY_47_6.30.171_BOTH_M15": 0.01462221746932106,
      "AUDJPY_56_1.14.109_BUY_M15": 0.028299617667968215,
      "AUDJPY_78_3.7.108_BUY_M15": -0.0019287636300790903,
      "AUDUSD_48_5.8.189_SELL_M15": 0.12794821592151204,
      "AUDUSD_4_3.27.109_SELL_M15": 0.12091372840788288,
      "AUDUSD_5_6.3.178_SELL_M15": 0.1388885805332812,
      "AUDUSD_60_1.31.145_SELL_M15": 0.1420585288646348,
      "AUDUSD_61_6.25.174_SELL_M15": 0.068876617275324,
      "AUDUSD_6_5.9.126_SELL_M15": 0.09807078018591503,
      "EURGBP_10_5.21.111_SELL_M15": 0.020357257594048165,
      "EURGBP_49_2.36.141_BOTH_M15": 0.043405244305298275,
      "EURGBP_62_3.31.132_BUY_M15": -0.014555049055934929,
      "EURGBP_63_4.21.189_SELL_M15": 0.04088084262373082,
      "EURGBP_70_2.27.108_SELL_M15": 0.11736126522299734,
      "EURGBP_7_3.16.177_SELL_M15": 0.11668510998634282,
      "EURGBP_8_6.1.186_SELL_M15": 0.026075500678681893,
      "EURGBP_9_5.2.127_SELL_M15": 0.06630101988811671,
      "EURUSD_11_1.42.105_SELL_M15": 1.0,
      "EURUSD_12_3.47.124_BUY_M15": 0.007720125803356298,
      "EURUSD_13_6.46.178_BUY_M15": -0.1298782030931277,
      "EURUSD_14_5.6.167_BUY_M15": -0.031871555164433935,
      "EURUSD_18_6.6.111_SELL_M15": 0.2705326565213337,
      "EURUSD_59_2.34.129_SELL_M15": 0.2588048331375704,
      "EURUSD_64_4.34.165_BUY_M15": -0.031310871140121405,
      "EURUSD_71_5.30.159_SELL_M15": 0.22732365205438723,
      "EURUSD_72_5.42.127_SELL_M15": 0.1575813386737924,
      "EURUSD_73_5.43.181_SELL_M15": 0.15017426866775346,
      "GBPJPY_50_5.35.116_BUY_M15": 0.003137271057332402,
      "GBPJPY_65_2.14.157_BUY_M15": -0.026384474481371486,
      "GBPJPY_66_4.17.131_BOTH_M15": -0.05164250511281004,
      "GBPJPY_67_4.19.99_BOTH_M15": -0.032302031666175984,
      "GBPUSD_19_0.13205_BUY_M15": -0.08644151391625066,
      "GBPUSD_20_1.32.126_BUY_M15": -0.02254654020331394,
      "GBPUSD_21_3.3.167_BUY_M15": -0.027039342476214367,
      "GBPUSD_22_6.11.100_SELL_M15": 0.01938033374057812,
      "GBPUSD_69_3.13.113_BUY_M15": 0.12333407875987558,
      "GBPUSD_74_6.52.179_SELL_M15": 0.18027560457195596,
      "NZDUSD_23_2.12.147_SELL_M15": 0.08709227956503943,
      "NZDUSD_24_4.41.120_SELL_M15": 0.10142995749379659,
      "NZDUSD_25_5.7.105_SELL_M15": 0.1594829548300971,
      "NZDUSD_26_2.6.180_SELL_M15": 0.17943285778386528,
      "NZDUSD_27_6.16.107_SELL_M15": 0.06365111782226401,
      "NZDUSD_75_4.73.120_SELL_M15": 0.05719978502325932,
      "NZDUSD_76_5.71.164_BUY_M15": -0.03384202285376576,
      "US500.cash_28_3.8.114_BUY_M15": -0.10853564903892375,
      "US500.cash_29_3.32.156_BUY_M15": 0.02729882694532781,
      "USDCAD_30_2.34.141_BUY_M15": 0.11900055404869574,
      "USDCAD_31_3.2.189_BUY_M15": 0.15393741689380766,
      "USDCAD_32_4.16.175_BUY_M15": 0.14421509518825176,
      "USDCAD_33_5.11.180_BUY_M15": 0.05589240714733507,
      "USDCAD_34_1.8.187_BUY_M15": 0.08280353928893061,
      "USDCAD_51_6.27.122_BUY_M15": 0.1153012084107111,
      "USDCAD_77_3.51.113_SELL_M15": -0.001917490273347599,
      "USDCHF_35_3.1.133_SELL_M15": -0.08077676614542526,
      "USDCHF_36_4.5.112_SELL_M15": 0.10858890324484248,
      "USDCHF_52_3.17.186_BOTH_M15": -0.04996394603014819,
      "USDCHF_53_6.47.153_BOTH_M15": 0.060866620202522176,
      "USDCHF_55_6.23.134_BUY_M15": 0.06807722480500315,
      "USDJPY_37_0.18430_BUY_M15": 0.03050069527659324,
      "USDJPY_38_1.35.168_BUY_M15": 0.04632774169834456,
      "USDJPY_39_6.27.190_BUY_M15": 0.08772965935522511,
      "USDJPY_40_2.4.138_BUY_M15": 0.0410363379762182,
      "USDJPY_41_2.5.172_BUY_M15": 0.09333488425365782,
      "USDJPY_57_4.8.181_BUY_M15": 0.0835181946393822,
      "USOIL.cash_42_1.25.121_BUY_M15": 0.014060954241445408,
      "USOIL.cash_43_5.11.112_BUY_M15": -0.03039492727298759,
      "USOIL.cash_44_6.17.127_BUY_M15": 6.09733612875368e-05,
      "USOIL.cash_54_4.18.190_BOTH_M15": 6.09733612875368e-05,
      "XAUUSD_45_2.13.130_BUY_M15": -0.03656019249506475,
      "XAUUSD_58_5.6.136_BUY_M15": -0.02783458361337421
    },
    "drawdown_correlation_row": {
      "AUDJPY_1_3.14.146_BUY_M15": -0.0712411474532466,
      "AUDJPY_2_5.20.109_BUY_M15": -0.3048804008936228,
      "AUDJPY_3_3.19_BUY_M15": 0.1543074910083543,
      "AUDJPY_46_3.50.181_BUY_M15": 0.2339260314273833,
      "AUDJPY_47_6.30.171_BOTH_M15": 0.06642071057578373,
      "AUDJPY_56_1.14.109_BUY_M15": 0.2349080084640585,
      "AUDJPY_78_3.7.108_BUY_M15": 0.15756862070665223,
      "AUDUSD_48_5.8.189_SELL_M15": -0.13741936972187518,
      "AUDUSD_4_3.27.109_SELL_M15": -0.0307430984193535,
      "AUDUSD_5_6.3.178_SELL_M15": -0.05505203767899183,
      "AUDUSD_60_1.31.145_SELL_M15": 0.09505075464680376,
      "AUDUSD_61_6.25.174_SELL_M15": 0.23283623278191937,
      "AUDUSD_6_5.9.126_SELL_M15": -0.05540475791256222,
      "EURGBP_10_5.21.111_SELL_M15": -0.22274989585878271,
      "EURGBP_49_2.36.141_BOTH_M15": 0.21080314822057325,
      "EURGBP_62_3.31.132_BUY_M15": -0.33457191220493526,
      "EURGBP_63_4.21.189_SELL_M15": -0.07307461184640783,
      "EURGBP_70_2.27.108_SELL_M15": 0.3099628092134605,
      "EURGBP_7_3.16.177_SELL_M15": -0.3485665042479457,
      "EURGBP_8_6.1.186_SELL_M15": -0.08087122116529595,
      "EURGBP_9_5.2.127_SELL_M15": 0.2370562651369943,
      "EURUSD_11_1.42.105_SELL_M15": 1.0,
      "EURUSD_12_3.47.124_BUY_M15": -0.3762596968171475,
      "EURUSD_13_6.46.178_BUY_M15": -0.3497848428273429,
      "EURUSD_14_5.6.167_BUY_M15": -0.27974965501537974,
      "EURUSD_18_6.6.111_SELL_M15": 0.49174489397146215,
      "EURUSD_59_2.34.129_SELL_M15": 0.14467168585738502,
      "EURUSD_64_4.34.165_BUY_M15": -0.12635170123351175,
      "EURUSD_71_5.30.159_SELL_M15": 0.25147147239540807,
      "EURUSD_72_5.42.127_SELL_M15": 0.15585990029912744,
      "EURUSD_73_5.43.181_SELL_M15": 0.28002815301950046,
      "GBPJPY_50_5.35.116_BUY_M15": 0.223327137112713,
      "GBPJPY_65_2.14.157_BUY_M15": 0.16117059572113243,
      "GBPJPY_66_4.17.131_BOTH_M15": 0.13440528840106558,
      "GBPJPY_67_4.19.99_BOTH_M15": 0.14312363987127047,
      "GBPUSD_19_0.13205_BUY_M15": -0.2798254090073092,
      "GBPUSD_20_1.32.126_BUY_M15": -0.11904029633644787,
      "GBPUSD_21_3.3.167_BUY_M15": -0.11717231001130944,
      "GBPUSD_22_6.11.100_SELL_M15": 0.24970443228254963,
      "GBPUSD_69_3.13.113_BUY_M15": 0.30452613293805286,
      "GBPUSD_74_6.52.179_SELL_M15": 0.21803325079735042,
      "NZDUSD_23_2.12.147_SELL_M15": -0.06424455940240817,
      "NZDUSD_24_4.41.120_SELL_M15": 0.07869867167633746,
      "NZDUSD_25_5.7.105_SELL_M15": 0.06207626348600068,
      "NZDUSD_26_2.6.180_SELL_M15": 0.09318420892782615,
      "NZDUSD_27_6.16.107_SELL_M15": -0.13174356072868415,
      "NZDUSD_75_4.73.120_SELL_M15": -0.12254465042355533,
      "NZDUSD_76_5.71.164_BUY_M15": -0.37866962391555004,