{
  "strategy_id": "EURUSD_14_5.6.167_BUY_M15",
  "summary": {
    "strategy_id": "EURUSD_14_5.6.167_BUY_M15",
    "symbol_count": 1,
    "side_mix": null,
    "trade_count": 702,
    "avg_return_correlation": -0.011238571268133284,
    "max_return_correlation": 0.35611243633444556,
    "avg_drawdown_correlation": 0.01730095404067437,
    "max_drawdown_correlation": 0.3935825426537264,
    "avg_stress_overlap": 0.05830724499279791,
    "max_stress_overlap": 0.21287128712871287,
    "avg_symbol_overlap": 0.1232876712328767,
    "max_symbol_overlap": 1.0,
    "avg_side_overlap": 0.821917808219178,
    "max_side_overlap": 1.0,
    "correlation_penalty": 0.014269762654403828,
    "marginal_dd_contribution": -0.13742687893370942,
    "diversification_score": 0.9279948579175161,
    "portfolio_fit_score": 0.7139905576148113,
    "cluster_membership": "CLUSTER_22"
  },
  "peer_snapshot": {
    "return_correlation_row": {
      "AUDJPY_1_3.14.146_BUY_M15": 0.04543218937444363,
      "AUDJPY_2_5.20.109_BUY_M15": 0.07657200057523739,
      "AUDJPY_3_3.19_BUY_M15": 0.0760162229662969,
      "AUDJPY_46_3.50.181_BUY_M15": 0.05375459028065017,
      "AUDJPY_47_6.30.171_BOTH_M15": 0.007662440535479529,
      "AUDJPY_56_1.14.109_BUY_M15": 0.02746051467080501,
      "AUDJPY_78_3.7.108_BUY_M15": 0.07384894109003427,
      "AUDUSD_48_5.8.189_SELL_M15": -0.0965991741527787,
      "AUDUSD_4_3.27.109_SELL_M15": -0.02670919715128001,
      "AUDUSD_5_6.3.178_SELL_M15": -0.05987523394377556,
      "AUDUSD_60_1.31.145_SELL_M15": -0.06113188601970702,
      "AUDUSD_61_6.25.174_SELL_M15": 0.012582503959639219,
      "AUDUSD_6_5.9.126_SELL_M15": -0.12391145229699506,
      "EURGBP_10_5.21.111_SELL_M15": -0.033045126824097194,
      "EURGBP_49_2.36.141_BOTH_M15": 0.008798549869838386,
      "EURGBP_62_3.31.132_BUY_M15": 0.03728332820029427,
      "EURGBP_63_4.21.189_SELL_M15": -0.029259943610405643,
      "EURGBP_70_2.27.108_SELL_M15": 0.019747486770000263,
      "EURGBP_7_3.16.177_SELL_M15": -0.03568665282867754,
      "EURGBP_8_6.1.186_SELL_M15": -0.029864315311237122,
      "EURGBP_9_5.2.127_SELL_M15": -0.04899591468493985,
      "EURUSD_11_1.42.105_SELL_M15": -0.031871555164433935,
      "EURUSD_12_3.47.124_BUY_M15": 0.35611243633444556,
      "EURUSD_13_6.46.178_BUY_M15": 0.25407322976985197,
      "EURUSD_14_5.6.167_BUY_M15": 1.0,
      "EURUSD_18_6.6.111_SELL_M15": -0.12927796463685767,
      "EURUSD_59_2.34.129_SELL_M15": -0.24177046905793373,
      "EURUSD_64_4.34.165_BUY_M15": 0.21169018374358764,
      "EURUSD_71_5.30.159_SELL_M15": -0.11791976100751876,
      "EURUSD_72_5.42.127_SELL_M15": -0.21720087734543275,
      "EURUSD_73_5.43.181_SELL_M15": -0.16078908267450334,
      "GBPJPY_50_5.35.116_BUY_M15": 0.02046237828851019,
      "GBPJPY_65_2.14.157_BUY_M15": 0.071224120897775,
      "GBPJPY_66_4.17.131_BOTH_M15": 0.09125748954927626,
      "GBPJPY_67_4.19.99_BOTH_M15": 0.07493560432102454,
      "GBPUSD_19_0.13205_BUY_M15": 0.11802250969295582,
      "GBPUSD_20_1.32.126_BUY_M15": 0.10584364161294624,
      "GBPUSD_21_3.3.167_BUY_M15": 0.20774807692132238,
      "GBPUSD_22_6.11.100_SELL_M15": -0.04514357233327517,
      "GBPUSD_69_3.13.113_BUY_M15": -0.05152245623239531,
      "GBPUSD_74_6.52.179_SELL_M15": -0.07092244577345118,
      "NZDUSD_23_2.12.147_SELL_M15": -0.07114091460882208,
      "NZDUSD_24_4.41.120_SELL_M15": -0.055303497264673894,
      "NZDUSD_25_5.7.105_SELL_M15": -0.10634248546735728,
      "NZDUSD_26_2.6.180_SELL_M15": -0.08350262295834411,
      "NZDUSD_27_6.16.107_SELL_M15": -0.0362757997962323,
      "NZDUSD_75_4.73.120_SELL_M15": -0.08400569173013017,
      "NZDUSD_76_5.71.164_BUY_M15": 0.12157026897399022,
      "US500.cash_28_3.8.114_BUY_M15": 0.07850826717267077,
      "US500.cash_29_3.32.156_BUY_M15": 0.011532718884451539,
      "USDCAD_30_2.34.141_BUY_M15": -0.050108531837101566,
      "USDCAD_31_3.2.189_BUY_M15": -0.02442493026032845,
      "USDCAD_32_4.16.175_BUY_M15": -0.11205202509136032,
      "USDCAD_33_5.11.180_BUY_M15": -0.0585737088997968,
      "USDCAD_34_1.8.187_BUY_M15": -0.08987684100883479,
      "USDCAD_51_6.27.122_BUY_M15": -0.07722472819762034,
      "USDCAD_77_3.51.113_SELL_M15": 0.11930306470621634,
      "USDCHF_35_3.1.133_SELL_M15": 0.13596546996696188,
      "USDCHF_36_4.5.112_SELL_M15": -0.131117201810744,
      "USDCHF_52_3.17.186_BOTH_M15": 0.04623706991176797,
      "USDCHF_53_6.47.153_BOTH_M15": -0.08777963654066573,
      "USDCHF_55_6.23.134_BUY_M15": -0.14117080320304523,
      "USDJPY_37_0.18430_BUY_M15": -0.1164478240342241,
      "USDJPY_38_1.35.168_BUY_M15": -0.03355855911753545,
      "USDJPY_39_6.27.190_BUY_M15": -0.15181777435581242,
      "USDJPY_40_2.4.138_BUY_M15": -0.08868712569142777,
      "USDJPY_41_2.5.172_BUY_M15": -0.08077790454348517,
      "USDJPY_57_4.8.181_BUY_M15": -0.08377946896954008,
      "USOIL.cash_42_1.25.121_BUY_M15": -0.02693031766693773,
      "USOIL.cash_43_5.11.112_BUY_M15": -0.0030373136778553463,
      "USOIL.cash_44_6.17.127_BUY_M15": 0.002181227879247114,
      "USOIL.cash_54_4.18.190_BOTH_M15": 0.002181227879247114,
      "XAUUSD_45_2.13.130_BUY_M15": 0.0614050676618033,
      "XAUUSD_58_5.6.136_BUY_M15": 0.05560426274707005
    },
    "drawdown_correlation_row": {
      "AUDJPY_1_3.14.146_BUY_M15": -0.16155373338161264,
      "AUDJPY_2_5.20.109_BUY_M15": -0.21161983083927136,
      "AUDJPY_3_3.19_BUY_M15": -0.20531511956384726,
      "AUDJPY_46_3.50.181_BUY_M15": -0.2767941717017214,
      "AUDJPY_47_6.30.171_BOTH_M15": -0.18747904575654337,
      "AUDJPY_56_1.14.109_BUY_M15": -0.20756999971832232,
      "AUDJPY_78_3.7.108_BUY_M15": -0.2111762114767308,
      "AUDUSD_48_5.8.189_SELL_M15": -0.008849464963133446,
      "AUDUSD_4_3.27.109_SELL_M15": 0.21403184539613374,
      "AUDUSD_5_6.3.178_SELL_M15": 0.3935825426537264,
      "AUDUSD_60_1.31.145_SELL_M15": 0.09108863135604384,
      "AUDUSD_61_6.25.174_SELL_M15": -0.22544228475613962,
      "AUDUSD_6_5.9.126_SELL_M15": 0.3429905986560719,
      "EURGBP_10_5.21.111_SELL_M15": 0.2858196746015466,
      "EURGBP_49_2.36.141_BOTH_M15": -0.14822791994172238,
      "EURGBP_62_3.31.132_BUY_M15": 0.10572933761202807,
      "EURGBP_63_4.21.189_SELL_M15": 0.04087727551734304,
      "EURGBP_70_2.27.108_SELL_M15": 0.2957326718932035,
      "EURGBP_7_3.16.177_SELL_M15": 0.3346737554847093,
      "EURGBP_8_6.1.186_SELL_M15": 0.020895814802426336,
      "EURGBP_9_5.2.127_SELL_M15": -0.04272811598975605,
      "EURUSD_11_1.42.105_SELL_M15": -0.27974965501537974,
      "EURUSD_12_3.47.124_BUY_M15": 0.20041151902098264,
      "EURUSD_13_6.46.178_BUY_M15": 0.025852172554489027,
      "EURUSD_14_5.6.167_BUY_M15": 1.0,
      "EURUSD_18_6.6.111_SELL_M15": -0.2204428671643079,
      "EURUSD_59_2.34.129_SELL_M15": -0.30388210191098836,
      "EURUSD_64_4.34.165_BUY_M15": 0.2617922683146959,
      "EURUSD_71_5.30.159_SELL_M15": 0.053120946750409,
      "EURUSD_72_5.42.127_SELL_M15": -0.14065929681775888,
      "EURUSD_73_5.43.181_SELL_M15": -0.197022054081608,
      "GBPJPY_50_5.35.116_BUY_M15": -0.018425349480204817,
      "GBPJPY_65_2.14.157_BUY_M15": 0.17946583101035474,
      "GBPJPY_66_4.17.131_BOTH_M15": 0.22732704572951623,
      "GBPJPY_67_4.19.99_BOTH_M15": 0.3441705096518323,
      "GBPUSD_19_0.13205_BUY_M15": -0.09226830970916194,
      "GBPUSD_20_1.32.126_BUY_M15": 0.3410829057530513,
      "GBPUSD_21_3.3.167_BUY_M15": 0.1993617929071997,
      "GBPUSD_22_6.11.100_SELL_M15": 0.08234911258244701,
      "GBPUSD_69_3.13.113_BUY_M15": 0.17885073987707345,
      "GBPUSD_74_6.52.179_SELL_M15": -0.18217122001328512,
      "NZDUSD_23_2.12.147_SELL_M15": -0.0030245321396390598,
      "NZDUSD_24_4.41.120_SELL_M15": 0.19752958260283118,
      "NZDUSD_25_5.7.105_SELL_M15": 0.035506879341688516,
      "NZDUSD_26_2.6.180_SELL_M15": -0.09567452834938607,
      "NZDUSD_27_6.16.107_SELL_M15": 0.00024705627470867454,
      "NZDUSD_75_4.73.120_SELL_M15": -0.09642597536628415,
      "NZDUSD_76_5.71.164_BUY_M15": 0.05128798116012343,