{
  "strategy_id": "EURUSD_64_4.34.165_BUY_M15",
  "summary": {
    "strategy_id": "EURUSD_64_4.34.165_BUY_M15",
    "symbol_count": 1,
    "side_mix": "BUY",
    "trade_count": 855,
    "avg_return_correlation": 0.00504939229068839,
    "max_return_correlation": 0.21169018374358764,
    "avg_drawdown_correlation": -0.023884117098520265,
    "max_drawdown_correlation": 0.4844331743444426,
    "avg_stress_overlap": 0.05379705589115003,
    "max_stress_overlap": 0.16666666666666666,
    "avg_symbol_overlap": 0.1232876712328767,
    "max_symbol_overlap": 1.0,
    "avg_side_overlap": 0.08904109589041095,
    "max_side_overlap": 1.0,
    "correlation_penalty": 0.014466754694604327,
    "marginal_dd_contribution": -0.19222139948163885,
    "diversification_score": 0.9327501326193351,
    "portfolio_fit_score": 0.7163654552396935,
    "cluster_membership": "CLUSTER_25"
  },
  "peer_snapshot": {
    "return_correlation_row": {
      "AUDJPY_1_3.14.146_BUY_M15": 0.03791242365114022,
      "AUDJPY_2_5.20.109_BUY_M15": 0.04337948144149369,
      "AUDJPY_3_3.19_BUY_M15": 0.023570396487761967,
      "AUDJPY_46_3.50.181_BUY_M15": 0.06725548734913536,
      "AUDJPY_47_6.30.171_BOTH_M15": 0.0324911814356666,
      "AUDJPY_56_1.14.109_BUY_M15": 0.08269314344632359,
      "AUDJPY_78_3.7.108_BUY_M15": 0.025281872407069434,
      "AUDUSD_48_5.8.189_SELL_M15": -0.10441243429491504,
      "AUDUSD_4_3.27.109_SELL_M15": -0.010024184032878938,
      "AUDUSD_5_6.3.178_SELL_M15": -0.03364397132048305,
      "AUDUSD_60_1.31.145_SELL_M15": -0.023145461760138684,
      "AUDUSD_61_6.25.174_SELL_M15": 0.0006223385514225538,
      "AUDUSD_6_5.9.126_SELL_M15": -0.06747813982466877,
      "EURGBP_10_5.21.111_SELL_M15": -0.0266079457891692,
      "EURGBP_49_2.36.141_BOTH_M15": 0.051697760264457396,
      "EURGBP_62_3.31.132_BUY_M15": 0.021884208046299803,
      "EURGBP_63_4.21.189_SELL_M15": 0.0054898118225683145,
      "EURGBP_70_2.27.108_SELL_M15": -0.013503783099857383,
      "EURGBP_7_3.16.177_SELL_M15": 0.019800936475605893,
      "EURGBP_8_6.1.186_SELL_M15": 0.005962892959514045,
      "EURGBP_9_5.2.127_SELL_M15": -0.010349644576662046,
      "EURUSD_11_1.42.105_SELL_M15": -0.031310871140121405,
      "EURUSD_12_3.47.124_BUY_M15": 0.17516800083878864,
      "EURUSD_13_6.46.178_BUY_M15": 0.14100008184036994,
      "EURUSD_14_5.6.167_BUY_M15": 0.21169018374358764,
      "EURUSD_18_6.6.111_SELL_M15": -0.18096312088488795,
      "EURUSD_59_2.34.129_SELL_M15": -0.058417283952391846,
      "EURUSD_64_4.34.165_BUY_M15": 1.0,
      "EURUSD_71_5.30.159_SELL_M15": 0.021200337835025247,
      "EURUSD_72_5.42.127_SELL_M15": 0.043404830399967335,
      "EURUSD_73_5.43.181_SELL_M15": 0.005559622158209511,
      "GBPJPY_50_5.35.116_BUY_M15": 0.038029554380947586,
      "GBPJPY_65_2.14.157_BUY_M15": 0.10895718109794862,
      "GBPJPY_66_4.17.131_BOTH_M15": 0.053167501136869084,
      "GBPJPY_67_4.19.99_BOTH_M15": 0.06888914958424786,
      "GBPUSD_19_0.13205_BUY_M15": 0.09564336109134217,
      "GBPUSD_20_1.32.126_BUY_M15": 0.09848621888067145,
      "GBPUSD_21_3.3.167_BUY_M15": 0.15814836521797013,
      "GBPUSD_22_6.11.100_SELL_M15": -0.006610360222335648,
      "GBPUSD_69_3.13.113_BUY_M15": -0.017753019260686367,
      "GBPUSD_74_6.52.179_SELL_M15": -0.08811696549970771,
      "NZDUSD_23_2.12.147_SELL_M15": -0.015620274443576289,
      "NZDUSD_24_4.41.120_SELL_M15": -0.02935695280968676,
      "NZDUSD_25_5.7.105_SELL_M15": -0.06629791980205048,
      "NZDUSD_26_2.6.180_SELL_M15": -0.07457862970392522,
      "NZDUSD_27_6.16.107_SELL_M15": -0.04693054966156876,
      "NZDUSD_75_4.73.120_SELL_M15": -0.02019862785489407,
      "NZDUSD_76_5.71.164_BUY_M15": 0.15074104123641824,
      "US500.cash_28_3.8.114_BUY_M15": 0.09322345409699849,
      "US500.cash_29_3.32.156_BUY_M15": 0.03699492519272387,
      "USDCAD_30_2.34.141_BUY_M15": -0.053513220384622716,
      "USDCAD_31_3.2.189_BUY_M15": -0.024089599425984244,
      "USDCAD_32_4.16.175_BUY_M15": -0.02742611603063326,
      "USDCAD_33_5.11.180_BUY_M15": -0.13435238953616213,
      "USDCAD_34_1.8.187_BUY_M15": -0.014073869150837475,
      "USDCAD_51_6.27.122_BUY_M15": -0.07541756081022512,
      "USDCAD_77_3.51.113_SELL_M15": 0.16723446322503702,
      "USDCHF_35_3.1.133_SELL_M15": 0.0963856916807124,
      "USDCHF_36_4.5.112_SELL_M15": -0.032092090841728975,
      "USDCHF_52_3.17.186_BOTH_M15": 0.0008895370550328046,
      "USDCHF_53_6.47.153_BOTH_M15": -0.13287615508545375,
      "USDCHF_55_6.23.134_BUY_M15": -0.11222323903511912,
      "USDJPY_37_0.18430_BUY_M15": -0.076069464663794,
      "USDJPY_38_1.35.168_BUY_M15": -0.03485979814361614,
      "USDJPY_39_6.27.190_BUY_M15": -0.02853128008760104,
      "USDJPY_40_2.4.138_BUY_M15": -0.010750688850615456,
      "USDJPY_41_2.5.172_BUY_M15": -0.04945068957789711,
      "USDJPY_57_4.8.181_BUY_M15": -0.05502596419788639,
      "USOIL.cash_42_1.25.121_BUY_M15": 0.016858422885003298,
      "USOIL.cash_43_5.11.112_BUY_M15": 0.00462670126046526,
      "USOIL.cash_44_6.17.127_BUY_M15": -0.04307309984276222,
      "USOIL.cash_54_4.18.190_BOTH_M15": -0.04307309984276222,
      "XAUUSD_45_2.13.130_BUY_M15": 0.026690780089951977,
      "XAUUSD_58_5.6.136_BUY_M15": 0.009792763395812053
    },
    "drawdown_correlation_row": {
      "AUDJPY_1_3.14.146_BUY_M15": -0.2276742271045429,
      "AUDJPY_2_5.20.109_BUY_M15": -0.05724133028019361,
      "AUDJPY_3_3.19_BUY_M15": -0.24016589837817195,
      "AUDJPY_46_3.50.181_BUY_M15": -0.39600848376389924,
      "AUDJPY_47_6.30.171_BOTH_M15": -0.1303903788809791,
      "AUDJPY_56_1.14.109_BUY_M15": -0.20610689189350048,
      "AUDJPY_78_3.7.108_BUY_M15": -0.23641425852956632,
      "AUDUSD_48_5.8.189_SELL_M15": 0.38714758098071755,
      "AUDUSD_4_3.27.109_SELL_M15": -0.08171164187461206,
      "AUDUSD_5_6.3.178_SELL_M15": 0.30320526697530276,
      "AUDUSD_60_1.31.145_SELL_M15": -0.06041858749540678,
      "AUDUSD_61_6.25.174_SELL_M15": -0.21326851406505398,
      "AUDUSD_6_5.9.126_SELL_M15": -0.2519845016645314,
      "EURGBP_10_5.21.111_SELL_M15": -0.046957024284553076,
      "EURGBP_49_2.36.141_BOTH_M15": 0.3898421849810824,
      "EURGBP_62_3.31.132_BUY_M15": 0.006151119149110987,
      "EURGBP_63_4.21.189_SELL_M15": -0.12399141823018019,
      "EURGBP_70_2.27.108_SELL_M15": 0.16142209392762347,
      "EURGBP_7_3.16.177_SELL_M15": -0.3977008012810693,
      "EURGBP_8_6.1.186_SELL_M15": -0.011523427012921991,
      "EURGBP_9_5.2.127_SELL_M15": -0.0671759669077509,
      "EURUSD_11_1.42.105_SELL_M15": -0.12635170123351175,
      "EURUSD_12_3.47.124_BUY_M15": 0.0572990604810392,
      "EURUSD_13_6.46.178_BUY_M15": 0.05175021887661665,
      "EURUSD_14_5.6.167_BUY_M15": 0.2617922683146959,
      "EURUSD_18_6.6.111_SELL_M15": -0.3498878124244194,
      "EURUSD_59_2.34.129_SELL_M15": 0.07203642001976272,
      "EURUSD_64_4.34.165_BUY_M15": 1.0,
      "EURUSD_71_5.30.159_SELL_M15": 0.2876485627951271,
      "EURUSD_72_5.42.127_SELL_M15": -0.22216946792884593,
      "EURUSD_73_5.43.181_SELL_M15": -0.049977078816508064,
      "GBPJPY_50_5.35.116_BUY_M15": 0.4711933268243763,
      "GBPJPY_65_2.14.157_BUY_M15": 0.18004463744953034,
      "GBPJPY_66_4.17.131_BOTH_M15": 0.24217062292837535,
      "GBPJPY_67_4.19.99_BOTH_M15": 0.40006000773283273,
      "GBPUSD_19_0.13205_BUY_M15": -0.10773882741595633,
      "GBPUSD_20_1.32.126_BUY_M15": 0.4844331743444426,
      "GBPUSD_21_3.3.167_BUY_M15": 0.015813603292319216,
      "GBPUSD_22_6.11.100_SELL_M15": 0.0021169543891570845,
      "GBPUSD_69_3.13.113_BUY_M15": 0.29937323781010344,
      "GBPUSD_74_6.52.179_SELL_M15": -0.25508172058361483,
      "NZDUSD_23_2.12.147_SELL_M15": -0.15298658362367512,
      "NZDUSD_24_4.41.120_SELL_M15": -0.13092036828794726,
      "NZDUSD_25_5.7.105_SELL_M15": -0.1971457401870699,
      "NZDUSD_26_2.6.180_SELL_M15": -0.12002362466193564,
      "NZDUSD_27_6.16.107_SELL_M15": -0.34880694502580656,
      "NZDUSD_75_4.73.120_SELL_M15": 0.22767636108334202,