{
  "strategy_id": "EURUSD_73_5.43.181_SELL_M15",
  "summary": {
    "strategy_id": "EURUSD_73_5.43.181_SELL_M15",
    "symbol_count": 1,
    "side_mix": null,
    "trade_count": 941,
    "avg_return_correlation": 0.05751860941110442,
    "max_return_correlation": 0.555157491323988,
    "avg_drawdown_correlation": 0.04598144157807327,
    "max_drawdown_correlation": 0.5034966933343351,
    "avg_stress_overlap": 0.08909969540032173,
    "max_stress_overlap": 0.47023809523809523,
    "avg_symbol_overlap": 0.1232876712328767,
    "max_symbol_overlap": 1.0,
    "avg_side_overlap": 0.821917808219178,
    "max_side_overlap": 1.0,
    "correlation_penalty": 0.05175002549458885,
    "marginal_dd_contribution": -0.9867419474268928,
    "diversification_score": 0.8937404185617406,
    "portfolio_fit_score": 0.696820872183499,
    "cluster_membership": "CLUSTER_26"
  },
  "peer_snapshot": {
    "return_correlation_row": {
      "AUDJPY_1_3.14.146_BUY_M15": -0.037055897510811946,
      "AUDJPY_2_5.20.109_BUY_M15": -0.007000788551435666,
      "AUDJPY_3_3.19_BUY_M15": -0.05648421926763773,
      "AUDJPY_46_3.50.181_BUY_M15": -0.001505342441083116,
      "AUDJPY_47_6.30.171_BOTH_M15": -0.05565814813930698,
      "AUDJPY_56_1.14.109_BUY_M15": -0.07019987521779217,
      "AUDJPY_78_3.7.108_BUY_M15": -0.05892954150111472,
      "AUDUSD_48_5.8.189_SELL_M15": 0.1644148883324561,
      "AUDUSD_4_3.27.109_SELL_M15": 0.105962680852808,
      "AUDUSD_5_6.3.178_SELL_M15": 0.14663111720614103,
      "AUDUSD_60_1.31.145_SELL_M15": 0.09253553822672352,
      "AUDUSD_61_6.25.174_SELL_M15": 0.07230365642583364,
      "AUDUSD_6_5.9.126_SELL_M15": 0.1583778890929688,
      "EURGBP_10_5.21.111_SELL_M15": 0.04669108818482054,
      "EURGBP_49_2.36.141_BOTH_M15": 0.018143091736080648,
      "EURGBP_62_3.31.132_BUY_M15": -0.000816729986664001,
      "EURGBP_63_4.21.189_SELL_M15": -0.0280125750402258,
      "EURGBP_70_2.27.108_SELL_M15": 0.01834467419936405,
      "EURGBP_7_3.16.177_SELL_M15": 0.00510502487815788,
      "EURGBP_8_6.1.186_SELL_M15": 0.05951413778974338,
      "EURGBP_9_5.2.127_SELL_M15": -0.011827296043840316,
      "EURUSD_11_1.42.105_SELL_M15": 0.15017426866775346,
      "EURUSD_12_3.47.124_BUY_M15": -0.12575213268123794,
      "EURUSD_13_6.46.178_BUY_M15": -0.1387042942851239,
      "EURUSD_14_5.6.167_BUY_M15": -0.16078908267450334,
      "EURUSD_18_6.6.111_SELL_M15": 0.2753953536746208,
      "EURUSD_59_2.34.129_SELL_M15": 0.4707814432103048,
      "EURUSD_64_4.34.165_BUY_M15": 0.005559622158209511,
      "EURUSD_71_5.30.159_SELL_M15": 0.35904905193780884,
      "EURUSD_72_5.42.127_SELL_M15": 0.555157491323988,
      "EURUSD_73_5.43.181_SELL_M15": 1.0,
      "GBPJPY_50_5.35.116_BUY_M15": -0.04112378278377564,
      "GBPJPY_65_2.14.157_BUY_M15": -0.05410241806096709,
      "GBPJPY_66_4.17.131_BOTH_M15": -0.07338112500226071,
      "GBPJPY_67_4.19.99_BOTH_M15": -0.0782984790563622,
      "GBPUSD_19_0.13205_BUY_M15": -0.048433758515484766,
      "GBPUSD_20_1.32.126_BUY_M15": -0.1503914199373789,
      "GBPUSD_21_3.3.167_BUY_M15": -0.23788437141487148,
      "GBPUSD_22_6.11.100_SELL_M15": 0.10389955978687829,
      "GBPUSD_69_3.13.113_BUY_M15": 0.10766301733668572,
      "GBPUSD_74_6.52.179_SELL_M15": 0.2729399056226775,
      "NZDUSD_23_2.12.147_SELL_M15": 0.15814275589385635,
      "NZDUSD_24_4.41.120_SELL_M15": 0.040227868583581204,
      "NZDUSD_25_5.7.105_SELL_M15": 0.1455295439709239,
      "NZDUSD_26_2.6.180_SELL_M15": 0.1734581029189286,
      "NZDUSD_27_6.16.107_SELL_M15": 0.15556972887152787,
      "NZDUSD_75_4.73.120_SELL_M15": 0.14078442284995413,
      "NZDUSD_76_5.71.164_BUY_M15": -0.08301806097773887,
      "US500.cash_28_3.8.114_BUY_M15": 0.020772928690400483,
      "US500.cash_29_3.32.156_BUY_M15": 0.06857672421438595,
      "USDCAD_30_2.34.141_BUY_M15": 0.12955841398625045,
      "USDCAD_31_3.2.189_BUY_M15": 0.09142117443281902,
      "USDCAD_32_4.16.175_BUY_M15": 0.18102757222417745,
      "USDCAD_33_5.11.180_BUY_M15": 0.03993299914295027,
      "USDCAD_34_1.8.187_BUY_M15": 0.12808158754495255,
      "USDCAD_51_6.27.122_BUY_M15": 0.13957226824869703,
      "USDCAD_77_3.51.113_SELL_M15": -0.03286082372545575,
      "USDCHF_35_3.1.133_SELL_M15": -0.025010067165365347,
      "USDCHF_36_4.5.112_SELL_M15": 0.2124215953138847,
      "USDCHF_52_3.17.186_BOTH_M15": -0.06137443601191868,
      "USDCHF_53_6.47.153_BOTH_M15": 0.11867966798214162,
      "USDCHF_55_6.23.134_BUY_M15": 0.09674391327108903,
      "USDJPY_37_0.18430_BUY_M15": 0.08735869700751422,
      "USDJPY_38_1.35.168_BUY_M15": 0.09584336185090997,
      "USDJPY_39_6.27.190_BUY_M15": 0.15270867543264902,
      "USDJPY_40_2.4.138_BUY_M15": 0.11575321168469394,
      "USDJPY_41_2.5.172_BUY_M15": 0.14334603336947543,
      "USDJPY_57_4.8.181_BUY_M15": 0.15596170048664149,
      "USOIL.cash_42_1.25.121_BUY_M15": 0.03258210681592043,
      "USOIL.cash_43_5.11.112_BUY_M15": -0.022443323021937384,
      "USOIL.cash_44_6.17.127_BUY_M15": -0.001067347821688934,
      "USOIL.cash_54_4.18.190_BOTH_M15": -0.001067347821688934,
      "XAUUSD_45_2.13.130_BUY_M15": -0.09778796743981978,
      "XAUUSD_58_5.6.136_BUY_M15": -0.05285941632423571
    },
    "drawdown_correlation_row": {
      "AUDJPY_1_3.14.146_BUY_M15": 0.1083485481906864,
      "AUDJPY_2_5.20.109_BUY_M15": -0.20272115576884184,
      "AUDJPY_3_3.19_BUY_M15": 0.24316985503704236,
      "AUDJPY_46_3.50.181_BUY_M15": -0.02602600915353319,
      "AUDJPY_47_6.30.171_BOTH_M15": 0.06367358217908431,
      "AUDJPY_56_1.14.109_BUY_M15": 0.11490774793300382,
      "AUDJPY_78_3.7.108_BUY_M15": 0.24579686557956215,
      "AUDUSD_48_5.8.189_SELL_M15": 0.28334354229253267,
      "AUDUSD_4_3.27.109_SELL_M15": 0.13998124462399933,
      "AUDUSD_5_6.3.178_SELL_M15": 0.24458562886956065,
      "AUDUSD_60_1.31.145_SELL_M15": 0.012155809855972565,
      "AUDUSD_61_6.25.174_SELL_M15": -0.09880105825477331,
      "AUDUSD_6_5.9.126_SELL_M15": 0.02497126746634702,
      "EURGBP_10_5.21.111_SELL_M15": 0.04952668984282246,
      "EURGBP_49_2.36.141_BOTH_M15": 0.022917233965850003,
      "EURGBP_62_3.31.132_BUY_M15": -0.06684804838625238,
      "EURGBP_63_4.21.189_SELL_M15": -0.1675334718013792,
      "EURGBP_70_2.27.108_SELL_M15": 0.5034966933343351,
      "EURGBP_7_3.16.177_SELL_M15": -0.2845000460931557,
      "EURGBP_8_6.1.186_SELL_M15": -0.004734331044645621,
      "EURGBP_9_5.2.127_SELL_M15": -0.093003325232047,
      "EURUSD_11_1.42.105_SELL_M15": 0.28002815301950046,
      "EURUSD_12_3.47.124_BUY_M15": -0.21213591616738361,
      "EURUSD_13_6.46.178_BUY_M15": -0.026284499487508863,
      "EURUSD_14_5.6.167_BUY_M15": -0.197022054081608,
      "EURUSD_18_6.6.111_SELL_M15": 0.4947851664768219,
      "EURUSD_59_2.34.129_SELL_M15": 0.21661067713204937,
      "EURUSD_64_4.34.165_BUY_M15": -0.049977078816508064,
      "EURUSD_71_5.30.159_SELL_M15": 0.36924741051389515,
      "EURUSD_72_5.42.127_SELL_M15": 0.12117330534311661,
      "EURUSD_73_5.43.181_SELL_M15": 1.0,
      "GBPJPY_50_5.35.116_BUY_M15": 0.296761947430759,
      "GBPJPY_65_2.14.157_BUY_M15": 0.2103990981717973,
      "GBPJPY_66_4.17.131_BOTH_M15": 0.38787854056665616,
      "GBPJPY_67_4.19.99_BOTH_M15": 0.356948640862542,
      "GBPUSD_19_0.13205_BUY_M15": -0.2604204878238373,
      "GBPUSD_20_1.32.126_BUY_M15": 0.07235973184886456,
      "GBPUSD_21_3.3.167_BUY_M15": -0.20989941492489822,
      "GBPUSD_22_6.11.100_SELL_M15": -0.10193706700044491,
      "GBPUSD_69_3.13.113_BUY_M15": 0.046933485953139606,
      "GBPUSD_74_6.52.179_SELL_M15": 0.1375509325403778,
      "NZDUSD_23_2.12.147_SELL_M15": 0.1755893604785299,
      "NZDUSD_24_4.41.120_SELL_M15": -0.1941712122162651,
      "NZDUSD_25_5.7.105_SELL_M15": 0.0610234575480284,
      "NZDUSD_26_2.6.180_SELL_M15": 0.04442967316686877,
      "NZDUSD_27_6.16.107_SELL_M15": -0.17263629513341552,
      "NZDUSD_75_4.73.120_SELL_M15": 0.07409544783737797,
      "NZDUSD_76_5.71.164_BUY_M15": -0.19363762303151816,