{
  "strategy_id": "EURUSD_18_6.6.111_SELL_M15",
  "summary": {
    "strategy_id": "EURUSD_18_6.6.111_SELL_M15",
    "symbol_count": 1,
    "side_mix": "SELL",
    "trade_count": 1535,
    "avg_return_correlation": 0.05263938754074933,
    "max_return_correlation": 0.37230813517343453,
    "avg_drawdown_correlation": 0.05544267416012924,
    "max_drawdown_correlation": 0.5068793348463572,
    "avg_stress_overlap": 0.08525230809935846,
    "max_stress_overlap": 0.22,
    "avg_symbol_overlap": 0.1232876712328767,
    "max_symbol_overlap": 1.0,
    "avg_side_overlap": 0.44977168949771695,
    "max_side_overlap": 0.5,
    "correlation_penalty": 0.054041030850439285,
    "marginal_dd_contribution": -11.468933728248771,
    "diversification_score": 0.897618911526771,
    "portfolio_fit_score": 0.698236009076973,
    "cluster_membership": "CLUSTER_23"
  },
  "peer_snapshot": {
    "return_correlation_row": {
      "AUDJPY_1_3.14.146_BUY_M15": 0.005497254683286386,
      "AUDJPY_2_5.20.109_BUY_M15": -0.07149551781960302,
      "AUDJPY_3_3.19_BUY_M15": -0.027288101804904017,
      "AUDJPY_46_3.50.181_BUY_M15": -0.009429979120528573,
      "AUDJPY_47_6.30.171_BOTH_M15": -0.005933875119494194,
      "AUDJPY_56_1.14.109_BUY_M15": -0.03186893980584072,
      "AUDJPY_78_3.7.108_BUY_M15": -0.026535143745980348,
      "AUDUSD_48_5.8.189_SELL_M15": 0.16954759886397397,
      "AUDUSD_4_3.27.109_SELL_M15": 0.14560552042399907,
      "AUDUSD_5_6.3.178_SELL_M15": 0.18956538465312053,
      "AUDUSD_60_1.31.145_SELL_M15": 0.11415576538013922,
      "AUDUSD_61_6.25.174_SELL_M15": 0.07193153625171458,
      "AUDUSD_6_5.9.126_SELL_M15": 0.16987004990221133,
      "EURGBP_10_5.21.111_SELL_M15": 0.025003908962620978,
      "EURGBP_49_2.36.141_BOTH_M15": 0.024617397259649405,
      "EURGBP_62_3.31.132_BUY_M15": 0.0033944341681001696,
      "EURGBP_63_4.21.189_SELL_M15": 0.0129039586920038,
      "EURGBP_70_2.27.108_SELL_M15": 0.013029599783948192,
      "EURGBP_7_3.16.177_SELL_M15": 0.04632899377374296,
      "EURGBP_8_6.1.186_SELL_M15": 0.008150763542305612,
      "EURGBP_9_5.2.127_SELL_M15": 0.02298958893457876,
      "EURUSD_11_1.42.105_SELL_M15": 0.2705326565213337,
      "EURUSD_12_3.47.124_BUY_M15": -0.19283861200718802,
      "EURUSD_13_6.46.178_BUY_M15": -0.1268598773458419,
      "EURUSD_14_5.6.167_BUY_M15": -0.12927796463685767,
      "EURUSD_18_6.6.111_SELL_M15": 1.0,
      "EURUSD_59_2.34.129_SELL_M15": 0.37230813517343453,
      "EURUSD_64_4.34.165_BUY_M15": -0.18096312088488795,
      "EURUSD_71_5.30.159_SELL_M15": 0.30039430467822004,
      "EURUSD_72_5.42.127_SELL_M15": 0.24218792483429163,
      "EURUSD_73_5.43.181_SELL_M15": 0.2753953536746208,
      "GBPJPY_50_5.35.116_BUY_M15": -0.08948956683326767,
      "GBPJPY_65_2.14.157_BUY_M15": -0.12427680622016762,
      "GBPJPY_66_4.17.131_BOTH_M15": -0.132664796176669,
      "GBPJPY_67_4.19.99_BOTH_M15": -0.15554697409187165,
      "GBPUSD_19_0.13205_BUY_M15": -0.08201132928028515,
      "GBPUSD_20_1.32.126_BUY_M15": -0.15779583984401332,
      "GBPUSD_21_3.3.167_BUY_M15": -0.24195674154714736,
      "GBPUSD_22_6.11.100_SELL_M15": 0.12679446820021156,
      "GBPUSD_69_3.13.113_BUY_M15": 0.11365961261577069,
      "GBPUSD_74_6.52.179_SELL_M15": 0.259017185117818,
      "NZDUSD_23_2.12.147_SELL_M15": 0.1319666390097755,
      "NZDUSD_24_4.41.120_SELL_M15": 0.09620047572940421,
      "NZDUSD_25_5.7.105_SELL_M15": 0.17212421575018638,
      "NZDUSD_26_2.6.180_SELL_M15": 0.21702689097410946,
      "NZDUSD_27_6.16.107_SELL_M15": 0.18764841780719405,
      "NZDUSD_75_4.73.120_SELL_M15": 0.16349727003017206,
      "NZDUSD_76_5.71.164_BUY_M15": -0.10880141090208266,
      "US500.cash_28_3.8.114_BUY_M15": -0.08479507817828849,
      "US500.cash_29_3.32.156_BUY_M15": 0.01854251262088166,
      "USDCAD_30_2.34.141_BUY_M15": 0.14785574866704265,
      "USDCAD_31_3.2.189_BUY_M15": 0.20204103968049342,
      "USDCAD_32_4.16.175_BUY_M15": 0.19928933136155563,
      "USDCAD_33_5.11.180_BUY_M15": 0.15371284054990325,
      "USDCAD_34_1.8.187_BUY_M15": 0.11497069468183171,
      "USDCAD_51_6.27.122_BUY_M15": 0.1433531616634105,
      "USDCAD_77_3.51.113_SELL_M15": -0.11391839434401577,
      "USDCHF_35_3.1.133_SELL_M15": -0.05476461248436288,
      "USDCHF_36_4.5.112_SELL_M15": 0.2263573948619271,
      "USDCHF_52_3.17.186_BOTH_M15": -0.04818452312640659,
      "USDCHF_53_6.47.153_BOTH_M15": 0.20724207326419222,
      "USDCHF_55_6.23.134_BUY_M15": 0.15308894873139672,
      "USDJPY_37_0.18430_BUY_M15": 0.11658553227849773,
      "USDJPY_38_1.35.168_BUY_M15": 0.08295336091191784,
      "USDJPY_39_6.27.190_BUY_M15": 0.13380507410482434,
      "USDJPY_40_2.4.138_BUY_M15": 0.07190284761563284,
      "USDJPY_41_2.5.172_BUY_M15": 0.1389217727481282,
      "USDJPY_57_4.8.181_BUY_M15": 0.13191311846857962,
      "USOIL.cash_42_1.25.121_BUY_M15": -0.022257795134929963,
      "USOIL.cash_43_5.11.112_BUY_M15": -0.022457906678872763,
      "USOIL.cash_44_6.17.127_BUY_M15": 0.008981158413294284,
      "USOIL.cash_54_4.18.190_BOTH_M15": 0.008981158413294284,
      "XAUUSD_45_2.13.130_BUY_M15": -0.08917735690827842,
      "XAUUSD_58_5.6.136_BUY_M15": -0.03857751991225457
    },
    "drawdown_correlation_row": {
      "AUDJPY_1_3.14.146_BUY_M15": 0.031405693226240136,
      "AUDJPY_2_5.20.109_BUY_M15": -0.17420736350382954,
      "AUDJPY_3_3.19_BUY_M15": 0.5044268182278056,
      "AUDJPY_46_3.50.181_BUY_M15": 0.002017761376428872,
      "AUDJPY_47_6.30.171_BOTH_M15": 0.021232455477321156,
      "AUDJPY_56_1.14.109_BUY_M15": 0.3403683850526401,
      "AUDJPY_78_3.7.108_BUY_M15": 0.5068793348463572,
      "AUDUSD_48_5.8.189_SELL_M15": 0.03508825829916632,
      "AUDUSD_4_3.27.109_SELL_M15": 0.08271585264949212,
      "AUDUSD_5_6.3.178_SELL_M15": -0.03237000686759488,
      "AUDUSD_60_1.31.145_SELL_M15": 0.05430523863104912,
      "AUDUSD_61_6.25.174_SELL_M15": -0.14428408225782816,
      "AUDUSD_6_5.9.126_SELL_M15": 0.2520206868232231,
      "EURGBP_10_5.21.111_SELL_M15": -0.01511171658847952,
      "EURGBP_49_2.36.141_BOTH_M15": -0.02099086652816394,
      "EURGBP_62_3.31.132_BUY_M15": -0.061936876476186356,
      "EURGBP_63_4.21.189_SELL_M15": -0.1012949614089907,
      "EURGBP_70_2.27.108_SELL_M15": 0.41479611375361236,
      "EURGBP_7_3.16.177_SELL_M15": -0.10415664776574686,
      "EURGBP_8_6.1.186_SELL_M15": 0.14422475255276465,
      "EURGBP_9_5.2.127_SELL_M15": 0.08472754998546363,
      "EURUSD_11_1.42.105_SELL_M15": 0.49174489397146215,
      "EURUSD_12_3.47.124_BUY_M15": -0.12326536603193779,
      "EURUSD_13_6.46.178_BUY_M15": -0.03959969919074755,
      "EURUSD_14_5.6.167_BUY_M15": -0.2204428671643079,
      "EURUSD_18_6.6.111_SELL_M15": 1.0,
      "EURUSD_59_2.34.129_SELL_M15": 0.10251664757744754,
      "EURUSD_64_4.34.165_BUY_M15": -0.3498878124244194,
      "EURUSD_71_5.30.159_SELL_M15": 0.0030992821997520912,
      "EURUSD_72_5.42.127_SELL_M15": -0.10590203568826503,
      "EURUSD_73_5.43.181_SELL_M15": 0.4947851664768219,
      "GBPJPY_50_5.35.116_BUY_M15": 0.05032703844604553,
      "GBPJPY_65_2.14.157_BUY_M15": -0.05904894160817559,
      "GBPJPY_66_4.17.131_BOTH_M15": 0.1509739845004427,
      "GBPJPY_67_4.19.99_BOTH_M15": 0.031757770383233304,
      "GBPUSD_19_0.13205_BUY_M15": -0.253787920927548,
      "GBPUSD_20_1.32.126_BUY_M15": -0.08749875146147824,
      "GBPUSD_21_3.3.167_BUY_M15": -0.2533968922315963,
      "GBPUSD_22_6.11.100_SELL_M15": -0.12781779779708907,
      "GBPUSD_69_3.13.113_BUY_M15": 0.11630177899205206,
      "GBPUSD_74_6.52.179_SELL_M15": 0.07083762497115556,
      "NZDUSD_23_2.12.147_SELL_M15": 0.0346290815920934,
      "NZDUSD_24_4.41.120_SELL_M15": -0.19769786363893996,
      "NZDUSD_25_5.7.105_SELL_M15": 0.2783419366348294,
      "NZDUSD_26_2.6.180_SELL_M15": 0.30917033226517426,
      "NZDUSD_27_6.16.107_SELL_M15": 0.14973081571786476,
      "NZDUSD_75_4.73.120_SELL_M15": -0.0676529210660502,
      "NZDUSD_76_5.71.164_BUY_M15": 0.0029965551456093823,