{
  "strategy_id": "EURUSD_13_6.46.178_BUY_M15",
  "summary": {
    "strategy_id": "EURUSD_13_6.46.178_BUY_M15",
    "symbol_count": 1,
    "side_mix": null,
    "trade_count": 524,
    "avg_return_correlation": -0.020412476192381315,
    "max_return_correlation": 0.3074231047944788,
    "avg_drawdown_correlation": 0.0598796402599537,
    "max_drawdown_correlation": 0.7447445061483391,
    "avg_stress_overlap": 0.06109003065882338,
    "max_stress_overlap": 0.21890547263681592,
    "avg_symbol_overlap": 0.1232876712328767,
    "max_symbol_overlap": 1.0,
    "avg_side_overlap": 0.821917808219178,
    "max_side_overlap": 1.0,
    "correlation_penalty": 0.04014605822616751,
    "marginal_dd_contribution": -0.3387967419474194,
    "diversification_score": 0.922680773210728,
    "portfolio_fit_score": 0.7113234467682665,
    "cluster_membership": "CLUSTER_21"
  },
  "peer_snapshot": {
    "return_correlation_row": {
      "AUDJPY_1_3.14.146_BUY_M15": 0.005222630258787163,
      "AUDJPY_2_5.20.109_BUY_M15": -0.019377700204735157,
      "AUDJPY_3_3.19_BUY_M15": -0.04565389260245856,
      "AUDJPY_46_3.50.181_BUY_M15": -0.026956807786504295,
      "AUDJPY_47_6.30.171_BOTH_M15": 0.002916613551327057,
      "AUDJPY_56_1.14.109_BUY_M15": -0.014802609258632242,
      "AUDJPY_78_3.7.108_BUY_M15": -0.04505481897424545,
      "AUDUSD_48_5.8.189_SELL_M15": -0.07401359011777497,
      "AUDUSD_4_3.27.109_SELL_M15": -0.02602739721331083,
      "AUDUSD_5_6.3.178_SELL_M15": -0.10196345805325475,
      "AUDUSD_60_1.31.145_SELL_M15": -0.004881838912472922,
      "AUDUSD_61_6.25.174_SELL_M15": -0.040533771274455545,
      "AUDUSD_6_5.9.126_SELL_M15": -0.09333628289564273,
      "EURGBP_10_5.21.111_SELL_M15": 0.01322181767796344,
      "EURGBP_49_2.36.141_BOTH_M15": -0.013346246932402718,
      "EURGBP_62_3.31.132_BUY_M15": 0.03794092163984821,
      "EURGBP_63_4.21.189_SELL_M15": -0.009730966543443425,
      "EURGBP_70_2.27.108_SELL_M15": -0.014414826478137683,
      "EURGBP_7_3.16.177_SELL_M15": 0.04112956461107104,
      "EURGBP_8_6.1.186_SELL_M15": -0.037181583655765515,
      "EURGBP_9_5.2.127_SELL_M15": -0.05183222311674276,
      "EURUSD_11_1.42.105_SELL_M15": -0.1298782030931277,
      "EURUSD_12_3.47.124_BUY_M15": 0.3074231047944788,
      "EURUSD_13_6.46.178_BUY_M15": 1.0,
      "EURUSD_14_5.6.167_BUY_M15": 0.25407322976985197,
      "EURUSD_18_6.6.111_SELL_M15": -0.1268598773458419,
      "EURUSD_59_2.34.129_SELL_M15": -0.1763830256021917,
      "EURUSD_64_4.34.165_BUY_M15": 0.14100008184036994,
      "EURUSD_71_5.30.159_SELL_M15": -0.15928735482413744,
      "EURUSD_72_5.42.127_SELL_M15": -0.20571240936004925,
      "EURUSD_73_5.43.181_SELL_M15": -0.1387042942851239,
      "GBPJPY_50_5.35.116_BUY_M15": -0.017582329494498384,
      "GBPJPY_65_2.14.157_BUY_M15": 0.02768681736246713,
      "GBPJPY_66_4.17.131_BOTH_M15": 0.013653592360574613,
      "GBPJPY_67_4.19.99_BOTH_M15": -0.01322676088825923,
      "GBPUSD_19_0.13205_BUY_M15": 0.11611219288543602,
      "GBPUSD_20_1.32.126_BUY_M15": 0.07480383667276654,
      "GBPUSD_21_3.3.167_BUY_M15": 0.1706459766745952,
      "GBPUSD_22_6.11.100_SELL_M15": -0.0508688896168377,
      "GBPUSD_69_3.13.113_BUY_M15": -0.05520323090249833,
      "GBPUSD_74_6.52.179_SELL_M15": -0.10948163554587814,
      "NZDUSD_23_2.12.147_SELL_M15": -0.02516749889991194,
      "NZDUSD_24_4.41.120_SELL_M15": -0.06097236861344992,
      "NZDUSD_25_5.7.105_SELL_M15": -0.07441623582744174,
      "NZDUSD_26_2.6.180_SELL_M15": -0.11092899132339556,
      "NZDUSD_27_6.16.107_SELL_M15": -0.09050334387475192,
      "NZDUSD_75_4.73.120_SELL_M15": -0.06806505359347235,
      "NZDUSD_76_5.71.164_BUY_M15": 0.08543071485330749,
      "US500.cash_28_3.8.114_BUY_M15": 0.12719550405897992,
      "US500.cash_29_3.32.156_BUY_M15": -0.00417915788014645,
      "USDCAD_30_2.34.141_BUY_M15": -0.01685183206019664,
      "USDCAD_31_3.2.189_BUY_M15": -0.032897250913656306,
      "USDCAD_32_4.16.175_BUY_M15": -0.09013479433706857,
      "USDCAD_33_5.11.180_BUY_M15": -0.037341185030910724,
      "USDCAD_34_1.8.187_BUY_M15": -0.07420762453730505,
      "USDCAD_51_6.27.122_BUY_M15": -0.07745145782984005,
      "USDCAD_77_3.51.113_SELL_M15": 0.11327210130980638,
      "USDCHF_35_3.1.133_SELL_M15": 0.1076423696503958,
      "USDCHF_36_4.5.112_SELL_M15": -0.09884535545305646,
      "USDCHF_52_3.17.186_BOTH_M15": 0.11592715227494131,
      "USDCHF_53_6.47.153_BOTH_M15": -0.05549191044428836,
      "USDCHF_55_6.23.134_BUY_M15": -0.0820580244845993,
      "USDJPY_37_0.18430_BUY_M15": -0.09350168375255645,
      "USDJPY_38_1.35.168_BUY_M15": -0.028638027505300093,
      "USDJPY_39_6.27.190_BUY_M15": -0.134523861046509,
      "USDJPY_40_2.4.138_BUY_M15": -0.06337501498870357,
      "USDJPY_41_2.5.172_BUY_M15": -0.07947291582221278,
      "USDJPY_57_4.8.181_BUY_M15": -0.17073643353820708,
      "USOIL.cash_42_1.25.121_BUY_M15": 0.011650239685233875,
      "USOIL.cash_43_5.11.112_BUY_M15": 0.0006187682484881136,
      "USOIL.cash_44_6.17.127_BUY_M15": -0.00353977559928329,
      "USOIL.cash_54_4.18.190_BOTH_M15": -0.00353977559928329,
      "XAUUSD_45_2.13.130_BUY_M15": 0.077805845946853,
      "XAUUSD_58_5.6.136_BUY_M15": 0.04365175976259138
    },
    "drawdown_correlation_row": {
      "AUDJPY_1_3.14.146_BUY_M15": 0.2188611059604662,
      "AUDJPY_2_5.20.109_BUY_M15": 0.7447445061483391,
      "AUDJPY_3_3.19_BUY_M15": 0.21691644496482992,
      "AUDJPY_46_3.50.181_BUY_M15": 0.1181893450858985,
      "AUDJPY_47_6.30.171_BOTH_M15": 0.27496146411257205,
      "AUDJPY_56_1.14.109_BUY_M15": 0.41886710432328034,
      "AUDJPY_78_3.7.108_BUY_M15": 0.2176552764304045,
      "AUDUSD_48_5.8.189_SELL_M15": 0.14398224835943674,
      "AUDUSD_4_3.27.109_SELL_M15": -0.06517146069637458,
      "AUDUSD_5_6.3.178_SELL_M15": -0.11460509251858354,
      "AUDUSD_60_1.31.145_SELL_M15": -0.15152927871814573,
      "AUDUSD_61_6.25.174_SELL_M15": -0.1202017331715828,
      "AUDUSD_6_5.9.126_SELL_M15": -0.22302463984398446,
      "EURGBP_10_5.21.111_SELL_M15": -0.14839835661990958,
      "EURGBP_49_2.36.141_BOTH_M15": -0.2711430300132094,
      "EURGBP_62_3.31.132_BUY_M15": 0.30073411278047313,
      "EURGBP_63_4.21.189_SELL_M15": 0.14640758392210473,
      "EURGBP_70_2.27.108_SELL_M15": -0.2628610554511589,
      "EURGBP_7_3.16.177_SELL_M15": 0.12249021446591138,
      "EURGBP_8_6.1.186_SELL_M15": -0.3937653943249678,
      "EURGBP_9_5.2.127_SELL_M15": -0.5486912729867574,
      "EURUSD_11_1.42.105_SELL_M15": -0.3497848428273429,
      "EURUSD_12_3.47.124_BUY_M15": 0.5455398259769371,
      "EURUSD_13_6.46.178_BUY_M15": 1.0,
      "EURUSD_14_5.6.167_BUY_M15": 0.025852172554489027,
      "EURUSD_18_6.6.111_SELL_M15": -0.03959969919074755,
      "EURUSD_59_2.34.129_SELL_M15": 0.4066539775051432,
      "EURUSD_64_4.34.165_BUY_M15": 0.05175021887661665,
      "EURUSD_71_5.30.159_SELL_M15": 0.09691634685477302,
      "EURUSD_72_5.42.127_SELL_M15": 0.20238651635604155,
      "EURUSD_73_5.43.181_SELL_M15": -0.026284499487508863,
      "GBPJPY_50_5.35.116_BUY_M15": -0.0509204138608577,
      "GBPJPY_65_2.14.157_BUY_M15": -0.267836662277545,
      "GBPJPY_66_4.17.131_BOTH_M15": 0.37407680198435583,
      "GBPJPY_67_4.19.99_BOTH_M15": 0.21299558159941498,
      "GBPUSD_19_0.13205_BUY_M15": 0.2136614316351783,
      "GBPUSD_20_1.32.126_BUY_M15": -0.3953147540318187,
      "GBPUSD_21_3.3.167_BUY_M15": -0.017995226017394856,
      "GBPUSD_22_6.11.100_SELL_M15": -0.1558732618204907,
      "GBPUSD_69_3.13.113_BUY_M15": -0.1827405421833655,
      "GBPUSD_74_6.52.179_SELL_M15": 0.06486511808715004,
      "NZDUSD_23_2.12.147_SELL_M15": 0.15809754078295926,
      "NZDUSD_24_4.41.120_SELL_M15": -0.3245372314602116,
      "NZDUSD_25_5.7.105_SELL_M15": -0.27819662760201386,
      "NZDUSD_26_2.6.180_SELL_M15": 0.13485985724637511,
      "NZDUSD_27_6.16.107_SELL_M15": 0.2749763993857209,
      "NZDUSD_75_4.73.120_SELL_M15": 0.37780451640767,
      "NZDUSD_76_5.71.164_BUY_M15": 0.39031684346897794,