{
  "strategy_id": "GBPJPY_66_4.17.131_BOTH_M15",
  "summary": {
    "strategy_id": "GBPJPY_66_4.17.131_BOTH_M15",
    "symbol_count": 1,
    "side_mix": null,
    "trade_count": 908,
    "avg_return_correlation": 0.06741203544163246,
    "max_return_correlation": 0.9050502002326537,
    "avg_drawdown_correlation": 0.09299168442537316,
    "max_drawdown_correlation": 0.9063513145923163,
    "avg_stress_overlap": 0.0885952110040092,
    "max_stress_overlap": 0.8283582089552238,
    "avg_symbol_overlap": 0.0410958904109589,
    "max_symbol_overlap": 1.0,
    "avg_side_overlap": 0.821917808219178,
    "max_side_overlap": 1.0,
    "correlation_penalty": 0.08020185993350282,
    "marginal_dd_contribution": -3.0322213994816423,
    "diversification_score": 0.916964815887173,
    "portfolio_fit_score": 0.7083307968736124,
    "cluster_membership": "CLUSTER_28"
  },
  "peer_snapshot": {
    "return_correlation_row": {
      "AUDJPY_1_3.14.146_BUY_M15": 0.24362884966242865,
      "AUDJPY_2_5.20.109_BUY_M15": 0.25540967661610664,
      "AUDJPY_3_3.19_BUY_M15": 0.27357549925001995,
      "AUDJPY_46_3.50.181_BUY_M15": 0.20387635794181214,
      "AUDJPY_47_6.30.171_BOTH_M15": 0.1525961279520508,
      "AUDJPY_56_1.14.109_BUY_M15": 0.2756228318305544,
      "AUDJPY_78_3.7.108_BUY_M15": 0.27485987974441484,
      "AUDUSD_48_5.8.189_SELL_M15": -0.07085061804622825,
      "AUDUSD_4_3.27.109_SELL_M15": -0.019644763807854845,
      "AUDUSD_5_6.3.178_SELL_M15": -0.06368934418687003,
      "AUDUSD_60_1.31.145_SELL_M15": -0.02584032276252937,
      "AUDUSD_61_6.25.174_SELL_M15": -0.036596812638611254,
      "AUDUSD_6_5.9.126_SELL_M15": -0.06241822580604047,
      "EURGBP_10_5.21.111_SELL_M15": 0.07839515531987579,
      "EURGBP_49_2.36.141_BOTH_M15": 0.12772167878159763,
      "EURGBP_62_3.31.132_BUY_M15": -0.048238569487738664,
      "EURGBP_63_4.21.189_SELL_M15": 0.16397181749832276,
      "EURGBP_70_2.27.108_SELL_M15": 0.09657102430856655,
      "EURGBP_7_3.16.177_SELL_M15": 0.04059198486114155,
      "EURGBP_8_6.1.186_SELL_M15": 0.14956059498346075,
      "EURGBP_9_5.2.127_SELL_M15": 0.13688413470588706,
      "EURUSD_11_1.42.105_SELL_M15": -0.05164250511281004,
      "EURUSD_12_3.47.124_BUY_M15": 0.09835502442768608,
      "EURUSD_13_6.46.178_BUY_M15": 0.013653592360574613,
      "EURUSD_14_5.6.167_BUY_M15": 0.09125748954927626,
      "EURUSD_18_6.6.111_SELL_M15": -0.132664796176669,
      "EURUSD_59_2.34.129_SELL_M15": -0.08199765221585614,
      "EURUSD_64_4.34.165_BUY_M15": 0.053167501136869084,
      "EURUSD_71_5.30.159_SELL_M15": -0.05522616712161951,
      "EURUSD_72_5.42.127_SELL_M15": -0.08848982600560765,
      "EURUSD_73_5.43.181_SELL_M15": -0.07338112500226071,
      "GBPJPY_50_5.35.116_BUY_M15": 0.2874267989074594,
      "GBPJPY_65_2.14.157_BUY_M15": 0.545308811125869,
      "GBPJPY_66_4.17.131_BOTH_M15": 1.0,
      "GBPJPY_67_4.19.99_BOTH_M15": 0.9050502002326537,
      "GBPUSD_19_0.13205_BUY_M15": 0.016384120442619568,
      "GBPUSD_20_1.32.126_BUY_M15": 0.12446711101173943,
      "GBPUSD_21_3.3.167_BUY_M15": 0.16894275840360942,
      "GBPUSD_22_6.11.100_SELL_M15": -0.05129214227358658,
      "GBPUSD_69_3.13.113_BUY_M15": -0.07659829280883543,
      "GBPUSD_74_6.52.179_SELL_M15": -0.13120814006349046,
      "NZDUSD_23_2.12.147_SELL_M15": -0.08032081729243389,
      "NZDUSD_24_4.41.120_SELL_M15": -0.02972562037252985,
      "NZDUSD_25_5.7.105_SELL_M15": -0.03781713298579054,
      "NZDUSD_26_2.6.180_SELL_M15": -0.05414408089652078,
      "NZDUSD_27_6.16.107_SELL_M15": -0.051098996376845375,
      "NZDUSD_75_4.73.120_SELL_M15": -0.050854849680145246,
      "NZDUSD_76_5.71.164_BUY_M15": 0.05964560722156583,
      "US500.cash_28_3.8.114_BUY_M15": 0.05796661156083614,
      "US500.cash_29_3.32.156_BUY_M15": 0.01490643834486418,
      "USDCAD_30_2.34.141_BUY_M15": -0.06036546750965631,
      "USDCAD_31_3.2.189_BUY_M15": -0.05424154302132736,
      "USDCAD_32_4.16.175_BUY_M15": -0.07264965158619802,
      "USDCAD_33_5.11.180_BUY_M15": -0.049984291262479795,
      "USDCAD_34_1.8.187_BUY_M15": -0.011636759133797398,
      "USDCAD_51_6.27.122_BUY_M15": -0.05793879655082929,
      "USDCAD_77_3.51.113_SELL_M15": 0.04850005599035624,
      "USDCHF_35_3.1.133_SELL_M15": 0.00915155546624874,
      "USDCHF_36_4.5.112_SELL_M15": 0.015336126028336483,
      "USDCHF_52_3.17.186_BOTH_M15": 0.01115434437105175,
      "USDCHF_53_6.47.153_BOTH_M15": -0.0018723758308348095,
      "USDCHF_55_6.23.134_BUY_M15": 0.011123467884535795,
      "USDJPY_37_0.18430_BUY_M15": 0.20124236392268346,
      "USDJPY_38_1.35.168_BUY_M15": 0.23889166040688053,
      "USDJPY_39_6.27.190_BUY_M15": 0.2679400266151958,
      "USDJPY_40_2.4.138_BUY_M15": 0.2955682181839276,
      "USDJPY_41_2.5.172_BUY_M15": 0.25299758841032244,
      "USDJPY_57_4.8.181_BUY_M15": 0.2778564630667893,
      "USOIL.cash_42_1.25.121_BUY_M15": 0.025398219490186363,
      "USOIL.cash_43_5.11.112_BUY_M15": 0.04705357722092648,
      "USOIL.cash_44_6.17.127_BUY_M15": 0.046454679154911485,
      "USOIL.cash_54_4.18.190_BOTH_M15": 0.046454679154911485,
      "XAUUSD_45_2.13.130_BUY_M15": -0.06675690663847224,
      "XAUUSD_58_5.6.136_BUY_M15": -0.03465552365548643
    },
    "drawdown_correlation_row": {
      "AUDJPY_1_3.14.146_BUY_M15": 0.04947894506153622,
      "AUDJPY_2_5.20.109_BUY_M15": 0.2575040454041078,
      "AUDJPY_3_3.19_BUY_M15": 0.28300523460543053,
      "AUDJPY_46_3.50.181_BUY_M15": -0.07337358924623738,
      "AUDJPY_47_6.30.171_BOTH_M15": 0.2329647212465226,
      "AUDJPY_56_1.14.109_BUY_M15": 0.4273964010316492,
      "AUDJPY_78_3.7.108_BUY_M15": 0.2863393633386423,
      "AUDUSD_48_5.8.189_SELL_M15": 0.26797269919155114,
      "AUDUSD_4_3.27.109_SELL_M15": 0.12335238526177662,
      "AUDUSD_5_6.3.178_SELL_M15": 0.31887284804314875,
      "AUDUSD_60_1.31.145_SELL_M15": 0.07885826914628259,
      "AUDUSD_61_6.25.174_SELL_M15": -0.058406962217978024,
      "AUDUSD_6_5.9.126_SELL_M15": -0.019055756205626672,
      "EURGBP_10_5.21.111_SELL_M15": -0.025813210960070946,
      "EURGBP_49_2.36.141_BOTH_M15": -0.060870084017652655,
      "EURGBP_62_3.31.132_BUY_M15": 0.13911201363301606,
      "EURGBP_63_4.21.189_SELL_M15": 0.16511605713029945,
      "EURGBP_70_2.27.108_SELL_M15": 0.5353900854861529,
      "EURGBP_7_3.16.177_SELL_M15": -0.24654034649659737,
      "EURGBP_8_6.1.186_SELL_M15": -0.3381931959376074,
      "EURGBP_9_5.2.127_SELL_M15": -0.38828577331537,
      "EURUSD_11_1.42.105_SELL_M15": 0.13440528840106558,
      "EURUSD_12_3.47.124_BUY_M15": 0.22810938346844675,
      "EURUSD_13_6.46.178_BUY_M15": 0.37407680198435583,
      "EURUSD_14_5.6.167_BUY_M15": 0.22732704572951623,
      "EURUSD_18_6.6.111_SELL_M15": 0.1509739845004427,
      "EURUSD_59_2.34.129_SELL_M15": 0.3769786600015668,
      "EURUSD_64_4.34.165_BUY_M15": 0.24217062292837535,
      "EURUSD_71_5.30.159_SELL_M15": 0.6009734000436369,
      "EURUSD_72_5.42.127_SELL_M15": 0.1008407686119526,
      "EURUSD_73_5.43.181_SELL_M15": 0.38787854056665616,
      "GBPJPY_50_5.35.116_BUY_M15": 0.35421526067631814,
      "GBPJPY_65_2.14.157_BUY_M15": 0.28293908779751725,
      "GBPJPY_66_4.17.131_BOTH_M15": 1.0,
      "GBPJPY_67_4.19.99_BOTH_M15": 0.9063513145923163,
      "GBPUSD_19_0.13205_BUY_M15": -0.08671715795505644,
      "GBPUSD_20_1.32.126_BUY_M15": 0.052499754287166064,
      "GBPUSD_21_3.3.167_BUY_M15": -0.2377987587588682,
      "GBPUSD_22_6.11.100_SELL_M15": 0.07303281776463046,
      "GBPUSD_69_3.13.113_BUY_M15": 0.011855056012498852,
      "GBPUSD_74_6.52.179_SELL_M15": -0.03526723597424769,
      "NZDUSD_23_2.12.147_SELL_M15": 0.09506683015418474,
      "NZDUSD_24_4.41.120_SELL_M15": -0.18699103388977126,
      "NZDUSD_25_5.7.105_SELL_M15": -0.15668090598501108,
      "NZDUSD_26_2.6.180_SELL_M15": 0.04000544230137732,
      "NZDUSD_27_6.16.107_SELL_M15": -0.16142139472842518,
      "NZDUSD_75_4.73.120_SELL_M15": 0.26231620664112515,
      "NZDUSD_76_5.71.164_BUY_M15": -0.22328151252182218,