{
  "strategy_id": "GBPJPY_67_4.19.99_BOTH_M15",
  "summary": {
    "strategy_id": "GBPJPY_67_4.19.99_BOTH_M15",
    "symbol_count": 1,
    "side_mix": null,
    "trade_count": 929,
    "avg_return_correlation": 0.07140384270936687,
    "max_return_correlation": 0.9050502002326537,
    "avg_drawdown_correlation": 0.05809939494646705,
    "max_drawdown_correlation": 0.9063513145923163,
    "avg_stress_overlap": 0.09233994106967339,
    "max_stress_overlap": 0.8283582089552238,
    "avg_symbol_overlap": 0.0410958904109589,
    "max_symbol_overlap": 1.0,
    "avg_side_overlap": 0.821917808219178,
    "max_side_overlap": 1.0,
    "correlation_penalty": 0.06475161882791695,
    "marginal_dd_contribution": -2.3404405775638395,
    "diversification_score": 0.913526354850107,
    "portfolio_fit_score": 0.7066461553961754,
    "cluster_membership": "CLUSTER_28"
  },
  "peer_snapshot": {
    "return_correlation_row": {
      "AUDJPY_1_3.14.146_BUY_M15": 0.24061827420385318,
      "AUDJPY_2_5.20.109_BUY_M15": 0.25267292408035114,
      "AUDJPY_3_3.19_BUY_M15": 0.2592046203856811,
      "AUDJPY_46_3.50.181_BUY_M15": 0.21211955415037037,
      "AUDJPY_47_6.30.171_BOTH_M15": 0.16303262023307108,
      "AUDJPY_56_1.14.109_BUY_M15": 0.29004551963767417,
      "AUDJPY_78_3.7.108_BUY_M15": 0.2608280192617213,
      "AUDUSD_48_5.8.189_SELL_M15": -0.07275741161922086,
      "AUDUSD_4_3.27.109_SELL_M15": -0.024449359083468482,
      "AUDUSD_5_6.3.178_SELL_M15": -0.05286961539316717,
      "AUDUSD_60_1.31.145_SELL_M15": -0.04135640466517932,
      "AUDUSD_61_6.25.174_SELL_M15": -0.032727720764393155,
      "AUDUSD_6_5.9.126_SELL_M15": -0.06355917389773175,
      "EURGBP_10_5.21.111_SELL_M15": 0.09197964665948698,
      "EURGBP_49_2.36.141_BOTH_M15": 0.14626432893015356,
      "EURGBP_62_3.31.132_BUY_M15": -0.041728505702383976,
      "EURGBP_63_4.21.189_SELL_M15": 0.17075501886089525,
      "EURGBP_70_2.27.108_SELL_M15": 0.10716846029764367,
      "EURGBP_7_3.16.177_SELL_M15": 0.07415556908207091,
      "EURGBP_8_6.1.186_SELL_M15": 0.16962255788204783,
      "EURGBP_9_5.2.127_SELL_M15": 0.1517358454363237,
      "EURUSD_11_1.42.105_SELL_M15": -0.032302031666175984,
      "EURUSD_12_3.47.124_BUY_M15": 0.09129289615315438,
      "EURUSD_13_6.46.178_BUY_M15": -0.01322676088825923,
      "EURUSD_14_5.6.167_BUY_M15": 0.07493560432102454,
      "EURUSD_18_6.6.111_SELL_M15": -0.15554697409187165,
      "EURUSD_59_2.34.129_SELL_M15": -0.08444734272276391,
      "EURUSD_64_4.34.165_BUY_M15": 0.06888914958424786,
      "EURUSD_71_5.30.159_SELL_M15": -0.06292489868461411,
      "EURUSD_72_5.42.127_SELL_M15": -0.06771403362440971,
      "EURUSD_73_5.43.181_SELL_M15": -0.0782984790563622,
      "GBPJPY_50_5.35.116_BUY_M15": 0.2957215291284154,
      "GBPJPY_65_2.14.157_BUY_M15": 0.5539028043732632,
      "GBPJPY_66_4.17.131_BOTH_M15": 0.9050502002326537,
      "GBPJPY_67_4.19.99_BOTH_M15": 1.0,
      "GBPUSD_19_0.13205_BUY_M15": 0.011880770753735278,
      "GBPUSD_20_1.32.126_BUY_M15": 0.1281627817155316,
      "GBPUSD_21_3.3.167_BUY_M15": 0.18753434650466497,
      "GBPUSD_22_6.11.100_SELL_M15": -0.0913678687506003,
      "GBPUSD_69_3.13.113_BUY_M15": -0.06413359785199599,
      "GBPUSD_74_6.52.179_SELL_M15": -0.1457450966332488,
      "NZDUSD_23_2.12.147_SELL_M15": -0.05322622137616736,
      "NZDUSD_24_4.41.120_SELL_M15": -0.004778065025780931,
      "NZDUSD_25_5.7.105_SELL_M15": -0.020787502483155543,
      "NZDUSD_26_2.6.180_SELL_M15": -0.045043373297304644,
      "NZDUSD_27_6.16.107_SELL_M15": -0.06327221330602699,
      "NZDUSD_75_4.73.120_SELL_M15": -0.04774653208423897,
      "NZDUSD_76_5.71.164_BUY_M15": 0.068689037600544,
      "US500.cash_28_3.8.114_BUY_M15": 0.05100016283598128,
      "US500.cash_29_3.32.156_BUY_M15": 0.007567952529668336,
      "USDCAD_30_2.34.141_BUY_M15": -0.0661277416895791,
      "USDCAD_31_3.2.189_BUY_M15": -0.04515903058124996,
      "USDCAD_32_4.16.175_BUY_M15": -0.061827022416756194,
      "USDCAD_33_5.11.180_BUY_M15": -0.04357013932651488,
      "USDCAD_34_1.8.187_BUY_M15": -0.02174800263428407,
      "USDCAD_51_6.27.122_BUY_M15": -0.052308987692381494,
      "USDCAD_77_3.51.113_SELL_M15": 0.05021311175851915,
      "USDCHF_35_3.1.133_SELL_M15": 0.008620598922907698,
      "USDCHF_36_4.5.112_SELL_M15": 0.015874560164588,
      "USDCHF_52_3.17.186_BOTH_M15": -0.0005750693653718894,
      "USDCHF_53_6.47.153_BOTH_M15": 0.005997225926739734,
      "USDCHF_55_6.23.134_BUY_M15": 0.01686370475098828,
      "USDJPY_37_0.18430_BUY_M15": 0.20255426062760795,
      "USDJPY_38_1.35.168_BUY_M15": 0.2248098656149477,
      "USDJPY_39_6.27.190_BUY_M15": 0.29625804633310987,
      "USDJPY_40_2.4.138_BUY_M15": 0.30285503291876054,
      "USDJPY_41_2.5.172_BUY_M15": 0.2732990455195554,
      "USDJPY_57_4.8.181_BUY_M15": 0.292200611931706,
      "USOIL.cash_42_1.25.121_BUY_M15": 0.028602848281903296,
      "USOIL.cash_43_5.11.112_BUY_M15": 0.06093354364428425,
      "USOIL.cash_44_6.17.127_BUY_M15": 0.06980251911176738,
      "USOIL.cash_54_4.18.190_BOTH_M15": 0.06980251911176738,
      "XAUUSD_45_2.13.130_BUY_M15": -0.06520016003497842,
      "XAUUSD_58_5.6.136_BUY_M15": -0.024511835259962828
    },
    "drawdown_correlation_row": {
      "AUDJPY_1_3.14.146_BUY_M15": -0.0638954604320972,
      "AUDJPY_2_5.20.109_BUY_M15": 0.04941114198672084,
      "AUDJPY_3_3.19_BUY_M15": 0.09591180852651578,
      "AUDJPY_46_3.50.181_BUY_M15": -0.10615950738897101,
      "AUDJPY_47_6.30.171_BOTH_M15": 0.11802387120671913,
      "AUDJPY_56_1.14.109_BUY_M15": 0.17054158828196705,
      "AUDJPY_78_3.7.108_BUY_M15": 0.09901849134180885,
      "AUDUSD_48_5.8.189_SELL_M15": 0.2945864348063395,
      "AUDUSD_4_3.27.109_SELL_M15": 0.06727161931538397,
      "AUDUSD_5_6.3.178_SELL_M15": 0.40873858946322167,
      "AUDUSD_60_1.31.145_SELL_M15": -0.024627302149320525,
      "AUDUSD_61_6.25.174_SELL_M15": -0.10437092600170868,
      "AUDUSD_6_5.9.126_SELL_M15": -0.07945257523490311,
      "EURGBP_10_5.21.111_SELL_M15": -0.04452796702456467,
      "EURGBP_49_2.36.141_BOTH_M15": 0.08654784070704526,
      "EURGBP_62_3.31.132_BUY_M15": -0.09991023790737194,
      "EURGBP_63_4.21.189_SELL_M15": 0.02594784742144925,
      "EURGBP_70_2.27.108_SELL_M15": 0.5355675424586126,
      "EURGBP_7_3.16.177_SELL_M15": -0.29067068884425423,
      "EURGBP_8_6.1.186_SELL_M15": -0.30476172295075066,
      "EURGBP_9_5.2.127_SELL_M15": -0.2708144855607329,
      "EURUSD_11_1.42.105_SELL_M15": 0.14312363987127047,
      "EURUSD_12_3.47.124_BUY_M15": 0.02237318834781891,
      "EURUSD_13_6.46.178_BUY_M15": 0.21299558159941498,
      "EURUSD_14_5.6.167_BUY_M15": 0.3441705096518323,
      "EURUSD_18_6.6.111_SELL_M15": 0.031757770383233304,
      "EURUSD_59_2.34.129_SELL_M15": 0.21543368775347102,
      "EURUSD_64_4.34.165_BUY_M15": 0.40006000773283273,
      "EURUSD_71_5.30.159_SELL_M15": 0.5808743133779048,
      "EURUSD_72_5.42.127_SELL_M15": 0.11608659746582232,
      "EURUSD_73_5.43.181_SELL_M15": 0.356948640862542,
      "GBPJPY_50_5.35.116_BUY_M15": 0.5049100184186897,
      "GBPJPY_65_2.14.157_BUY_M15": 0.36677834749522803,
      "GBPJPY_66_4.17.131_BOTH_M15": 0.9063513145923163,
      "GBPJPY_67_4.19.99_BOTH_M15": 1.0,
      "GBPUSD_19_0.13205_BUY_M15": -0.2555784007956992,
      "GBPUSD_20_1.32.126_BUY_M15": 0.1772944828347192,
      "GBPUSD_21_3.3.167_BUY_M15": -0.08427340593823895,
      "GBPUSD_22_6.11.100_SELL_M15": 0.09262029257738301,
      "GBPUSD_69_3.13.113_BUY_M15": 0.1539776416557712,
      "GBPUSD_74_6.52.179_SELL_M15": -0.12737289491842663,
      "NZDUSD_23_2.12.147_SELL_M15": 0.02489787687310239,
      "NZDUSD_24_4.41.120_SELL_M15": -0.08201042476352063,
      "NZDUSD_25_5.7.105_SELL_M15": -0.210444245030635,
      "NZDUSD_26_2.6.180_SELL_M15": -0.1159676941590391,
      "NZDUSD_27_6.16.107_SELL_M15": -0.33059705867282035,
      "NZDUSD_75_4.73.120_SELL_M15": 0.18984371314840826,
      "NZDUSD_76_5.71.164_BUY_M15": -0.3633741555673133,