{
  "strategy_id": "GBPJPY_50_5.35.116_BUY_M15",
  "summary": {
    "strategy_id": "GBPJPY_50_5.35.116_BUY_M15",
    "symbol_count": 1,
    "side_mix": null,
    "trade_count": 539,
    "avg_return_correlation": 0.02857972190203418,
    "max_return_correlation": 0.2957215291284154,
    "avg_drawdown_correlation": -0.006999976322181246,
    "max_drawdown_correlation": 0.5049100184186897,
    "avg_stress_overlap": 0.0695948755654468,
    "max_stress_overlap": 0.1951219512195122,
    "avg_symbol_overlap": 0.0410958904109589,
    "max_symbol_overlap": 1.0,
    "avg_side_overlap": 0.821917808219178,
    "max_side_overlap": 1.0,
    "correlation_penalty": 0.017789849112107712,
    "marginal_dd_contribution": -0.8808515364679437,
    "diversification_score": 0.9426682154330223,
    "portfolio_fit_score": 0.7212900651396877,
    "cluster_membership": "CLUSTER_27"
  },
  "peer_snapshot": {
    "return_correlation_row": {
      "AUDJPY_1_3.14.146_BUY_M15": 0.087616662714897,
      "AUDJPY_2_5.20.109_BUY_M15": 0.1646299344293083,
      "AUDJPY_3_3.19_BUY_M15": 0.14835487331814926,
      "AUDJPY_46_3.50.181_BUY_M15": 0.10597295024404309,
      "AUDJPY_47_6.30.171_BOTH_M15": 0.11013348832551258,
      "AUDJPY_56_1.14.109_BUY_M15": 0.17785862248839768,
      "AUDJPY_78_3.7.108_BUY_M15": 0.14743502888344695,
      "AUDUSD_48_5.8.189_SELL_M15": -0.046663205036784464,
      "AUDUSD_4_3.27.109_SELL_M15": -0.03237243653322058,
      "AUDUSD_5_6.3.178_SELL_M15": -0.06559220669771201,
      "AUDUSD_60_1.31.145_SELL_M15": -0.05745747938744706,
      "AUDUSD_61_6.25.174_SELL_M15": -0.05208952872503278,
      "AUDUSD_6_5.9.126_SELL_M15": -0.0290638596339351,
      "EURGBP_10_5.21.111_SELL_M15": 0.061797549261782006,
      "EURGBP_49_2.36.141_BOTH_M15": 0.12747105814308068,
      "EURGBP_62_3.31.132_BUY_M15": -0.09560398137737354,
      "EURGBP_63_4.21.189_SELL_M15": 0.07381345483264902,
      "EURGBP_70_2.27.108_SELL_M15": 0.016466983647066377,
      "EURGBP_7_3.16.177_SELL_M15": 0.025569597290452797,
      "EURGBP_8_6.1.186_SELL_M15": 0.11504064838393821,
      "EURGBP_9_5.2.127_SELL_M15": 0.0707492989175413,
      "EURUSD_11_1.42.105_SELL_M15": 0.003137271057332402,
      "EURUSD_12_3.47.124_BUY_M15": 0.015630742025690047,
      "EURUSD_13_6.46.178_BUY_M15": -0.017582329494498384,
      "EURUSD_14_5.6.167_BUY_M15": 0.02046237828851019,
      "EURUSD_18_6.6.111_SELL_M15": -0.08948956683326767,
      "EURUSD_59_2.34.129_SELL_M15": -0.05172304427926691,
      "EURUSD_64_4.34.165_BUY_M15": 0.038029554380947586,
      "EURUSD_71_5.30.159_SELL_M15": -0.0858173601389075,
      "EURUSD_72_5.42.127_SELL_M15": -0.08551313703997927,
      "EURUSD_73_5.43.181_SELL_M15": -0.04112378278377564,
      "GBPJPY_50_5.35.116_BUY_M15": 1.0,
      "GBPJPY_65_2.14.157_BUY_M15": 0.2293822115827408,
      "GBPJPY_66_4.17.131_BOTH_M15": 0.2874267989074594,
      "GBPJPY_67_4.19.99_BOTH_M15": 0.2957215291284154,
      "GBPUSD_19_0.13205_BUY_M15": 0.07875785187682106,
      "GBPUSD_20_1.32.126_BUY_M15": 0.09952273243985799,
      "GBPUSD_21_3.3.167_BUY_M15": 0.172068970203788,
      "GBPUSD_22_6.11.100_SELL_M15": -0.05529012348462976,
      "GBPUSD_69_3.13.113_BUY_M15": -0.007784002319680453,
      "GBPUSD_74_6.52.179_SELL_M15": -0.12055315927017943,
      "NZDUSD_23_2.12.147_SELL_M15": -0.0331613694802645,
      "NZDUSD_24_4.41.120_SELL_M15": -0.02575291687420099,
      "NZDUSD_25_5.7.105_SELL_M15": -0.007068028340384629,
      "NZDUSD_26_2.6.180_SELL_M15": -0.05289550128851596,
      "NZDUSD_27_6.16.107_SELL_M15": -0.09305754554072779,
      "NZDUSD_75_4.73.120_SELL_M15": -0.020592370425437344,
      "NZDUSD_76_5.71.164_BUY_M15": 0.03531370565479392,
      "US500.cash_28_3.8.114_BUY_M15": 0.029215677396310622,
      "US500.cash_29_3.32.156_BUY_M15": 0.022953044781361093,
      "USDCAD_30_2.34.141_BUY_M15": -0.06632680121276763,
      "USDCAD_31_3.2.189_BUY_M15": -0.0370019289606593,
      "USDCAD_32_4.16.175_BUY_M15": -0.07422873487742788,
      "USDCAD_33_5.11.180_BUY_M15": -0.049684948079336363,
      "USDCAD_34_1.8.187_BUY_M15": -0.02812467351878434,
      "USDCAD_51_6.27.122_BUY_M15": -0.07663480016050854,
      "USDCAD_77_3.51.113_SELL_M15": -0.004776483094012268,
      "USDCHF_35_3.1.133_SELL_M15": -0.006081800055065379,
      "USDCHF_36_4.5.112_SELL_M15": -0.030368519890390706,
      "USDCHF_52_3.17.186_BOTH_M15": -0.023317087821769746,
      "USDCHF_53_6.47.153_BOTH_M15": -0.018779618388895896,
      "USDCHF_55_6.23.134_BUY_M15": 0.006199374197730729,
      "USDJPY_37_0.18430_BUY_M15": 0.100256709446118,
      "USDJPY_38_1.35.168_BUY_M15": 0.09381284377918733,
      "USDJPY_39_6.27.190_BUY_M15": 0.11217838714180511,
      "USDJPY_40_2.4.138_BUY_M15": 0.11185952889821926,
      "USDJPY_41_2.5.172_BUY_M15": 0.11615270155393197,
      "USDJPY_57_4.8.181_BUY_M15": 0.16821723255876436,
      "USOIL.cash_42_1.25.121_BUY_M15": 0.04558513102839756,
      "USOIL.cash_43_5.11.112_BUY_M15": 0.03754105469834057,
      "USOIL.cash_44_6.17.127_BUY_M15": 0.052406146527107914,
      "USOIL.cash_54_4.18.190_BOTH_M15": 0.052406146527107914,
      "XAUUSD_45_2.13.130_BUY_M15": 0.009320811729254804,
      "XAUUSD_58_5.6.136_BUY_M15": 0.0014233432030756553
    },
    "drawdown_correlation_row": {
      "AUDJPY_1_3.14.146_BUY_M15": 0.047359351928382955,
      "AUDJPY_2_5.20.109_BUY_M15": -0.16212175196194797,
      "AUDJPY_3_3.19_BUY_M15": 0.13343509308351198,
      "AUDJPY_46_3.50.181_BUY_M15": 0.10888788672546779,
      "AUDJPY_47_6.30.171_BOTH_M15": 0.24773170156336544,
      "AUDJPY_56_1.14.109_BUY_M15": 0.06568290465905403,
      "AUDJPY_78_3.7.108_BUY_M15": 0.13699655639987438,
      "AUDUSD_48_5.8.189_SELL_M15": 0.3611752096642778,
      "AUDUSD_4_3.27.109_SELL_M15": -0.12696142653887624,
      "AUDUSD_5_6.3.178_SELL_M15": 0.251858210082556,
      "AUDUSD_60_1.31.145_SELL_M15": -0.33547886684026557,
      "AUDUSD_61_6.25.174_SELL_M15": -0.21975138255081056,
      "AUDUSD_6_5.9.126_SELL_M15": -0.28640347169291214,
      "EURGBP_10_5.21.111_SELL_M15": -0.1130661633514162,
      "EURGBP_49_2.36.141_BOTH_M15": 0.3747655634331507,
      "EURGBP_62_3.31.132_BUY_M15": -0.38696616252149363,
      "EURGBP_63_4.21.189_SELL_M15": -0.1556503654256717,
      "EURGBP_70_2.27.108_SELL_M15": 0.25087180763829103,
      "EURGBP_7_3.16.177_SELL_M15": -0.5486662094561611,
      "EURGBP_8_6.1.186_SELL_M15": -0.046649609495333096,
      "EURGBP_9_5.2.127_SELL_M15": 0.09946715352001782,
      "EURUSD_11_1.42.105_SELL_M15": 0.223327137112713,
      "EURUSD_12_3.47.124_BUY_M15": -0.2883171622326313,
      "EURUSD_13_6.46.178_BUY_M15": -0.0509204138608577,
      "EURUSD_14_5.6.167_BUY_M15": -0.018425349480204817,
      "EURUSD_18_6.6.111_SELL_M15": 0.05032703844604553,
      "EURUSD_59_2.34.129_SELL_M15": 0.004494761200878672,
      "EURUSD_64_4.34.165_BUY_M15": 0.4711933268243763,
      "EURUSD_71_5.30.159_SELL_M15": 0.2556545791565455,
      "EURUSD_72_5.42.127_SELL_M15": 0.022714002253410276,
      "EURUSD_73_5.43.181_SELL_M15": 0.296761947430759,
      "GBPJPY_50_5.35.116_BUY_M15": 1.0,
      "GBPJPY_65_2.14.157_BUY_M15": 0.4348431359897446,
      "GBPJPY_66_4.17.131_BOTH_M15": 0.35421526067631814,
      "GBPJPY_67_4.19.99_BOTH_M15": 0.5049100184186897,
      "GBPUSD_19_0.13205_BUY_M15": -0.28911647184511524,
      "GBPUSD_20_1.32.126_BUY_M15": 0.30645446507178853,
      "GBPUSD_21_3.3.167_BUY_M15": 0.1737394082919047,
      "GBPUSD_22_6.11.100_SELL_M15": 0.05228450552265874,
      "GBPUSD_69_3.13.113_BUY_M15": 0.40865629706244844,
      "GBPUSD_74_6.52.179_SELL_M15": -0.09173931614895285,
      "NZDUSD_23_2.12.147_SELL_M15": -0.18664073857380803,
      "NZDUSD_24_4.41.120_SELL_M15": 0.017163381999202646,
      "NZDUSD_25_5.7.105_SELL_M15": -0.19631669668198443,
      "NZDUSD_26_2.6.180_SELL_M15": -0.23717837960134977,
      "NZDUSD_27_6.16.107_SELL_M15": -0.5813893180858072,
      "NZDUSD_75_4.73.120_SELL_M15": -0.09479528965009444,
      "NZDUSD_76_5.71.164_BUY_M15": -0.489320269586145,