{
  "strategy_id": "GBPJPY_65_2.14.157_BUY_M15",
  "summary": {
    "strategy_id": "GBPJPY_65_2.14.157_BUY_M15",
    "symbol_count": 1,
    "side_mix": null,
    "trade_count": 680,
    "avg_return_correlation": 0.05714139431196279,
    "max_return_correlation": 0.5539028043732632,
    "avg_drawdown_correlation": 0.009844727937325375,
    "max_drawdown_correlation": 0.4348431359897446,
    "avg_stress_overlap": 0.07676586614875082,
    "max_stress_overlap": 0.2512820512820513,
    "avg_symbol_overlap": 0.0410958904109589,
    "max_symbol_overlap": 1.0,
    "avg_side_overlap": 0.821917808219178,
    "max_side_overlap": 1.0,
    "correlation_penalty": 0.03349306112464408,
    "marginal_dd_contribution": -2.6985227693446774,
    "diversification_score": 0.9267870318804743,
    "portfolio_fit_score": 0.7132585898017699,
    "cluster_membership": "CLUSTER_28"
  },
  "peer_snapshot": {
    "return_correlation_row": {
      "AUDJPY_1_3.14.146_BUY_M15": 0.1777562456660079,
      "AUDJPY_2_5.20.109_BUY_M15": 0.18898365844380188,
      "AUDJPY_3_3.19_BUY_M15": 0.270850119434572,
      "AUDJPY_46_3.50.181_BUY_M15": 0.19667045444627396,
      "AUDJPY_47_6.30.171_BOTH_M15": 0.18311634621088757,
      "AUDJPY_56_1.14.109_BUY_M15": 0.32700780820758546,
      "AUDJPY_78_3.7.108_BUY_M15": 0.27441642054769777,
      "AUDUSD_48_5.8.189_SELL_M15": -0.058283979501487025,
      "AUDUSD_4_3.27.109_SELL_M15": -0.029188083832392,
      "AUDUSD_5_6.3.178_SELL_M15": -0.05175335899601128,
      "AUDUSD_60_1.31.145_SELL_M15": -0.050467433730718034,
      "AUDUSD_61_6.25.174_SELL_M15": -0.03575205004842853,
      "AUDUSD_6_5.9.126_SELL_M15": -0.07727842139577762,
      "EURGBP_10_5.21.111_SELL_M15": 0.09539679300472927,
      "EURGBP_49_2.36.141_BOTH_M15": 0.10448412744583965,
      "EURGBP_62_3.31.132_BUY_M15": -0.08363393773090753,
      "EURGBP_63_4.21.189_SELL_M15": 0.12762199752876613,
      "EURGBP_70_2.27.108_SELL_M15": 0.038846464211706934,
      "EURGBP_7_3.16.177_SELL_M15": 0.05597581951684495,
      "EURGBP_8_6.1.186_SELL_M15": 0.1362471977077009,
      "EURGBP_9_5.2.127_SELL_M15": 0.09486512778836968,
      "EURUSD_11_1.42.105_SELL_M15": -0.026384474481371486,
      "EURUSD_12_3.47.124_BUY_M15": 0.06375770772254467,
      "EURUSD_13_6.46.178_BUY_M15": 0.02768681736246713,
      "EURUSD_14_5.6.167_BUY_M15": 0.071224120897775,
      "EURUSD_18_6.6.111_SELL_M15": -0.12427680622016762,
      "EURUSD_59_2.34.129_SELL_M15": -0.031069882669248473,
      "EURUSD_64_4.34.165_BUY_M15": 0.10895718109794862,
      "EURUSD_71_5.30.159_SELL_M15": -0.032897390994407166,
      "EURUSD_72_5.42.127_SELL_M15": -0.09896588200130889,
      "EURUSD_73_5.43.181_SELL_M15": -0.05410241806096709,
      "GBPJPY_50_5.35.116_BUY_M15": 0.2293822115827408,
      "GBPJPY_65_2.14.157_BUY_M15": 1.0,
      "GBPJPY_66_4.17.131_BOTH_M15": 0.545308811125869,
      "GBPJPY_67_4.19.99_BOTH_M15": 0.5539028043732632,
      "GBPUSD_19_0.13205_BUY_M15": 0.022481416956164183,
      "GBPUSD_20_1.32.126_BUY_M15": 0.07671682677135082,
      "GBPUSD_21_3.3.167_BUY_M15": 0.1926714636783326,
      "GBPUSD_22_6.11.100_SELL_M15": -0.08306157918592152,
      "GBPUSD_69_3.13.113_BUY_M15": -0.1338714749286545,
      "GBPUSD_74_6.52.179_SELL_M15": -0.13309422530291765,
      "NZDUSD_23_2.12.147_SELL_M15": -0.04778014490329341,
      "NZDUSD_24_4.41.120_SELL_M15": -0.043953952564712774,
      "NZDUSD_25_5.7.105_SELL_M15": -0.05334415078970848,
      "NZDUSD_26_2.6.180_SELL_M15": -0.0979449716554834,
      "NZDUSD_27_6.16.107_SELL_M15": -0.08737917926021795,
      "NZDUSD_75_4.73.120_SELL_M15": -0.06099183127034588,
      "NZDUSD_76_5.71.164_BUY_M15": 0.021327763691447513,
      "US500.cash_28_3.8.114_BUY_M15": 0.05742802014050262,
      "US500.cash_29_3.32.156_BUY_M15": -0.007210063143331569,
      "USDCAD_30_2.34.141_BUY_M15": -0.06787070326880403,
      "USDCAD_31_3.2.189_BUY_M15": -0.032261863697413164,
      "USDCAD_32_4.16.175_BUY_M15": -0.05581556794035779,
      "USDCAD_33_5.11.180_BUY_M15": -0.09338223068541462,
      "USDCAD_34_1.8.187_BUY_M15": -0.021538295319404824,
      "USDCAD_51_6.27.122_BUY_M15": -0.07098634000835204,
      "USDCAD_77_3.51.113_SELL_M15": 0.002126837696125807,
      "USDCHF_35_3.1.133_SELL_M15": 0.02649501274970538,
      "USDCHF_36_4.5.112_SELL_M15": -0.03859858499391039,
      "USDCHF_52_3.17.186_BOTH_M15": 0.0027218482225887224,
      "USDCHF_53_6.47.153_BOTH_M15": 0.004858643638376732,
      "USDCHF_55_6.23.134_BUY_M15": -0.041235788705038946,
      "USDJPY_37_0.18430_BUY_M15": 0.19667668409465822,
      "USDJPY_38_1.35.168_BUY_M15": 0.30083250722788085,
      "USDJPY_39_6.27.190_BUY_M15": 0.3317511250291156,
      "USDJPY_40_2.4.138_BUY_M15": 0.3112219486993509,
      "USDJPY_41_2.5.172_BUY_M15": 0.2962323894760088,
      "USDJPY_57_4.8.181_BUY_M15": 0.26347341767070026,
      "USOIL.cash_42_1.25.121_BUY_M15": 0.03760921471930312,
      "USOIL.cash_43_5.11.112_BUY_M15": 0.04695515833000787,
      "USOIL.cash_44_6.17.127_BUY_M15": 0.04430997852421848,
      "USOIL.cash_54_4.18.190_BOTH_M15": 0.04430997852421848,
      "XAUUSD_45_2.13.130_BUY_M15": -0.03208383932479137,
      "XAUUSD_58_5.6.136_BUY_M15": -0.024877778778899007
    },
    "drawdown_correlation_row": {
      "AUDJPY_1_3.14.146_BUY_M15": 0.0028805697562430677,
      "AUDJPY_2_5.20.109_BUY_M15": -0.2169315029480294,
      "AUDJPY_3_3.19_BUY_M15": 0.02276235240576622,
      "AUDJPY_46_3.50.181_BUY_M15": 0.09171878381141088,
      "AUDJPY_47_6.30.171_BOTH_M15": 0.17890351542731447,
      "AUDJPY_56_1.14.109_BUY_M15": 0.010412662108828893,
      "AUDJPY_78_3.7.108_BUY_M15": 0.025943557162724378,
      "AUDUSD_48_5.8.189_SELL_M15": -0.0904040092119987,
      "AUDUSD_4_3.27.109_SELL_M15": 0.17683454323619463,
      "AUDUSD_5_6.3.178_SELL_M15": 0.22101306091029163,
      "AUDUSD_60_1.31.145_SELL_M15": 0.12840838016377004,
      "AUDUSD_61_6.25.174_SELL_M15": -0.0326317075058347,
      "AUDUSD_6_5.9.126_SELL_M15": 0.026615208167210636,
      "EURGBP_10_5.21.111_SELL_M15": 0.07598241399972043,
      "EURGBP_49_2.36.141_BOTH_M15": 0.14825444808972865,
      "EURGBP_62_3.31.132_BUY_M15": -0.0527539323574061,
      "EURGBP_63_4.21.189_SELL_M15": -0.05378896463507831,
      "EURGBP_70_2.27.108_SELL_M15": 0.35023581502707113,
      "EURGBP_7_3.16.177_SELL_M15": -0.18442022855483337,
      "EURGBP_8_6.1.186_SELL_M15": 0.11063286640996184,
      "EURGBP_9_5.2.127_SELL_M15": 0.10717572428816328,
      "EURUSD_11_1.42.105_SELL_M15": 0.16117059572113243,
      "EURUSD_12_3.47.124_BUY_M15": -0.12828055393650387,
      "EURUSD_13_6.46.178_BUY_M15": -0.267836662277545,
      "EURUSD_14_5.6.167_BUY_M15": 0.17946583101035474,
      "EURUSD_18_6.6.111_SELL_M15": -0.05904894160817559,
      "EURUSD_59_2.34.129_SELL_M15": -0.01680827617053142,
      "EURUSD_64_4.34.165_BUY_M15": 0.18004463744953034,
      "EURUSD_71_5.30.159_SELL_M15": 0.31438022049224223,
      "EURUSD_72_5.42.127_SELL_M15": -0.04203692599916134,
      "EURUSD_73_5.43.181_SELL_M15": 0.2103990981717973,
      "GBPJPY_50_5.35.116_BUY_M15": 0.4348431359897446,
      "GBPJPY_65_2.14.157_BUY_M15": 1.0,
      "GBPJPY_66_4.17.131_BOTH_M15": 0.28293908779751725,
      "GBPJPY_67_4.19.99_BOTH_M15": 0.36677834749522803,
      "GBPUSD_19_0.13205_BUY_M15": -0.24126032437668313,
      "GBPUSD_20_1.32.126_BUY_M15": 0.16001849545510902,
      "GBPUSD_21_3.3.167_BUY_M15": -0.0368461473330924,
      "GBPUSD_22_6.11.100_SELL_M15": 0.12661161356072506,
      "GBPUSD_69_3.13.113_BUY_M15": 0.1129550269170271,
      "GBPUSD_74_6.52.179_SELL_M15": 0.08057000517842312,
      "NZDUSD_23_2.12.147_SELL_M15": 0.11287391017984778,
      "NZDUSD_24_4.41.120_SELL_M15": 0.04961322101225024,
      "NZDUSD_25_5.7.105_SELL_M15": 0.025187076685602286,
      "NZDUSD_26_2.6.180_SELL_M15": -0.13932998245727932,
      "NZDUSD_27_6.16.107_SELL_M15": -0.35897356618702597,
      "NZDUSD_75_4.73.120_SELL_M15": -0.023812168150749602,
      "NZDUSD_76_5.71.164_BUY_M15": -0.32696271966924284,