{
  "strategy_id": "GBPUSD_74_6.52.179_SELL_M15",
  "summary": {
    "strategy_id": "GBPUSD_74_6.52.179_SELL_M15",
    "symbol_count": 1,
    "side_mix": null,
    "trade_count": 723,
    "avg_return_correlation": 0.04191355937167722,
    "max_return_correlation": 0.2975614693772414,
    "avg_drawdown_correlation": 0.029174241866229095,
    "max_drawdown_correlation": 0.30051091080066755,
    "avg_stress_overlap": 0.08215739012038409,
    "max_stress_overlap": 0.23115577889447236,
    "avg_symbol_overlap": 0.0684931506849315,
    "max_symbol_overlap": 1.0,
    "avg_side_overlap": 0.821917808219178,
    "max_side_overlap": 1.0,
    "correlation_penalty": 0.035543900618953156,
    "marginal_dd_contribution": 3.7872306553128823,
    "diversification_score": 0.9220263055529956,
    "portfolio_fit_score": 0.7112025143092634,
    "cluster_membership": "CLUSTER_34"
  },
  "peer_snapshot": {
    "return_correlation_row": {
      "AUDJPY_1_3.14.146_BUY_M15": -0.02301999568133941,
      "AUDJPY_2_5.20.109_BUY_M15": -0.0120559397044423,
      "AUDJPY_3_3.19_BUY_M15": -0.04506490107759165,
      "AUDJPY_46_3.50.181_BUY_M15": -0.049876280237902165,
      "AUDJPY_47_6.30.171_BOTH_M15": -0.08278165613347366,
      "AUDJPY_56_1.14.109_BUY_M15": -0.09870410621202015,
      "AUDJPY_78_3.7.108_BUY_M15": -0.044176737697135204,
      "AUDUSD_48_5.8.189_SELL_M15": 0.15511299162252792,
      "AUDUSD_4_3.27.109_SELL_M15": 0.162152557813492,
      "AUDUSD_5_6.3.178_SELL_M15": 0.16398453636211385,
      "AUDUSD_60_1.31.145_SELL_M15": 0.18507958008675968,
      "AUDUSD_61_6.25.174_SELL_M15": 0.16178831701887875,
      "AUDUSD_6_5.9.126_SELL_M15": 0.15629025650974826,
      "EURGBP_10_5.21.111_SELL_M15": -0.08372909761420996,
      "EURGBP_49_2.36.141_BOTH_M15": -0.11992161093126352,
      "EURGBP_62_3.31.132_BUY_M15": 0.06908154156883926,
      "EURGBP_63_4.21.189_SELL_M15": -0.10399574335886512,
      "EURGBP_70_2.27.108_SELL_M15": -0.04454965007865907,
      "EURGBP_7_3.16.177_SELL_M15": 0.02876528862825209,
      "EURGBP_8_6.1.186_SELL_M15": -0.12980536665086656,
      "EURGBP_9_5.2.127_SELL_M15": -0.12423815171098117,
      "EURUSD_11_1.42.105_SELL_M15": 0.18027560457195596,
      "EURUSD_12_3.47.124_BUY_M15": -0.08033773381756555,
      "EURUSD_13_6.46.178_BUY_M15": -0.10948163554587814,
      "EURUSD_14_5.6.167_BUY_M15": -0.07092244577345118,
      "EURUSD_18_6.6.111_SELL_M15": 0.259017185117818,
      "EURUSD_59_2.34.129_SELL_M15": 0.27325714553156366,
      "EURUSD_64_4.34.165_BUY_M15": -0.08811696549970771,
      "EURUSD_71_5.30.159_SELL_M15": 0.2975614693772414,
      "EURUSD_72_5.42.127_SELL_M15": 0.2807484269198012,
      "EURUSD_73_5.43.181_SELL_M15": 0.2729399056226775,
      "GBPJPY_50_5.35.116_BUY_M15": -0.12055315927017943,
      "GBPJPY_65_2.14.157_BUY_M15": -0.13309422530291765,
      "GBPJPY_66_4.17.131_BOTH_M15": -0.13120814006349046,
      "GBPJPY_67_4.19.99_BOTH_M15": -0.1457450966332488,
      "GBPUSD_19_0.13205_BUY_M15": -0.15274845291000505,
      "GBPUSD_20_1.32.126_BUY_M15": -0.1810712060434067,
      "GBPUSD_21_3.3.167_BUY_M15": -0.2690438792229495,
      "GBPUSD_22_6.11.100_SELL_M15": 0.1742089813106515,
      "GBPUSD_69_3.13.113_BUY_M15": 0.24587195597579836,
      "GBPUSD_74_6.52.179_SELL_M15": 1.0,
      "NZDUSD_23_2.12.147_SELL_M15": 0.14056550479129892,
      "NZDUSD_24_4.41.120_SELL_M15": 0.05892546823032312,
      "NZDUSD_25_5.7.105_SELL_M15": 0.16891234449223785,
      "NZDUSD_26_2.6.180_SELL_M15": 0.24793623979706267,
      "NZDUSD_27_6.16.107_SELL_M15": 0.21772145037585694,
      "NZDUSD_75_4.73.120_SELL_M15": 0.11625123754783008,
      "NZDUSD_76_5.71.164_BUY_M15": -0.09834228812313171,
      "US500.cash_28_3.8.114_BUY_M15": -0.0487369129698287,
      "US500.cash_29_3.32.156_BUY_M15": -0.004904813054135574,
      "USDCAD_30_2.34.141_BUY_M15": 0.1899062585847616,
      "USDCAD_31_3.2.189_BUY_M15": 0.1933781118526102,
      "USDCAD_32_4.16.175_BUY_M15": 0.23611299399317412,
      "USDCAD_33_5.11.180_BUY_M15": 0.12084302969838595,
      "USDCAD_34_1.8.187_BUY_M15": 0.16318062272257602,
      "USDCAD_51_6.27.122_BUY_M15": 0.18234733527921423,
      "USDCAD_77_3.51.113_SELL_M15": -0.004867213782172401,
      "USDCHF_35_3.1.133_SELL_M15": -0.09122174203825612,
      "USDCHF_36_4.5.112_SELL_M15": 0.14176313213807604,
      "USDCHF_52_3.17.186_BOTH_M15": -0.04528158488948353,
      "USDCHF_53_6.47.153_BOTH_M15": 0.11391812554485192,
      "USDCHF_55_6.23.134_BUY_M15": 0.05879871232823812,
      "USDJPY_37_0.18430_BUY_M15": 0.06263119891076745,
      "USDJPY_38_1.35.168_BUY_M15": 0.07475672143665628,
      "USDJPY_39_6.27.190_BUY_M15": 0.12492457663071603,
      "USDJPY_40_2.4.138_BUY_M15": 0.06348628619089267,
      "USDJPY_41_2.5.172_BUY_M15": 0.08653992504398543,
      "USDJPY_57_4.8.181_BUY_M15": 0.15356326922611718,
      "USOIL.cash_42_1.25.121_BUY_M15": 0.029437681372649,
      "USOIL.cash_43_5.11.112_BUY_M15": -0.011004192658473827,
      "USOIL.cash_44_6.17.127_BUY_M15": -0.013170915553384028,
      "USOIL.cash_54_4.18.190_BOTH_M15": -0.013170915553384028,
      "XAUUSD_45_2.13.130_BUY_M15": -0.15219268415489765,
      "XAUUSD_58_5.6.136_BUY_M15": -0.025210696145266536
    },
    "drawdown_correlation_row": {
      "AUDJPY_1_3.14.146_BUY_M15": 0.1761607345142824,
      "AUDJPY_2_5.20.109_BUY_M15": 0.09136734457498821,
      "AUDJPY_3_3.19_BUY_M15": 0.026101729474747693,
      "AUDJPY_46_3.50.181_BUY_M15": 0.18857182384625265,
      "AUDJPY_47_6.30.171_BOTH_M15": 0.08123905049904273,
      "AUDJPY_56_1.14.109_BUY_M15": 0.18101247848948748,
      "AUDJPY_78_3.7.108_BUY_M15": 0.02934043404327482,
      "AUDUSD_48_5.8.189_SELL_M15": -0.15954485334866889,
      "AUDUSD_4_3.27.109_SELL_M15": 0.14159171065276607,
      "AUDUSD_5_6.3.178_SELL_M15": -0.04902953431663344,
      "AUDUSD_60_1.31.145_SELL_M15": 0.23137717661982252,
      "AUDUSD_61_6.25.174_SELL_M15": 0.18438334464234027,
      "AUDUSD_6_5.9.126_SELL_M15": -0.033068296138885685,
      "EURGBP_10_5.21.111_SELL_M15": -0.13027126691482543,
      "EURGBP_49_2.36.141_BOTH_M15": -0.1929424360257949,
      "EURGBP_62_3.31.132_BUY_M15": 0.0770054864907317,
      "EURGBP_63_4.21.189_SELL_M15": -0.06945520568642076,
      "EURGBP_70_2.27.108_SELL_M15": -0.08714470308761105,
      "EURGBP_7_3.16.177_SELL_M15": -0.10137952598973017,
      "EURGBP_8_6.1.186_SELL_M15": -0.04764042714798068,
      "EURGBP_9_5.2.127_SELL_M15": -0.053316255883988535,
      "EURUSD_11_1.42.105_SELL_M15": 0.21803325079735042,
      "EURUSD_12_3.47.124_BUY_M15": 0.00013401761325094409,
      "EURUSD_13_6.46.178_BUY_M15": 0.06486511808715004,
      "EURUSD_14_5.6.167_BUY_M15": -0.18217122001328512,
      "EURUSD_18_6.6.111_SELL_M15": 0.07083762497115556,
      "EURUSD_59_2.34.129_SELL_M15": 0.1935521116017458,
      "EURUSD_64_4.34.165_BUY_M15": -0.25508172058361483,
      "EURUSD_71_5.30.159_SELL_M15": 0.10101035354561633,
      "EURUSD_72_5.42.127_SELL_M15": 0.11259529485736955,
      "EURUSD_73_5.43.181_SELL_M15": 0.1375509325403778,
      "GBPJPY_50_5.35.116_BUY_M15": -0.09173931614895285,
      "GBPJPY_65_2.14.157_BUY_M15": 0.08057000517842312,
      "GBPJPY_66_4.17.131_BOTH_M15": -0.03526723597424769,
      "GBPJPY_67_4.19.99_BOTH_M15": -0.12737289491842663,
      "GBPUSD_19_0.13205_BUY_M15": -0.059143184317602474,
      "GBPUSD_20_1.32.126_BUY_M15": -0.30872838080319365,
      "GBPUSD_21_3.3.167_BUY_M15": -0.258959480133891,
      "GBPUSD_22_6.11.100_SELL_M15": 0.14157030600807333,
      "GBPUSD_69_3.13.113_BUY_M15": 0.13809797551531958,
      "GBPUSD_74_6.52.179_SELL_M15": 1.0,
      "NZDUSD_23_2.12.147_SELL_M15": 0.17333354257026692,
      "NZDUSD_24_4.41.120_SELL_M15": -0.12606197397580957,
      "NZDUSD_25_5.7.105_SELL_M15": 0.06056361721043183,
      "NZDUSD_26_2.6.180_SELL_M15": 0.2728763505737862,
      "NZDUSD_27_6.16.107_SELL_M15": 0.13342220912426284,
      "NZDUSD_75_4.73.120_SELL_M15": 0.030607184910505406,
      "NZDUSD_76_5.71.164_BUY_M15": 0.0548799903073249,