{
  "strategy_id": "GBPUSD_19_0.13205_BUY_M15",
  "summary": {
    "strategy_id": "GBPUSD_19_0.13205_BUY_M15",
    "symbol_count": 1,
    "side_mix": null,
    "trade_count": 498,
    "avg_return_correlation": -0.014854101424602386,
    "max_return_correlation": 0.20941359991069367,
    "avg_drawdown_correlation": 0.05490059293383148,
    "max_drawdown_correlation": 0.5263876064325042,
    "avg_stress_overlap": 0.06012798006921425,
    "max_stress_overlap": 0.13425925925925927,
    "avg_symbol_overlap": 0.0684931506849315,
    "max_symbol_overlap": 1.0,
    "avg_side_overlap": 0.821917808219178,
    "max_side_overlap": 1.0,
    "correlation_penalty": 0.034877347179216936,
    "marginal_dd_contribution": 1.936545723806006,
    "diversification_score": 0.943843580218882,
    "portfolio_fit_score": 0.7220186173956313,
    "cluster_membership": "CLUSTER_29"
  },
  "peer_snapshot": {
    "return_correlation_row": {
      "AUDJPY_1_3.14.146_BUY_M15": 0.0013521330381703332,
      "AUDJPY_2_5.20.109_BUY_M15": 0.0030849373528281897,
      "AUDJPY_3_3.19_BUY_M15": -0.004000449902131796,
      "AUDJPY_46_3.50.181_BUY_M15": 0.008820287873276014,
      "AUDJPY_47_6.30.171_BOTH_M15": -0.0001400919658285009,
      "AUDJPY_56_1.14.109_BUY_M15": 0.03347222681039127,
      "AUDJPY_78_3.7.108_BUY_M15": -0.003473216371390687,
      "AUDUSD_48_5.8.189_SELL_M15": -0.07409968353771637,
      "AUDUSD_4_3.27.109_SELL_M15": -0.06270890829637338,
      "AUDUSD_5_6.3.178_SELL_M15": -0.05054450205917559,
      "AUDUSD_60_1.31.145_SELL_M15": -0.09869289370857574,
      "AUDUSD_61_6.25.174_SELL_M15": -0.03349445848339363,
      "AUDUSD_6_5.9.126_SELL_M15": -0.07197264781143096,
      "EURGBP_10_5.21.111_SELL_M15": 0.04398286937427214,
      "EURGBP_49_2.36.141_BOTH_M15": 0.08208660067544477,
      "EURGBP_62_3.31.132_BUY_M15": -0.05607964522183811,
      "EURGBP_63_4.21.189_SELL_M15": 0.06980455615054881,
      "EURGBP_70_2.27.108_SELL_M15": 0.047053285263242706,
      "EURGBP_7_3.16.177_SELL_M15": 0.05938095278572842,
      "EURGBP_8_6.1.186_SELL_M15": 0.07972367082030031,
      "EURGBP_9_5.2.127_SELL_M15": 0.07489518400152427,
      "EURUSD_11_1.42.105_SELL_M15": -0.08644151391625066,
      "EURUSD_12_3.47.124_BUY_M15": 0.10087063890312242,
      "EURUSD_13_6.46.178_BUY_M15": 0.11611219288543602,
      "EURUSD_14_5.6.167_BUY_M15": 0.11802250969295582,
      "EURUSD_18_6.6.111_SELL_M15": -0.08201132928028515,
      "EURUSD_59_2.34.129_SELL_M15": -0.1554035462309387,
      "EURUSD_64_4.34.165_BUY_M15": 0.09564336109134217,
      "EURUSD_71_5.30.159_SELL_M15": -0.15036421449772183,
      "EURUSD_72_5.42.127_SELL_M15": -0.148986659051147,
      "EURUSD_73_5.43.181_SELL_M15": -0.048433758515484766,
      "GBPJPY_50_5.35.116_BUY_M15": 0.07875785187682106,
      "GBPJPY_65_2.14.157_BUY_M15": 0.022481416956164183,
      "GBPJPY_66_4.17.131_BOTH_M15": 0.016384120442619568,
      "GBPJPY_67_4.19.99_BOTH_M15": 0.011880770753735278,
      "GBPUSD_19_0.13205_BUY_M15": 1.0,
      "GBPUSD_20_1.32.126_BUY_M15": 0.1769049321786165,
      "GBPUSD_21_3.3.167_BUY_M15": 0.20941359991069367,
      "GBPUSD_22_6.11.100_SELL_M15": -0.06479071775510083,
      "GBPUSD_69_3.13.113_BUY_M15": -0.09577466785802947,
      "GBPUSD_74_6.52.179_SELL_M15": -0.15274845291000505,
      "NZDUSD_23_2.12.147_SELL_M15": -0.08097594494134333,
      "NZDUSD_24_4.41.120_SELL_M15": 0.015108043590749373,
      "NZDUSD_25_5.7.105_SELL_M15": -0.11121065410796578,
      "NZDUSD_26_2.6.180_SELL_M15": -0.08572303120645398,
      "NZDUSD_27_6.16.107_SELL_M15": -0.09288785924230397,
      "NZDUSD_75_4.73.120_SELL_M15": -0.07990122763988441,
      "NZDUSD_76_5.71.164_BUY_M15": 0.11048256059814787,
      "US500.cash_28_3.8.114_BUY_M15": 0.09235459268546797,
      "US500.cash_29_3.32.156_BUY_M15": -0.014404332744635243,
      "USDCAD_30_2.34.141_BUY_M15": -0.0750986478860074,
      "USDCAD_31_3.2.189_BUY_M15": -0.09509750862422268,
      "USDCAD_32_4.16.175_BUY_M15": -0.0705762591438316,
      "USDCAD_33_5.11.180_BUY_M15": -0.08948151982053332,
      "USDCAD_34_1.8.187_BUY_M15": -0.05121988393555519,
      "USDCAD_51_6.27.122_BUY_M15": -0.09127697779001316,
      "USDCAD_77_3.51.113_SELL_M15": 0.03245960741091655,
      "USDCHF_35_3.1.133_SELL_M15": 0.09108597638859431,
      "USDCHF_36_4.5.112_SELL_M15": -0.09214378890748488,
      "USDCHF_52_3.17.186_BOTH_M15": 0.007391588277964305,
      "USDCHF_53_6.47.153_BOTH_M15": -0.1210701910550535,
      "USDCHF_55_6.23.134_BUY_M15": -0.08867998413971413,
      "USDJPY_37_0.18430_BUY_M15": -0.04972895275449336,
      "USDJPY_38_1.35.168_BUY_M15": -0.039646496552060255,
      "USDJPY_39_6.27.190_BUY_M15": -0.09549992640148697,
      "USDJPY_40_2.4.138_BUY_M15": -0.07933182857120237,
      "USDJPY_41_2.5.172_BUY_M15": -0.05555756989095421,
      "USDJPY_57_4.8.181_BUY_M15": -0.10963059000623071,
      "USOIL.cash_42_1.25.121_BUY_M15": 0.046406511487160525,
      "USOIL.cash_43_5.11.112_BUY_M15": 0.042017585089085034,
      "USOIL.cash_44_6.17.127_BUY_M15": 0.03722573812018415,
      "USOIL.cash_54_4.18.190_BOTH_M15": 0.03722573812018415,
      "XAUUSD_45_2.13.130_BUY_M15": 0.03604374506073706,
      "XAUUSD_58_5.6.136_BUY_M15": 0.027025343071849558
    },
    "drawdown_correlation_row": {
      "AUDJPY_1_3.14.146_BUY_M15": 0.22223914832669658,
      "AUDJPY_2_5.20.109_BUY_M15": 0.49828819853794803,
      "AUDJPY_3_3.19_BUY_M15": 0.15243815346321446,
      "AUDJPY_46_3.50.181_BUY_M15": -0.06303254233291507,
      "AUDJPY_47_6.30.171_BOTH_M15": 0.20102251312298938,
      "AUDJPY_56_1.14.109_BUY_M15": 0.280059631369348,
      "AUDJPY_78_3.7.108_BUY_M15": 0.14349766340533424,
      "AUDUSD_48_5.8.189_SELL_M15": 0.10001855085670892,
      "AUDUSD_4_3.27.109_SELL_M15": 0.04355298688374334,
      "AUDUSD_5_6.3.178_SELL_M15": 0.02601698698314053,
      "AUDUSD_60_1.31.145_SELL_M15": -0.035790445061283496,
      "AUDUSD_61_6.25.174_SELL_M15": 0.20485612763738864,
      "AUDUSD_6_5.9.126_SELL_M15": 0.15044782771162749,
      "EURGBP_10_5.21.111_SELL_M15": 0.2585178767888945,
      "EURGBP_49_2.36.141_BOTH_M15": -0.1534214311025062,
      "EURGBP_62_3.31.132_BUY_M15": 0.3592495940473588,
      "EURGBP_63_4.21.189_SELL_M15": 0.402418436756239,
      "EURGBP_70_2.27.108_SELL_M15": -0.2400115699634387,
      "EURGBP_7_3.16.177_SELL_M15": 0.2228009816318973,
      "EURGBP_8_6.1.186_SELL_M15": 0.05431103264819656,
      "EURGBP_9_5.2.127_SELL_M15": 0.04689691704730122,
      "EURUSD_11_1.42.105_SELL_M15": -0.2798254090073092,
      "EURUSD_12_3.47.124_BUY_M15": 0.5071120359604189,
      "EURUSD_13_6.46.178_BUY_M15": 0.2136614316351783,
      "EURUSD_14_5.6.167_BUY_M15": -0.09226830970916194,
      "EURUSD_18_6.6.111_SELL_M15": -0.253787920927548,
      "EURUSD_59_2.34.129_SELL_M15": 0.18917418419332377,
      "EURUSD_64_4.34.165_BUY_M15": -0.10773882741595633,
      "EURUSD_71_5.30.159_SELL_M15": -0.1798046883105814,
      "EURUSD_72_5.42.127_SELL_M15": -0.07036031280480784,
      "EURUSD_73_5.43.181_SELL_M15": -0.2604204878238373,
      "GBPJPY_50_5.35.116_BUY_M15": -0.28911647184511524,
      "GBPJPY_65_2.14.157_BUY_M15": -0.24126032437668313,
      "GBPJPY_66_4.17.131_BOTH_M15": -0.08671715795505644,
      "GBPJPY_67_4.19.99_BOTH_M15": -0.2555784007956992,
      "GBPUSD_19_0.13205_BUY_M15": 1.0,
      "GBPUSD_20_1.32.126_BUY_M15": 0.13027253194362254,
      "GBPUSD_21_3.3.167_BUY_M15": 0.08108505805573749,
      "GBPUSD_22_6.11.100_SELL_M15": -0.14688697945965828,
      "GBPUSD_69_3.13.113_BUY_M15": -0.3076479411443522,
      "GBPUSD_74_6.52.179_SELL_M15": -0.059143184317602474,
      "NZDUSD_23_2.12.147_SELL_M15": -0.13950806015165668,
      "NZDUSD_24_4.41.120_SELL_M15": 0.21164060924202174,
      "NZDUSD_25_5.7.105_SELL_M15": 0.2164990757865481,
      "NZDUSD_26_2.6.180_SELL_M15": 0.17698552962893474,
      "NZDUSD_27_6.16.107_SELL_M15": 0.4140611562878926,
      "NZDUSD_75_4.73.120_SELL_M15": 0.0951129585650041,
      "NZDUSD_76_5.71.164_BUY_M15": 0.23628862917341154,