{
  "strategy_id": "GBPUSD_69_3.13.113_BUY_M15",
  "summary": {
    "strategy_id": "GBPUSD_69_3.13.113_BUY_M15",
    "symbol_count": 1,
    "side_mix": null,
    "trade_count": 758,
    "avg_return_correlation": 0.026791917461512438,
    "max_return_correlation": 0.24587195597579836,
    "avg_drawdown_correlation": -0.022815545702299125,
    "max_drawdown_correlation": 0.40865629706244844,
    "avg_stress_overlap": 0.07559084618497246,
    "max_stress_overlap": 0.1650943396226415,
    "avg_symbol_overlap": 0.0684931506849315,
    "max_symbol_overlap": 1.0,
    "avg_side_overlap": 0.821917808219178,
    "max_side_overlap": 1.0,
    "correlation_penalty": 0.024803731581905783,
    "marginal_dd_contribution": 3.9851758607923244,
    "diversification_score": 0.9316654992621407,
    "portfolio_fit_score": 0.71603200842411,
    "cluster_membership": "CLUSTER_33"
  },
  "peer_snapshot": {
    "return_correlation_row": {
      "AUDJPY_1_3.14.146_BUY_M15": -0.021823435944726945,
      "AUDJPY_2_5.20.109_BUY_M15": -0.058771726744527485,
      "AUDJPY_3_3.19_BUY_M15": -0.07100511198758759,
      "AUDJPY_46_3.50.181_BUY_M15": -0.011240165757023256,
      "AUDJPY_47_6.30.171_BOTH_M15": -0.060685937559579295,
      "AUDJPY_56_1.14.109_BUY_M15": -0.040536547677014916,
      "AUDJPY_78_3.7.108_BUY_M15": -0.07681260640286963,
      "AUDUSD_48_5.8.189_SELL_M15": 0.1660369379922642,
      "AUDUSD_4_3.27.109_SELL_M15": 0.08706242507278984,
      "AUDUSD_5_6.3.178_SELL_M15": 0.14452106479031956,
      "AUDUSD_60_1.31.145_SELL_M15": 0.09908957506230745,
      "AUDUSD_61_6.25.174_SELL_M15": 0.07080885948152132,
      "AUDUSD_6_5.9.126_SELL_M15": 0.1775822759330979,
      "EURGBP_10_5.21.111_SELL_M15": -0.041146209437733706,
      "EURGBP_49_2.36.141_BOTH_M15": -0.04350181267059819,
      "EURGBP_62_3.31.132_BUY_M15": 0.05431329949669377,
      "EURGBP_63_4.21.189_SELL_M15": -0.021923971590879766,
      "EURGBP_70_2.27.108_SELL_M15": -0.06476517262659241,
      "EURGBP_7_3.16.177_SELL_M15": -0.02913036811869187,
      "EURGBP_8_6.1.186_SELL_M15": -0.07382588586189695,
      "EURGBP_9_5.2.127_SELL_M15": -0.04974714743121244,
      "EURUSD_11_1.42.105_SELL_M15": 0.12333407875987558,
      "EURUSD_12_3.47.124_BUY_M15": -0.03989218101421666,
      "EURUSD_13_6.46.178_BUY_M15": -0.05520323090249833,
      "EURUSD_14_5.6.167_BUY_M15": -0.05152245623239531,
      "EURUSD_18_6.6.111_SELL_M15": 0.11365961261577069,
      "EURUSD_59_2.34.129_SELL_M15": 0.13665734858580736,
      "EURUSD_64_4.34.165_BUY_M15": -0.017753019260686367,
      "EURUSD_71_5.30.159_SELL_M15": 0.14141848339243468,
      "EURUSD_72_5.42.127_SELL_M15": 0.13970551910840254,
      "EURUSD_73_5.43.181_SELL_M15": 0.10766301733668572,
      "GBPJPY_50_5.35.116_BUY_M15": -0.007784002319680453,
      "GBPJPY_65_2.14.157_BUY_M15": -0.1338714749286545,
      "GBPJPY_66_4.17.131_BOTH_M15": -0.07659829280883543,
      "GBPJPY_67_4.19.99_BOTH_M15": -0.06413359785199599,
      "GBPUSD_19_0.13205_BUY_M15": -0.09577466785802947,
      "GBPUSD_20_1.32.126_BUY_M15": -0.07867967528991465,
      "GBPUSD_21_3.3.167_BUY_M15": -0.16136369508337656,
      "GBPUSD_22_6.11.100_SELL_M15": 0.06843078434239322,
      "GBPUSD_69_3.13.113_BUY_M15": 1.0,
      "GBPUSD_74_6.52.179_SELL_M15": 0.24587195597579836,
      "NZDUSD_23_2.12.147_SELL_M15": 0.10169113446388613,
      "NZDUSD_24_4.41.120_SELL_M15": 0.05988193564308467,
      "NZDUSD_25_5.7.105_SELL_M15": 0.2180044792143252,
      "NZDUSD_26_2.6.180_SELL_M15": 0.18326869006955118,
      "NZDUSD_27_6.16.107_SELL_M15": 0.1707242658164159,
      "NZDUSD_75_4.73.120_SELL_M15": 0.09568220261188018,
      "NZDUSD_76_5.71.164_BUY_M15": -0.051596872314424086,
      "US500.cash_28_3.8.114_BUY_M15": -0.01830903893969413,
      "US500.cash_29_3.32.156_BUY_M15": -0.00296945144828342,
      "USDCAD_30_2.34.141_BUY_M15": 0.07602554855991168,
      "USDCAD_31_3.2.189_BUY_M15": 0.10605042374124178,
      "USDCAD_32_4.16.175_BUY_M15": 0.13695713209242824,
      "USDCAD_33_5.11.180_BUY_M15": 0.04923082948647111,
      "USDCAD_34_1.8.187_BUY_M15": 0.074176641129235,
      "USDCAD_51_6.27.122_BUY_M15": 0.0826670979497395,
      "USDCAD_77_3.51.113_SELL_M15": 0.010313833989994506,
      "USDCHF_35_3.1.133_SELL_M15": 0.007806863376457333,
      "USDCHF_36_4.5.112_SELL_M15": 0.11405116167823409,
      "USDCHF_52_3.17.186_BOTH_M15": -0.06012916044571985,
      "USDCHF_53_6.47.153_BOTH_M15": 0.08986616234823307,
      "USDCHF_55_6.23.134_BUY_M15": -0.0005012747336331502,
      "USDJPY_37_0.18430_BUY_M15": 0.038146723912354116,
      "USDJPY_38_1.35.168_BUY_M15": -0.0054465336169883015,
      "USDJPY_39_6.27.190_BUY_M15": 0.07867834475412935,
      "USDJPY_40_2.4.138_BUY_M15": 0.04518485265618847,
      "USDJPY_41_2.5.172_BUY_M15": 0.06512495796429157,
      "USDJPY_57_4.8.181_BUY_M15": 0.0850668897309457,
      "USOIL.cash_42_1.25.121_BUY_M15": 0.003925157508452744,
      "USOIL.cash_43_5.11.112_BUY_M15": -0.03790594572880853,
      "USOIL.cash_44_6.17.127_BUY_M15": -0.018373883890666808,
      "USOIL.cash_54_4.18.190_BOTH_M15": -0.018373883890666808,
      "XAUUSD_45_2.13.130_BUY_M15": -0.09535012789932237,
      "XAUUSD_58_5.6.136_BUY_M15": -0.05642202568377967
    },
    "drawdown_correlation_row": {
      "AUDJPY_1_3.14.146_BUY_M15": -0.22585181845574268,
      "AUDJPY_2_5.20.109_BUY_M15": -0.3519602202035769,
      "AUDJPY_3_3.19_BUY_M15": 0.07906118817347223,
      "AUDJPY_46_3.50.181_BUY_M15": -0.04713693212372119,
      "AUDJPY_47_6.30.171_BOTH_M15": -0.04673397466196424,
      "AUDJPY_56_1.14.109_BUY_M15": 0.0222482111225573,
      "AUDJPY_78_3.7.108_BUY_M15": 0.08008235839721843,
      "AUDUSD_48_5.8.189_SELL_M15": -0.04586627875843864,
      "AUDUSD_4_3.27.109_SELL_M15": -0.20758129329047417,
      "AUDUSD_5_6.3.178_SELL_M15": -0.03212205569697976,
      "AUDUSD_60_1.31.145_SELL_M15": -0.24564652123970943,
      "AUDUSD_61_6.25.174_SELL_M15": -0.22349413771339388,
      "AUDUSD_6_5.9.126_SELL_M15": 0.09469629750961304,
      "EURGBP_10_5.21.111_SELL_M15": -0.1553328711905841,
      "EURGBP_49_2.36.141_BOTH_M15": 0.20410791747427762,
      "EURGBP_62_3.31.132_BUY_M15": -0.3749535134268579,
      "EURGBP_63_4.21.189_SELL_M15": -0.08939323724027722,
      "EURGBP_70_2.27.108_SELL_M15": 0.14695514986702435,
      "EURGBP_7_3.16.177_SELL_M15": -0.3513878382007883,
      "EURGBP_8_6.1.186_SELL_M15": 0.026725139543734216,
      "EURGBP_9_5.2.127_SELL_M15": 0.082437757730101,
      "EURUSD_11_1.42.105_SELL_M15": 0.30452613293805286,
      "EURUSD_12_3.47.124_BUY_M15": -0.44178029097833577,
      "EURUSD_13_6.46.178_BUY_M15": -0.1827405421833655,
      "EURUSD_14_5.6.167_BUY_M15": 0.17885073987707345,
      "EURUSD_18_6.6.111_SELL_M15": 0.11630177899205206,
      "EURUSD_59_2.34.129_SELL_M15": -0.2582786897173836,
      "EURUSD_64_4.34.165_BUY_M15": 0.29937323781010344,
      "EURUSD_71_5.30.159_SELL_M15": -0.11346225549709296,
      "EURUSD_72_5.42.127_SELL_M15": -0.05663150387920472,
      "EURUSD_73_5.43.181_SELL_M15": 0.046933485953139606,
      "GBPJPY_50_5.35.116_BUY_M15": 0.40865629706244844,
      "GBPJPY_65_2.14.157_BUY_M15": 0.1129550269170271,
      "GBPJPY_66_4.17.131_BOTH_M15": 0.011855056012498852,
      "GBPJPY_67_4.19.99_BOTH_M15": 0.1539776416557712,
      "GBPUSD_19_0.13205_BUY_M15": -0.3076479411443522,
      "GBPUSD_20_1.32.126_BUY_M15": 0.2281615280992086,
      "GBPUSD_21_3.3.167_BUY_M15": 0.18741855344297792,
      "GBPUSD_22_6.11.100_SELL_M15": -0.05281136965196573,
      "GBPUSD_69_3.13.113_BUY_M15": 1.0,
      "GBPUSD_74_6.52.179_SELL_M15": 0.13809797551531958,
      "NZDUSD_23_2.12.147_SELL_M15": -0.21432519424780927,
      "NZDUSD_24_4.41.120_SELL_M15": -0.09676819317234084,
      "NZDUSD_25_5.7.105_SELL_M15": -0.09952633580872834,
      "NZDUSD_26_2.6.180_SELL_M15": -0.12297570238666049,
      "NZDUSD_27_6.16.107_SELL_M15": -0.17937078738484108,
      "NZDUSD_75_4.73.120_SELL_M15": -0.19531229249071036,
      "NZDUSD_76_5.71.164_BUY_M15": -0.2080438075594422,