{
  "strategy_id": "GBPUSD_22_6.11.100_SELL_M15",
  "summary": {
    "strategy_id": "GBPUSD_22_6.11.100_SELL_M15",
    "symbol_count": 1,
    "side_mix": null,
    "trade_count": 394,
    "avg_return_correlation": 0.013937893097997943,
    "max_return_correlation": 0.1742089813106515,
    "avg_drawdown_correlation": 0.034845613370312896,
    "max_drawdown_correlation": 0.4670162074943405,
    "avg_stress_overlap": 0.06066506084223651,
    "max_stress_overlap": 0.0990990990990991,
    "avg_symbol_overlap": 0.0684931506849315,
    "max_symbol_overlap": 1.0,
    "avg_side_overlap": 0.821917808219178,
    "max_side_overlap": 1.0,
    "correlation_penalty": 0.02439175323415542,
    "marginal_dd_contribution": 1.0057238059978033,
    "diversification_score": 0.9440120813538074,
    "portfolio_fit_score": 0.7220563268672036,
    "cluster_membership": "CLUSTER_32"
  },
  "peer_snapshot": {
    "return_correlation_row": {
      "AUDJPY_1_3.14.146_BUY_M15": -0.014131002820812161,
      "AUDJPY_2_5.20.109_BUY_M15": -0.000720218954835457,
      "AUDJPY_3_3.19_BUY_M15": 0.017090979757516674,
      "AUDJPY_46_3.50.181_BUY_M15": -0.002778394758440336,
      "AUDJPY_47_6.30.171_BOTH_M15": -0.050133071165172675,
      "AUDJPY_56_1.14.109_BUY_M15": -0.009296340791304356,
      "AUDJPY_78_3.7.108_BUY_M15": 0.016327004708214615,
      "AUDUSD_48_5.8.189_SELL_M15": 0.11026480981138682,
      "AUDUSD_4_3.27.109_SELL_M15": 0.05198484951341569,
      "AUDUSD_5_6.3.178_SELL_M15": 0.0664621217082749,
      "AUDUSD_60_1.31.145_SELL_M15": 0.07722358042243357,
      "AUDUSD_61_6.25.174_SELL_M15": 0.03507315478856523,
      "AUDUSD_6_5.9.126_SELL_M15": 0.11565053171074231,
      "EURGBP_10_5.21.111_SELL_M15": -0.06619188620776964,
      "EURGBP_49_2.36.141_BOTH_M15": -0.02482034941400274,
      "EURGBP_62_3.31.132_BUY_M15": -0.0064957783169726484,
      "EURGBP_63_4.21.189_SELL_M15": -0.08368867188646158,
      "EURGBP_70_2.27.108_SELL_M15": -0.056794995044104894,
      "EURGBP_7_3.16.177_SELL_M15": -0.030441022128539937,
      "EURGBP_8_6.1.186_SELL_M15": -0.09155216544883815,
      "EURGBP_9_5.2.127_SELL_M15": -0.07623282211231688,
      "EURUSD_11_1.42.105_SELL_M15": 0.01938033374057812,
      "EURUSD_12_3.47.124_BUY_M15": -0.020903321562415814,
      "EURUSD_13_6.46.178_BUY_M15": -0.0508688896168377,
      "EURUSD_14_5.6.167_BUY_M15": -0.04514357233327517,
      "EURUSD_18_6.6.111_SELL_M15": 0.12679446820021156,
      "EURUSD_59_2.34.129_SELL_M15": 0.12251274542940864,
      "EURUSD_64_4.34.165_BUY_M15": -0.006610360222335648,
      "EURUSD_71_5.30.159_SELL_M15": 0.10461053006016952,
      "EURUSD_72_5.42.127_SELL_M15": 0.08141521911805481,
      "EURUSD_73_5.43.181_SELL_M15": 0.10389955978687829,
      "GBPJPY_50_5.35.116_BUY_M15": -0.05529012348462976,
      "GBPJPY_65_2.14.157_BUY_M15": -0.08306157918592152,
      "GBPJPY_66_4.17.131_BOTH_M15": -0.05129214227358658,
      "GBPJPY_67_4.19.99_BOTH_M15": -0.0913678687506003,
      "GBPUSD_19_0.13205_BUY_M15": -0.06479071775510083,
      "GBPUSD_20_1.32.126_BUY_M15": -0.08435914227577036,
      "GBPUSD_21_3.3.167_BUY_M15": -0.12502673789361252,
      "GBPUSD_22_6.11.100_SELL_M15": 1.0,
      "GBPUSD_69_3.13.113_BUY_M15": 0.06843078434239322,
      "GBPUSD_74_6.52.179_SELL_M15": 0.1742089813106515,
      "NZDUSD_23_2.12.147_SELL_M15": 0.032035408297467316,
      "NZDUSD_24_4.41.120_SELL_M15": 0.011285778533673727,
      "NZDUSD_25_5.7.105_SELL_M15": 0.05225111061727199,
      "NZDUSD_26_2.6.180_SELL_M15": 0.0939201836809305,
      "NZDUSD_27_6.16.107_SELL_M15": 0.09060004620928024,
      "NZDUSD_75_4.73.120_SELL_M15": 0.11180419206518681,
      "NZDUSD_76_5.71.164_BUY_M15": -0.04458175917972424,
      "US500.cash_28_3.8.114_BUY_M15": -0.014481905510571807,
      "US500.cash_29_3.32.156_BUY_M15": -0.02447381563557652,
      "USDCAD_30_2.34.141_BUY_M15": 0.04189624352542295,
      "USDCAD_31_3.2.189_BUY_M15": 0.06336577874319373,
      "USDCAD_32_4.16.175_BUY_M15": 0.08212395771484857,
      "USDCAD_33_5.11.180_BUY_M15": 0.05064213468722247,
      "USDCAD_34_1.8.187_BUY_M15": 0.028474810787029597,
      "USDCAD_51_6.27.122_BUY_M15": 0.09850048550380364,
      "USDCAD_77_3.51.113_SELL_M15": -0.03182598286516682,
      "USDCHF_35_3.1.133_SELL_M15": -0.008833267680160826,
      "USDCHF_36_4.5.112_SELL_M15": 0.013849221661065007,
      "USDCHF_52_3.17.186_BOTH_M15": -0.030219425690972836,
      "USDCHF_53_6.47.153_BOTH_M15": 0.037566237868936585,
      "USDCHF_55_6.23.134_BUY_M15": 0.06285855176888774,
      "USDJPY_37_0.18430_BUY_M15": 0.049270603114092905,
      "USDJPY_38_1.35.168_BUY_M15": 0.025811849305137073,
      "USDJPY_39_6.27.190_BUY_M15": 0.06880676916190588,
      "USDJPY_40_2.4.138_BUY_M15": 0.03459183962135561,
      "USDJPY_41_2.5.172_BUY_M15": 0.0541887384232825,
      "USDJPY_57_4.8.181_BUY_M15": 0.08716570970027623,
      "USOIL.cash_42_1.25.121_BUY_M15": -0.003757080719975433,
      "USOIL.cash_43_5.11.112_BUY_M15": -0.027908576172909524,
      "USOIL.cash_44_6.17.127_BUY_M15": -0.014518996012938065,
      "USOIL.cash_54_4.18.190_BOTH_M15": -0.014518996012938065,
      "XAUUSD_45_2.13.130_BUY_M15": -0.04127839741305075,
      "XAUUSD_58_5.6.136_BUY_M15": -0.016483731947674038
    },
    "drawdown_correlation_row": {
      "AUDJPY_1_3.14.146_BUY_M15": 0.3097808432433821,
      "AUDJPY_2_5.20.109_BUY_M15": -0.12086581933694618,
      "AUDJPY_3_3.19_BUY_M15": -0.11642600944220981,
      "AUDJPY_46_3.50.181_BUY_M15": 0.1511613895438962,
      "AUDJPY_47_6.30.171_BOTH_M15": 0.059169240319422375,
      "AUDJPY_56_1.14.109_BUY_M15": -0.1258437568524131,
      "AUDJPY_78_3.7.108_BUY_M15": -0.11694817984541436,
      "AUDUSD_48_5.8.189_SELL_M15": -0.07247896925098975,
      "AUDUSD_4_3.27.109_SELL_M15": 0.21211948310668413,
      "AUDUSD_5_6.3.178_SELL_M15": 0.20924992335133424,
      "AUDUSD_60_1.31.145_SELL_M15": 0.18186873795376188,
      "AUDUSD_61_6.25.174_SELL_M15": 0.24151778163559873,
      "AUDUSD_6_5.9.126_SELL_M15": -0.04601431264188566,
      "EURGBP_10_5.21.111_SELL_M15": -0.012147908698061208,
      "EURGBP_49_2.36.141_BOTH_M15": -0.15600491928294183,
      "EURGBP_62_3.31.132_BUY_M15": 0.002830872696832969,
      "EURGBP_63_4.21.189_SELL_M15": 0.06316903084830029,
      "EURGBP_70_2.27.108_SELL_M15": 0.11821602549039173,
      "EURGBP_7_3.16.177_SELL_M15": 0.1057519139270388,
      "EURGBP_8_6.1.186_SELL_M15": -0.25203453629503836,
      "EURGBP_9_5.2.127_SELL_M15": 0.02629382453427136,
      "EURUSD_11_1.42.105_SELL_M15": 0.24970443228254963,
      "EURUSD_12_3.47.124_BUY_M15": -0.03778349798353305,
      "EURUSD_13_6.46.178_BUY_M15": -0.1558732618204907,
      "EURUSD_14_5.6.167_BUY_M15": 0.08234911258244701,
      "EURUSD_18_6.6.111_SELL_M15": -0.12781779779708907,
      "EURUSD_59_2.34.129_SELL_M15": 0.18332599784178902,
      "EURUSD_64_4.34.165_BUY_M15": 0.0021169543891570845,
      "EURUSD_71_5.30.159_SELL_M15": 0.4670162074943405,
      "EURUSD_72_5.42.127_SELL_M15": 0.3028338008526455,
      "EURUSD_73_5.43.181_SELL_M15": -0.10193706700044491,
      "GBPJPY_50_5.35.116_BUY_M15": 0.05228450552265874,
      "GBPJPY_65_2.14.157_BUY_M15": 0.12661161356072506,
      "GBPJPY_66_4.17.131_BOTH_M15": 0.07303281776463046,
      "GBPJPY_67_4.19.99_BOTH_M15": 0.09262029257738301,
      "GBPUSD_19_0.13205_BUY_M15": -0.14688697945965828,
      "GBPUSD_20_1.32.126_BUY_M15": -0.06472067393231075,
      "GBPUSD_21_3.3.167_BUY_M15": -0.05742221165577666,
      "GBPUSD_22_6.11.100_SELL_M15": 1.0,
      "GBPUSD_69_3.13.113_BUY_M15": -0.05281136965196573,
      "GBPUSD_74_6.52.179_SELL_M15": 0.14157030600807333,
      "NZDUSD_23_2.12.147_SELL_M15": 0.11995428688113903,
      "NZDUSD_24_4.41.120_SELL_M15": 0.37987216899190723,
      "NZDUSD_25_5.7.105_SELL_M15": -0.04116344703263131,
      "NZDUSD_26_2.6.180_SELL_M15": -0.040030974216159594,
      "NZDUSD_27_6.16.107_SELL_M15": -0.05101095282255809,
      "NZDUSD_75_4.73.120_SELL_M15": -0.04138816979844977,
      "NZDUSD_76_5.71.164_BUY_M15": -0.20425022669421014,