{
  "strategy_id": "GBPUSD_20_1.32.126_BUY_M15",
  "summary": {
    "strategy_id": "GBPUSD_20_1.32.126_BUY_M15",
    "symbol_count": 1,
    "side_mix": null,
    "trade_count": 610,
    "avg_return_correlation": -0.01361158475984091,
    "max_return_correlation": 0.27933525005165644,
    "avg_drawdown_correlation": -0.007728124895744774,
    "max_drawdown_correlation": 0.5271831493027941,
    "avg_stress_overlap": 0.060904156049154015,
    "max_stress_overlap": 0.13425925925925927,
    "avg_symbol_overlap": 0.0684931506849315,
    "max_symbol_overlap": 1.0,
    "avg_side_overlap": 0.821917808219178,
    "max_side_overlap": 1.0,
    "correlation_penalty": 0.010669854827792842,
    "marginal_dd_contribution": -1.0271529063309686,
    "diversification_score": 0.9440508427454694,
    "portfolio_fit_score": 0.7219740637274181,
    "cluster_membership": "CLUSTER_30"
  },
  "peer_snapshot": {
    "return_correlation_row": {
      "AUDJPY_1_3.14.146_BUY_M15": 0.04595678173518672,
      "AUDJPY_2_5.20.109_BUY_M15": 0.019642683037412505,
      "AUDJPY_3_3.19_BUY_M15": 0.057314499494788104,
      "AUDJPY_46_3.50.181_BUY_M15": 0.01914016366689318,
      "AUDJPY_47_6.30.171_BOTH_M15": 0.03637797930917534,
      "AUDJPY_56_1.14.109_BUY_M15": 0.012901668916099888,
      "AUDJPY_78_3.7.108_BUY_M15": 0.05155090758680281,
      "AUDUSD_48_5.8.189_SELL_M15": -0.10904602356145257,
      "AUDUSD_4_3.27.109_SELL_M15": -0.16095710887375358,
      "AUDUSD_5_6.3.178_SELL_M15": -0.12828444767868838,
      "AUDUSD_60_1.31.145_SELL_M15": -0.159290109801591,
      "AUDUSD_61_6.25.174_SELL_M15": -0.15611834098198146,
      "AUDUSD_6_5.9.126_SELL_M15": -0.07980569895863199,
      "EURGBP_10_5.21.111_SELL_M15": 0.05876319553060372,
      "EURGBP_49_2.36.141_BOTH_M15": 0.10235801888787156,
      "EURGBP_62_3.31.132_BUY_M15": -0.07397337482518307,
      "EURGBP_63_4.21.189_SELL_M15": 0.1495331542082532,
      "EURGBP_70_2.27.108_SELL_M15": 0.13030702851651585,
      "EURGBP_7_3.16.177_SELL_M15": 0.03034496307957327,
      "EURGBP_8_6.1.186_SELL_M15": 0.09331956876420036,
      "EURGBP_9_5.2.127_SELL_M15": 0.10851821865663785,
      "EURUSD_11_1.42.105_SELL_M15": -0.02254654020331394,
      "EURUSD_12_3.47.124_BUY_M15": 0.14412289033468897,
      "EURUSD_13_6.46.178_BUY_M15": 0.07480383667276654,
      "EURUSD_14_5.6.167_BUY_M15": 0.10584364161294624,
      "EURUSD_18_6.6.111_SELL_M15": -0.15779583984401332,
      "EURUSD_59_2.34.129_SELL_M15": -0.1336417134900655,
      "EURUSD_64_4.34.165_BUY_M15": 0.09848621888067145,
      "EURUSD_71_5.30.159_SELL_M15": -0.096403217669021,
      "EURUSD_72_5.42.127_SELL_M15": -0.1975540585650893,
      "EURUSD_73_5.43.181_SELL_M15": -0.1503914199373789,
      "GBPJPY_50_5.35.116_BUY_M15": 0.09952273243985799,
      "GBPJPY_65_2.14.157_BUY_M15": 0.07671682677135082,
      "GBPJPY_66_4.17.131_BOTH_M15": 0.12446711101173943,
      "GBPJPY_67_4.19.99_BOTH_M15": 0.1281627817155316,
      "GBPUSD_19_0.13205_BUY_M15": 0.1769049321786165,
      "GBPUSD_20_1.32.126_BUY_M15": 1.0,
      "GBPUSD_21_3.3.167_BUY_M15": 0.27933525005165644,
      "GBPUSD_22_6.11.100_SELL_M15": -0.08435914227577036,
      "GBPUSD_69_3.13.113_BUY_M15": -0.07867967528991465,
      "GBPUSD_74_6.52.179_SELL_M15": -0.1810712060434067,
      "NZDUSD_23_2.12.147_SELL_M15": -0.06636782425610083,
      "NZDUSD_24_4.41.120_SELL_M15": -0.076815593073521,
      "NZDUSD_25_5.7.105_SELL_M15": -0.1297575262529886,
      "NZDUSD_26_2.6.180_SELL_M15": -0.13338461358686915,
      "NZDUSD_27_6.16.107_SELL_M15": -0.10249215983491558,
      "NZDUSD_75_4.73.120_SELL_M15": -0.06724432388040259,
      "NZDUSD_76_5.71.164_BUY_M15": 0.04516264757458657,
      "US500.cash_28_3.8.114_BUY_M15": 0.025246075112254778,
      "US500.cash_29_3.32.156_BUY_M15": 0.027220534360980122,
      "USDCAD_30_2.34.141_BUY_M15": -0.03711841607626,
      "USDCAD_31_3.2.189_BUY_M15": -0.06041446716695143,
      "USDCAD_32_4.16.175_BUY_M15": -0.0692026009296915,
      "USDCAD_33_5.11.180_BUY_M15": -0.04061831189597357,
      "USDCAD_34_1.8.187_BUY_M15": -0.0629677517104117,
      "USDCAD_51_6.27.122_BUY_M15": -0.04571143414978752,
      "USDCAD_77_3.51.113_SELL_M15": 0.06308589096365039,
      "USDCHF_35_3.1.133_SELL_M15": 0.04859289353072135,
      "USDCHF_36_4.5.112_SELL_M15": -0.05552492841093499,
      "USDCHF_52_3.17.186_BOTH_M15": -0.028668901607108867,
      "USDCHF_53_6.47.153_BOTH_M15": -0.1460142552698669,
      "USDCHF_55_6.23.134_BUY_M15": -0.10530620155455886,
      "USDJPY_37_0.18430_BUY_M15": -0.04302883108211504,
      "USDJPY_38_1.35.168_BUY_M15": -0.0275492874854274,
      "USDJPY_39_6.27.190_BUY_M15": -0.07042365633889308,
      "USDJPY_40_2.4.138_BUY_M15": -0.0672424559101952,
      "USDJPY_41_2.5.172_BUY_M15": -0.08137818386494947,
      "USDJPY_57_4.8.181_BUY_M15": -0.05751834282628323,
      "USOIL.cash_42_1.25.121_BUY_M15": -0.012655011190248791,
      "USOIL.cash_43_5.11.112_BUY_M15": 0.053338817183558415,
      "USOIL.cash_44_6.17.127_BUY_M15": -0.01836733926383659,
      "USOIL.cash_54_4.18.190_BOTH_M15": -0.01836733926383659,
      "XAUUSD_45_2.13.130_BUY_M15": 0.10194404531875388,
      "XAUUSD_58_5.6.136_BUY_M15": 0.011426030308651835
    },
    "drawdown_correlation_row": {
      "AUDJPY_1_3.14.146_BUY_M15": -0.14192253781637054,
      "AUDJPY_2_5.20.109_BUY_M15": -0.43378441628257147,
      "AUDJPY_3_3.19_BUY_M15": -0.016579116318865068,
      "AUDJPY_46_3.50.181_BUY_M15": -0.5624857691859259,
      "AUDJPY_47_6.30.171_BOTH_M15": -0.19840211137497155,
      "AUDJPY_56_1.14.109_BUY_M15": -0.3048238615070044,
      "AUDJPY_78_3.7.108_BUY_M15": -0.024204165906965308,
      "AUDUSD_48_5.8.189_SELL_M15": 0.3113693259592144,
      "AUDUSD_4_3.27.109_SELL_M15": 0.08973853048789872,
      "AUDUSD_5_6.3.178_SELL_M15": 0.5262416736877142,
      "AUDUSD_60_1.31.145_SELL_M15": 0.013680509606662922,
      "AUDUSD_61_6.25.174_SELL_M15": -0.36928166082190655,
      "AUDUSD_6_5.9.126_SELL_M15": 0.28719618052811385,
      "EURGBP_10_5.21.111_SELL_M15": 0.5271831493027941,
      "EURGBP_49_2.36.141_BOTH_M15": 0.24899438760356044,
      "EURGBP_62_3.31.132_BUY_M15": -0.002135249266273392,
      "EURGBP_63_4.21.189_SELL_M15": 0.05438495585153459,
      "EURGBP_70_2.27.108_SELL_M15": 0.4973357666552678,
      "EURGBP_7_3.16.177_SELL_M15": -0.16654697718526568,
      "EURGBP_8_6.1.186_SELL_M15": 0.38901784559325275,
      "EURGBP_9_5.2.127_SELL_M15": 0.3798979753690634,
      "EURUSD_11_1.42.105_SELL_M15": -0.11904029633644787,
      "EURUSD_12_3.47.124_BUY_M15": -0.03816685224790058,
      "EURUSD_13_6.46.178_BUY_M15": -0.3953147540318187,
      "EURUSD_14_5.6.167_BUY_M15": 0.3410829057530513,
      "EURUSD_18_6.6.111_SELL_M15": -0.08749875146147824,
      "EURUSD_59_2.34.129_SELL_M15": -0.26557599088267203,
      "EURUSD_64_4.34.165_BUY_M15": 0.4844331743444426,
      "EURUSD_71_5.30.159_SELL_M15": 0.012309793769534954,
      "EURUSD_72_5.42.127_SELL_M15": -0.45865378052546785,
      "EURUSD_73_5.43.181_SELL_M15": 0.07235973184886456,
      "GBPJPY_50_5.35.116_BUY_M15": 0.30645446507178853,
      "GBPJPY_65_2.14.157_BUY_M15": 0.16001849545510902,
      "GBPJPY_66_4.17.131_BOTH_M15": 0.052499754287166064,
      "GBPJPY_67_4.19.99_BOTH_M15": 0.1772944828347192,
      "GBPUSD_19_0.13205_BUY_M15": 0.13027253194362254,
      "GBPUSD_20_1.32.126_BUY_M15": 1.0,
      "GBPUSD_21_3.3.167_BUY_M15": 0.12002674515792687,
      "GBPUSD_22_6.11.100_SELL_M15": -0.06472067393231075,
      "GBPUSD_69_3.13.113_BUY_M15": 0.2281615280992086,
      "GBPUSD_74_6.52.179_SELL_M15": -0.30872838080319365,
      "NZDUSD_23_2.12.147_SELL_M15": -0.28033603265013146,
      "NZDUSD_24_4.41.120_SELL_M15": 0.2307150883306616,
      "NZDUSD_25_5.7.105_SELL_M15": 0.3052529934037115,
      "NZDUSD_26_2.6.180_SELL_M15": -0.02651682128806223,
      "NZDUSD_27_6.16.107_SELL_M15": -0.25789424928683335,
      "NZDUSD_75_4.73.120_SELL_M15": -0.2498184917120225,
      "NZDUSD_76_5.71.164_BUY_M15": -0.38987558053331084,