{
  "strategy_id": "GBPUSD_21_3.3.167_BUY_M15",
  "summary": {
    "strategy_id": "GBPUSD_21_3.3.167_BUY_M15",
    "symbol_count": 1,
    "side_mix": null,
    "trade_count": 774,
    "avg_return_correlation": -0.024791188473351166,
    "max_return_correlation": 0.27933525005165644,
    "avg_drawdown_correlation": -0.040337600988357994,
    "max_drawdown_correlation": 0.4631918207495905,
    "avg_stress_overlap": 0.0655527747765422,
    "max_stress_overlap": 0.2436548223350254,
    "avg_symbol_overlap": 0.0684931506849315,
    "max_symbol_overlap": 1.0,
    "avg_side_overlap": 0.821917808219178,
    "max_side_overlap": 1.0,
    "correlation_penalty": 0.03256439473085458,
    "marginal_dd_contribution": 0.9975046279156317,
    "diversification_score": 0.9370160772161813,
    "portfolio_fit_score": 0.7185579138394864,
    "cluster_membership": "CLUSTER_31"
  },
  "peer_snapshot": {
    "return_correlation_row": {
      "AUDJPY_1_3.14.146_BUY_M15": 0.0453371061450949,
      "AUDJPY_2_5.20.109_BUY_M15": 0.08333770323386805,
      "AUDJPY_3_3.19_BUY_M15": 0.08733879238882311,
      "AUDJPY_46_3.50.181_BUY_M15": 0.05542019292450859,
      "AUDJPY_47_6.30.171_BOTH_M15": 0.02702741927905894,
      "AUDJPY_56_1.14.109_BUY_M15": 0.10857677947942573,
      "AUDJPY_78_3.7.108_BUY_M15": 0.09214028740562226,
      "AUDUSD_48_5.8.189_SELL_M15": -0.21830486976731173,
      "AUDUSD_4_3.27.109_SELL_M15": -0.09184547026400347,
      "AUDUSD_5_6.3.178_SELL_M15": -0.11859007234708571,
      "AUDUSD_60_1.31.145_SELL_M15": -0.10566973593503157,
      "AUDUSD_61_6.25.174_SELL_M15": -0.12323544025134096,
      "AUDUSD_6_5.9.126_SELL_M15": -0.18809918363501968,
      "EURGBP_10_5.21.111_SELL_M15": 0.09906419261500106,
      "EURGBP_49_2.36.141_BOTH_M15": 0.1666839867192913,
      "EURGBP_62_3.31.132_BUY_M15": -0.12508362411562984,
      "EURGBP_63_4.21.189_SELL_M15": 0.14932758154082876,
      "EURGBP_70_2.27.108_SELL_M15": 0.12401758123436867,
      "EURGBP_7_3.16.177_SELL_M15": 0.02713369893721266,
      "EURGBP_8_6.1.186_SELL_M15": 0.12903410782818994,
      "EURGBP_9_5.2.127_SELL_M15": 0.08381356529591824,
      "EURUSD_11_1.42.105_SELL_M15": -0.027039342476214367,
      "EURUSD_12_3.47.124_BUY_M15": 0.2528995096347284,
      "EURUSD_13_6.46.178_BUY_M15": 0.1706459766745952,
      "EURUSD_14_5.6.167_BUY_M15": 0.20774807692132238,
      "EURUSD_18_6.6.111_SELL_M15": -0.24195674154714736,
      "EURUSD_59_2.34.129_SELL_M15": -0.30215109510067045,
      "EURUSD_64_4.34.165_BUY_M15": 0.15814836521797013,
      "EURUSD_71_5.30.159_SELL_M15": -0.20005248060489172,
      "EURUSD_72_5.42.127_SELL_M15": -0.24741832379736944,
      "EURUSD_73_5.43.181_SELL_M15": -0.23788437141487148,
      "GBPJPY_50_5.35.116_BUY_M15": 0.172068970203788,
      "GBPJPY_65_2.14.157_BUY_M15": 0.1926714636783326,
      "GBPJPY_66_4.17.131_BOTH_M15": 0.16894275840360942,
      "GBPJPY_67_4.19.99_BOTH_M15": 0.18753434650466497,
      "GBPUSD_19_0.13205_BUY_M15": 0.20941359991069367,
      "GBPUSD_20_1.32.126_BUY_M15": 0.27933525005165644,
      "GBPUSD_21_3.3.167_BUY_M15": 1.0,
      "GBPUSD_22_6.11.100_SELL_M15": -0.12502673789361252,
      "GBPUSD_69_3.13.113_BUY_M15": -0.16136369508337656,
      "GBPUSD_74_6.52.179_SELL_M15": -0.2690438792229495,
      "NZDUSD_23_2.12.147_SELL_M15": -0.10969970191127644,
      "NZDUSD_24_4.41.120_SELL_M15": -0.059980149218269815,
      "NZDUSD_25_5.7.105_SELL_M15": -0.17139874246869766,
      "NZDUSD_26_2.6.180_SELL_M15": -0.17014598385481924,
      "NZDUSD_27_6.16.107_SELL_M15": -0.19265074370788804,
      "NZDUSD_75_4.73.120_SELL_M15": -0.17112057680183215,
      "NZDUSD_76_5.71.164_BUY_M15": 0.2176101568371057,
      "US500.cash_28_3.8.114_BUY_M15": 0.1138428287569976,
      "US500.cash_29_3.32.156_BUY_M15": 0.037037086389073756,
      "USDCAD_30_2.34.141_BUY_M15": -0.12405835645042847,
      "USDCAD_31_3.2.189_BUY_M15": -0.13965077412364427,
      "USDCAD_32_4.16.175_BUY_M15": -0.16209591988650046,
      "USDCAD_33_5.11.180_BUY_M15": -0.09278689677117243,
      "USDCAD_34_1.8.187_BUY_M15": -0.19093313660789477,
      "USDCAD_51_6.27.122_BUY_M15": -0.21861257985122332,
      "USDCAD_77_3.51.113_SELL_M15": 0.1421193631230546,
      "USDCHF_35_3.1.133_SELL_M15": 0.07051790889399429,
      "USDCHF_36_4.5.112_SELL_M15": -0.23381027470061527,
      "USDCHF_52_3.17.186_BOTH_M15": 0.07091414641333198,
      "USDCHF_53_6.47.153_BOTH_M15": -0.20194990044254957,
      "USDCHF_55_6.23.134_BUY_M15": -0.1336523624329833,
      "USDJPY_37_0.18430_BUY_M15": -0.09089086933957581,
      "USDJPY_38_1.35.168_BUY_M15": -0.10115644194602645,
      "USDJPY_39_6.27.190_BUY_M15": -0.15327603447194,
      "USDJPY_40_2.4.138_BUY_M15": -0.11516747820876724,
      "USDJPY_41_2.5.172_BUY_M15": -0.1514052588560585,
      "USDJPY_57_4.8.181_BUY_M15": -0.16172951489772594,
      "USOIL.cash_42_1.25.121_BUY_M15": -0.0018695706551163905,
      "USOIL.cash_43_5.11.112_BUY_M15": 0.019696131295338933,
      "USOIL.cash_44_6.17.127_BUY_M15": 0.02361342413074111,
      "USOIL.cash_54_4.18.190_BOTH_M15": 0.02361342413074111,
      "XAUUSD_45_2.13.130_BUY_M15": 0.09818670083530015,
      "XAUUSD_58_5.6.136_BUY_M15": 0.026237089472644182
    },
    "drawdown_correlation_row": {
      "AUDJPY_1_3.14.146_BUY_M15": 0.048237743161861364,
      "AUDJPY_2_5.20.109_BUY_M15": -0.03639186910780108,
      "AUDJPY_3_3.19_BUY_M15": -0.17063603529068683,
      "AUDJPY_46_3.50.181_BUY_M15": 0.3492170397235168,
      "AUDJPY_47_6.30.171_BOTH_M15": 0.02119051010482423,
      "AUDJPY_56_1.14.109_BUY_M15": -0.1964049725591227,
      "AUDJPY_78_3.7.108_BUY_M15": -0.1755930927527749,
      "AUDUSD_48_5.8.189_SELL_M15": -0.15549161368509043,
      "AUDUSD_4_3.27.109_SELL_M15": -0.21760784712200806,
      "AUDUSD_5_6.3.178_SELL_M15": -0.16889963673839029,
      "AUDUSD_60_1.31.145_SELL_M15": -0.49767606792353936,
      "AUDUSD_61_6.25.174_SELL_M15": -0.13091873364177303,
      "AUDUSD_6_5.9.126_SELL_M15": -0.037375377630894685,
      "EURGBP_10_5.21.111_SELL_M15": -0.058456605741652234,
      "EURGBP_49_2.36.141_BOTH_M15": 0.1018519501436395,
      "EURGBP_62_3.31.132_BUY_M15": -0.4647056834900065,
      "EURGBP_63_4.21.189_SELL_M15": 0.04078463861183486,
      "EURGBP_70_2.27.108_SELL_M15": -0.27377825674989653,
      "EURGBP_7_3.16.177_SELL_M15": 0.2695732825619394,
      "EURGBP_8_6.1.186_SELL_M15": -0.0856618238296625,
      "EURGBP_9_5.2.127_SELL_M15": 0.267597681680066,
      "EURUSD_11_1.42.105_SELL_M15": -0.11717231001130944,
      "EURUSD_12_3.47.124_BUY_M15": -0.13422650913681164,
      "EURUSD_13_6.46.178_BUY_M15": -0.017995226017394856,
      "EURUSD_14_5.6.167_BUY_M15": 0.1993617929071997,
      "EURUSD_18_6.6.111_SELL_M15": -0.2533968922315963,
      "EURUSD_59_2.34.129_SELL_M15": -0.3215450901767271,
      "EURUSD_64_4.34.165_BUY_M15": 0.015813603292319216,
      "EURUSD_71_5.30.159_SELL_M15": -0.2584686758596479,
      "EURUSD_72_5.42.127_SELL_M15": 0.3977438906904925,
      "EURUSD_73_5.43.181_SELL_M15": -0.20989941492489822,
      "GBPJPY_50_5.35.116_BUY_M15": 0.1737394082919047,
      "GBPJPY_65_2.14.157_BUY_M15": -0.0368461473330924,
      "GBPJPY_66_4.17.131_BOTH_M15": -0.2377987587588682,
      "GBPJPY_67_4.19.99_BOTH_M15": -0.08427340593823895,
      "GBPUSD_19_0.13205_BUY_M15": 0.08108505805573749,
      "GBPUSD_20_1.32.126_BUY_M15": 0.12002674515792687,
      "GBPUSD_21_3.3.167_BUY_M15": 1.0,
      "GBPUSD_22_6.11.100_SELL_M15": -0.05742221165577666,
      "GBPUSD_69_3.13.113_BUY_M15": 0.18741855344297792,
      "GBPUSD_74_6.52.179_SELL_M15": -0.258959480133891,
      "NZDUSD_23_2.12.147_SELL_M15": -0.11706202557038699,
      "NZDUSD_24_4.41.120_SELL_M15": 0.3788146613965733,
      "NZDUSD_25_5.7.105_SELL_M15": -0.24176670747084952,
      "NZDUSD_26_2.6.180_SELL_M15": -0.49288054983209917,
      "NZDUSD_27_6.16.107_SELL_M15": -0.19872145437302902,
      "NZDUSD_75_4.73.120_SELL_M15": -0.19033633519851456,
      "NZDUSD_76_5.71.164_BUY_M15": 0.15539710944041304,