{
  "strategy_id": "NZDUSD_25_5.7.105_SELL_M15",
  "summary": {
    "strategy_id": "NZDUSD_25_5.7.105_SELL_M15",
    "symbol_count": 1,
    "side_mix": null,
    "trade_count": 711,
    "avg_return_correlation": 0.07451282122124232,
    "max_return_correlation": 0.6530519376926279,
    "avg_drawdown_correlation": 0.09278436279642438,
    "max_drawdown_correlation": 0.700152736627995,
    "avg_stress_overlap": 0.09061016461350414,
    "max_stress_overlap": 0.40229885057471265,
    "avg_symbol_overlap": 0.0821917808219178,
    "max_symbol_overlap": 1.0,
    "avg_side_overlap": 0.821917808219178,
    "max_side_overlap": 1.0,
    "correlation_penalty": 0.08364859200883334,
    "marginal_dd_contribution": -0.22920770085151787,
    "diversification_score": 0.8992147460216957,
    "portfolio_fit_score": 0.6995959126258053,
    "cluster_membership": "CLUSTER_37"
  },
  "peer_snapshot": {
    "return_correlation_row": {
      "AUDJPY_1_3.14.146_BUY_M15": -0.1030694156062419,
      "AUDJPY_2_5.20.109_BUY_M15": -0.08903123709931035,
      "AUDJPY_3_3.19_BUY_M15": -0.088460769034163,
      "AUDJPY_46_3.50.181_BUY_M15": -0.05523533895453948,
      "AUDJPY_47_6.30.171_BOTH_M15": -0.0796483738832418,
      "AUDJPY_56_1.14.109_BUY_M15": -0.09366940525420428,
      "AUDJPY_78_3.7.108_BUY_M15": -0.08871508894929916,
      "AUDUSD_48_5.8.189_SELL_M15": 0.3056743126101408,
      "AUDUSD_4_3.27.109_SELL_M15": 0.30165731336877366,
      "AUDUSD_5_6.3.178_SELL_M15": 0.2943314375195775,
      "AUDUSD_60_1.31.145_SELL_M15": 0.3652322676294941,
      "AUDUSD_61_6.25.174_SELL_M15": 0.14543378343480712,
      "AUDUSD_6_5.9.126_SELL_M15": 0.30059922116353793,
      "EURGBP_10_5.21.111_SELL_M15": 0.004882716093130509,
      "EURGBP_49_2.36.141_BOTH_M15": -0.020158592581551647,
      "EURGBP_62_3.31.132_BUY_M15": 0.05524043846009314,
      "EURGBP_63_4.21.189_SELL_M15": 0.01611180620250467,
      "EURGBP_70_2.27.108_SELL_M15": -0.02756039619637509,
      "EURGBP_7_3.16.177_SELL_M15": 0.030630637333194464,
      "EURGBP_8_6.1.186_SELL_M15": -0.0487104284887312,
      "EURGBP_9_5.2.127_SELL_M15": 0.022072218956550396,
      "EURUSD_11_1.42.105_SELL_M15": 0.1594829548300971,
      "EURUSD_12_3.47.124_BUY_M15": -0.042465808699282286,
      "EURUSD_13_6.46.178_BUY_M15": -0.07441623582744174,
      "EURUSD_14_5.6.167_BUY_M15": -0.10634248546735728,
      "EURUSD_18_6.6.111_SELL_M15": 0.17212421575018638,
      "EURUSD_59_2.34.129_SELL_M15": 0.17837549785405182,
      "EURUSD_64_4.34.165_BUY_M15": -0.06629791980205048,
      "EURUSD_71_5.30.159_SELL_M15": 0.14818761696137656,
      "EURUSD_72_5.42.127_SELL_M15": 0.1539532709144966,
      "EURUSD_73_5.43.181_SELL_M15": 0.1455295439709239,
      "GBPJPY_50_5.35.116_BUY_M15": -0.007068028340384629,
      "GBPJPY_65_2.14.157_BUY_M15": -0.05334415078970848,
      "GBPJPY_66_4.17.131_BOTH_M15": -0.03781713298579054,
      "GBPJPY_67_4.19.99_BOTH_M15": -0.020787502483155543,
      "GBPUSD_19_0.13205_BUY_M15": -0.11121065410796578,
      "GBPUSD_20_1.32.126_BUY_M15": -0.1297575262529886,
      "GBPUSD_21_3.3.167_BUY_M15": -0.17139874246869766,
      "GBPUSD_22_6.11.100_SELL_M15": 0.05225111061727199,
      "GBPUSD_69_3.13.113_BUY_M15": 0.2180044792143252,
      "GBPUSD_74_6.52.179_SELL_M15": 0.16891234449223785,
      "NZDUSD_23_2.12.147_SELL_M15": 0.38416099539602333,
      "NZDUSD_24_4.41.120_SELL_M15": 0.26761814487978824,
      "NZDUSD_25_5.7.105_SELL_M15": 1.0,
      "NZDUSD_26_2.6.180_SELL_M15": 0.6530519376926279,
      "NZDUSD_27_6.16.107_SELL_M15": 0.35771505793845126,
      "NZDUSD_75_4.73.120_SELL_M15": 0.23215825730946485,
      "NZDUSD_76_5.71.164_BUY_M15": -0.130831645381491,
      "US500.cash_28_3.8.114_BUY_M15": -0.08834532383819481,
      "US500.cash_29_3.32.156_BUY_M15": -0.015771447356079504,
      "USDCAD_30_2.34.141_BUY_M15": 0.17181152845271633,
      "USDCAD_31_3.2.189_BUY_M15": 0.22713817070063066,
      "USDCAD_32_4.16.175_BUY_M15": 0.2451760043190838,
      "USDCAD_33_5.11.180_BUY_M15": 0.11237558680474946,
      "USDCAD_34_1.8.187_BUY_M15": 0.18447720039603333,
      "USDCAD_51_6.27.122_BUY_M15": 0.18810571313375832,
      "USDCAD_77_3.51.113_SELL_M15": -0.027612080401425362,
      "USDCHF_35_3.1.133_SELL_M15": -0.052993804778009676,
      "USDCHF_36_4.5.112_SELL_M15": 0.11626487418538597,
      "USDCHF_52_3.17.186_BOTH_M15": -0.0656986198741579,
      "USDCHF_53_6.47.153_BOTH_M15": 0.14314870440024732,
      "USDCHF_55_6.23.134_BUY_M15": 0.1020122850988815,
      "USDJPY_37_0.18430_BUY_M15": 0.13194998041566958,
      "USDJPY_38_1.35.168_BUY_M15": 0.08092121014247548,
      "USDJPY_39_6.27.190_BUY_M15": 0.1600659802407403,
      "USDJPY_40_2.4.138_BUY_M15": 0.14051391129438512,
      "USDJPY_41_2.5.172_BUY_M15": 0.18577347135505087,
      "USDJPY_57_4.8.181_BUY_M15": 0.1469801875998363,
      "USOIL.cash_42_1.25.121_BUY_M15": 0.04120204222279351,
      "USOIL.cash_43_5.11.112_BUY_M15": -0.00625615800492919,
      "USOIL.cash_44_6.17.127_BUY_M15": -0.02647615936882168,
      "USOIL.cash_54_4.18.190_BOTH_M15": -0.02647615936882168,
      "XAUUSD_45_2.13.130_BUY_M15": -0.07265957565062661,
      "XAUUSD_58_5.6.136_BUY_M15": -0.04358627490983626
    },
    "drawdown_correlation_row": {
      "AUDJPY_1_3.14.146_BUY_M15": -0.08436075937525717,
      "AUDJPY_2_5.20.109_BUY_M15": -0.2928875955922207,
      "AUDJPY_3_3.19_BUY_M15": 0.023398480431204547,
      "AUDJPY_46_3.50.181_BUY_M15": -0.3186999468388761,
      "AUDJPY_47_6.30.171_BOTH_M15": -0.26590774253519794,
      "AUDJPY_56_1.14.109_BUY_M15": -0.06303331637362888,
      "AUDJPY_78_3.7.108_BUY_M15": 0.015054193155914872,
      "AUDUSD_48_5.8.189_SELL_M15": 0.2500846584785028,
      "AUDUSD_4_3.27.109_SELL_M15": 0.4974128399832378,
      "AUDUSD_5_6.3.178_SELL_M15": 0.43323712075161336,
      "AUDUSD_60_1.31.145_SELL_M15": 0.5156240909210416,
      "AUDUSD_61_6.25.174_SELL_M15": -0.009514127587251916,
      "AUDUSD_6_5.9.126_SELL_M15": 0.700152736627995,
      "EURGBP_10_5.21.111_SELL_M15": 0.47621884495847433,
      "EURGBP_49_2.36.141_BOTH_M15": 0.10142843623937259,
      "EURGBP_62_3.31.132_BUY_M15": 0.2514538169464643,
      "EURGBP_63_4.21.189_SELL_M15": 0.1587253120528812,
      "EURGBP_70_2.27.108_SELL_M15": 0.36799358084767764,
      "EURGBP_7_3.16.177_SELL_M15": 0.25642580880555743,
      "EURGBP_8_6.1.186_SELL_M15": 0.3619607372058278,
      "EURGBP_9_5.2.127_SELL_M15": 0.39286371570883055,
      "EURUSD_11_1.42.105_SELL_M15": 0.06207626348600068,
      "EURUSD_12_3.47.124_BUY_M15": 0.18995730751574644,
      "EURUSD_13_6.46.178_BUY_M15": -0.27819662760201386,
      "EURUSD_14_5.6.167_BUY_M15": 0.035506879341688516,
      "EURUSD_18_6.6.111_SELL_M15": 0.2783419366348294,
      "EURUSD_59_2.34.129_SELL_M15": 0.03447199631312667,
      "EURUSD_64_4.34.165_BUY_M15": -0.1971457401870699,
      "EURUSD_71_5.30.159_SELL_M15": -0.07131694701064326,
      "EURUSD_72_5.42.127_SELL_M15": -0.41630770930510974,
      "EURUSD_73_5.43.181_SELL_M15": 0.0610234575480284,
      "GBPJPY_50_5.35.116_BUY_M15": -0.19631669668198443,
      "GBPJPY_65_2.14.157_BUY_M15": 0.025187076685602286,
      "GBPJPY_66_4.17.131_BOTH_M15": -0.15668090598501108,
      "GBPJPY_67_4.19.99_BOTH_M15": -0.210444245030635,
      "GBPUSD_19_0.13205_BUY_M15": 0.2164990757865481,
      "GBPUSD_20_1.32.126_BUY_M15": 0.3052529934037115,
      "GBPUSD_21_3.3.167_BUY_M15": -0.24176670747084952,
      "GBPUSD_22_6.11.100_SELL_M15": -0.04116344703263131,
      "GBPUSD_69_3.13.113_BUY_M15": -0.09952633580872834,
      "GBPUSD_74_6.52.179_SELL_M15": 0.06056361721043183,
      "NZDUSD_23_2.12.147_SELL_M15": 0.14810617250289773,
      "NZDUSD_24_4.41.120_SELL_M15": 0.3125995980569796,
      "NZDUSD_25_5.7.105_SELL_M15": 1.0,
      "NZDUSD_26_2.6.180_SELL_M15": 0.6361286459696266,
      "NZDUSD_27_6.16.107_SELL_M15": 0.44930062165464296,
      "NZDUSD_75_4.73.120_SELL_M15": 0.011831331776146077,
      "NZDUSD_76_5.71.164_BUY_M15": -0.03968777255904989,
      "US500.cash_28_3.8.114_BUY_M15": 0.4203105494343264,