{
  "strategy_id": "NZDUSD_26_2.6.180_SELL_M15",
  "summary": {
    "strategy_id": "NZDUSD_26_2.6.180_SELL_M15",
    "symbol_count": 1,
    "side_mix": null,
    "trade_count": 759,
    "avg_return_correlation": 0.08014468619232314,
    "max_return_correlation": 0.6530519376926279,
    "avg_drawdown_correlation": 0.10013450524510828,
    "max_drawdown_correlation": 0.6361286459696266,
    "avg_stress_overlap": 0.09433926579239774,
    "max_stress_overlap": 0.40229885057471265,
    "avg_symbol_overlap": 0.0821917808219178,
    "max_symbol_overlap": 1.0,
    "avg_side_overlap": 0.821917808219178,
    "max_side_overlap": 1.0,
    "correlation_penalty": 0.09013959571871571,
    "marginal_dd_contribution": 1.2050388744909668,
    "diversification_score": 0.8950543166217071,
    "portfolio_fit_score": 0.697587410254578,
    "cluster_membership": "CLUSTER_37"
  },
  "peer_snapshot": {
    "return_correlation_row": {
      "AUDJPY_1_3.14.146_BUY_M15": -0.09361742676010444,
      "AUDJPY_2_5.20.109_BUY_M15": -0.1478846595236476,
      "AUDJPY_3_3.19_BUY_M15": -0.13027133887423192,
      "AUDJPY_46_3.50.181_BUY_M15": -0.06865621987485651,
      "AUDJPY_47_6.30.171_BOTH_M15": -0.10724340338338736,
      "AUDJPY_56_1.14.109_BUY_M15": -0.14910128507996825,
      "AUDJPY_78_3.7.108_BUY_M15": -0.12937254184698896,
      "AUDUSD_48_5.8.189_SELL_M15": 0.3806995773333791,
      "AUDUSD_4_3.27.109_SELL_M15": 0.37021581646398133,
      "AUDUSD_5_6.3.178_SELL_M15": 0.43378584542082504,
      "AUDUSD_60_1.31.145_SELL_M15": 0.33899554877372745,
      "AUDUSD_61_6.25.174_SELL_M15": 0.23949318270453543,
      "AUDUSD_6_5.9.126_SELL_M15": 0.2858978238781885,
      "EURGBP_10_5.21.111_SELL_M15": -0.029844723285458005,
      "EURGBP_49_2.36.141_BOTH_M15": -0.054018664936262256,
      "EURGBP_62_3.31.132_BUY_M15": 0.07056868326183688,
      "EURGBP_63_4.21.189_SELL_M15": 0.0038137144493070735,
      "EURGBP_70_2.27.108_SELL_M15": -0.02442791050302869,
      "EURGBP_7_3.16.177_SELL_M15": -0.009949233319269066,
      "EURGBP_8_6.1.186_SELL_M15": -0.0549999018538865,
      "EURGBP_9_5.2.127_SELL_M15": 0.01195090184209222,
      "EURUSD_11_1.42.105_SELL_M15": 0.17943285778386528,
      "EURUSD_12_3.47.124_BUY_M15": -0.06454160231636372,
      "EURUSD_13_6.46.178_BUY_M15": -0.11092899132339556,
      "EURUSD_14_5.6.167_BUY_M15": -0.08350262295834411,
      "EURUSD_18_6.6.111_SELL_M15": 0.21702689097410946,
      "EURUSD_59_2.34.129_SELL_M15": 0.2094055329673204,
      "EURUSD_64_4.34.165_BUY_M15": -0.07457862970392522,
      "EURUSD_71_5.30.159_SELL_M15": 0.21588170943862303,
      "EURUSD_72_5.42.127_SELL_M15": 0.17498951055279924,
      "EURUSD_73_5.43.181_SELL_M15": 0.1734581029189286,
      "GBPJPY_50_5.35.116_BUY_M15": -0.05289550128851596,
      "GBPJPY_65_2.14.157_BUY_M15": -0.0979449716554834,
      "GBPJPY_66_4.17.131_BOTH_M15": -0.05414408089652078,
      "GBPJPY_67_4.19.99_BOTH_M15": -0.045043373297304644,
      "GBPUSD_19_0.13205_BUY_M15": -0.08572303120645398,
      "GBPUSD_20_1.32.126_BUY_M15": -0.13338461358686915,
      "GBPUSD_21_3.3.167_BUY_M15": -0.17014598385481924,
      "GBPUSD_22_6.11.100_SELL_M15": 0.0939201836809305,
      "GBPUSD_69_3.13.113_BUY_M15": 0.18326869006955118,
      "GBPUSD_74_6.52.179_SELL_M15": 0.24793623979706267,
      "NZDUSD_23_2.12.147_SELL_M15": 0.4088477137698495,
      "NZDUSD_24_4.41.120_SELL_M15": 0.3366228849149255,
      "NZDUSD_25_5.7.105_SELL_M15": 0.6530519376926279,
      "NZDUSD_26_2.6.180_SELL_M15": 1.0,
      "NZDUSD_27_6.16.107_SELL_M15": 0.3763907356539396,
      "NZDUSD_75_4.73.120_SELL_M15": 0.27216769549988107,
      "NZDUSD_76_5.71.164_BUY_M15": -0.14897725093009181,
      "US500.cash_28_3.8.114_BUY_M15": -0.0931644326692727,
      "US500.cash_29_3.32.156_BUY_M15": -0.05013326240085784,
      "USDCAD_30_2.34.141_BUY_M15": 0.2353906002863337,
      "USDCAD_31_3.2.189_BUY_M15": 0.25588889328259695,
      "USDCAD_32_4.16.175_BUY_M15": 0.27959120511524915,
      "USDCAD_33_5.11.180_BUY_M15": 0.1820682725525157,
      "USDCAD_34_1.8.187_BUY_M15": 0.17787108595045778,
      "USDCAD_51_6.27.122_BUY_M15": 0.2360565552075342,
      "USDCAD_77_3.51.113_SELL_M15": -0.041913434974443775,
      "USDCHF_35_3.1.133_SELL_M15": -0.05988864034450146,
      "USDCHF_36_4.5.112_SELL_M15": 0.0851933982046334,
      "USDCHF_52_3.17.186_BOTH_M15": -0.06705002291341974,
      "USDCHF_53_6.47.153_BOTH_M15": 0.1512442066571988,
      "USDCHF_55_6.23.134_BUY_M15": 0.11376271165694248,
      "USDJPY_37_0.18430_BUY_M15": 0.11079540821450681,
      "USDJPY_38_1.35.168_BUY_M15": 0.12879280867028206,
      "USDJPY_39_6.27.190_BUY_M15": 0.1577833732336362,
      "USDJPY_40_2.4.138_BUY_M15": 0.11227113094276976,
      "USDJPY_41_2.5.172_BUY_M15": 0.1669915265229059,
      "USDJPY_57_4.8.181_BUY_M15": 0.2086670293334358,
      "USOIL.cash_42_1.25.121_BUY_M15": 0.02724754420490432,
      "USOIL.cash_43_5.11.112_BUY_M15": -0.01080323144996089,
      "USOIL.cash_44_6.17.127_BUY_M15": -0.03101910655526649,
      "USOIL.cash_54_4.18.190_BOTH_M15": -0.03101910655526649,
      "XAUUSD_45_2.13.130_BUY_M15": -0.07428856178511489,
      "XAUUSD_58_5.6.136_BUY_M15": -0.07639767593131931
    },
    "drawdown_correlation_row": {
      "AUDJPY_1_3.14.146_BUY_M15": -0.042570120560672414,
      "AUDJPY_2_5.20.109_BUY_M15": 0.04818383885947175,
      "AUDJPY_3_3.19_BUY_M15": 0.19927256333983914,
      "AUDJPY_46_3.50.181_BUY_M15": -0.3788200598469357,
      "AUDJPY_47_6.30.171_BOTH_M15": -0.1180244102982469,
      "AUDJPY_56_1.14.109_BUY_M15": 0.16025079160677783,
      "AUDJPY_78_3.7.108_BUY_M15": 0.1933109337407338,
      "AUDUSD_48_5.8.189_SELL_M15": 0.25402680085056917,
      "AUDUSD_4_3.27.109_SELL_M15": 0.5352487933114066,
      "AUDUSD_5_6.3.178_SELL_M15": 0.3246690128464692,
      "AUDUSD_60_1.31.145_SELL_M15": 0.5539648394482771,
      "AUDUSD_61_6.25.174_SELL_M15": -0.05700366498290749,
      "AUDUSD_6_5.9.126_SELL_M15": 0.3330471405861518,
      "EURGBP_10_5.21.111_SELL_M15": 0.26406742371077396,
      "EURGBP_49_2.36.141_BOTH_M15": -0.10016823852644005,
      "EURGBP_62_3.31.132_BUY_M15": 0.43888731350590376,
      "EURGBP_63_4.21.189_SELL_M15": 0.0032679193356785294,
      "EURGBP_70_2.27.108_SELL_M15": 0.20056838091452323,
      "EURGBP_7_3.16.177_SELL_M15": -0.03644847575056465,
      "EURGBP_8_6.1.186_SELL_M15": 0.14342442723343315,
      "EURGBP_9_5.2.127_SELL_M15": 0.024190636876541702,
      "EURUSD_11_1.42.105_SELL_M15": 0.09318420892782615,
      "EURUSD_12_3.47.124_BUY_M15": 0.32198649662691436,
      "EURUSD_13_6.46.178_BUY_M15": 0.13485985724637511,
      "EURUSD_14_5.6.167_BUY_M15": -0.09567452834938607,
      "EURUSD_18_6.6.111_SELL_M15": 0.30917033226517426,
      "EURUSD_59_2.34.129_SELL_M15": 0.28693703813630766,
      "EURUSD_64_4.34.165_BUY_M15": -0.12002362466193564,
      "EURUSD_71_5.30.159_SELL_M15": 0.018934900495103008,
      "EURUSD_72_5.42.127_SELL_M15": -0.44812711887556517,
      "EURUSD_73_5.43.181_SELL_M15": 0.04442967316686877,
      "GBPJPY_50_5.35.116_BUY_M15": -0.23717837960134977,
      "GBPJPY_65_2.14.157_BUY_M15": -0.13932998245727932,
      "GBPJPY_66_4.17.131_BOTH_M15": 0.04000544230137732,
      "GBPJPY_67_4.19.99_BOTH_M15": -0.1159676941590391,
      "GBPUSD_19_0.13205_BUY_M15": 0.17698552962893474,
      "GBPUSD_20_1.32.126_BUY_M15": -0.02651682128806223,
      "GBPUSD_21_3.3.167_BUY_M15": -0.49288054983209917,
      "GBPUSD_22_6.11.100_SELL_M15": -0.040030974216159594,
      "GBPUSD_69_3.13.113_BUY_M15": -0.12297570238666049,
      "GBPUSD_74_6.52.179_SELL_M15": 0.2728763505737862,
      "NZDUSD_23_2.12.147_SELL_M15": 0.22905300392829933,
      "NZDUSD_24_4.41.120_SELL_M15": -0.003730912241691909,
      "NZDUSD_25_5.7.105_SELL_M15": 0.6361286459696266,
      "NZDUSD_26_2.6.180_SELL_M15": 1.0,
      "NZDUSD_27_6.16.107_SELL_M15": 0.6172324059772236,
      "NZDUSD_75_4.73.120_SELL_M15": 0.24608439337030635,
      "NZDUSD_76_5.71.164_BUY_M15": 0.006021409715311364,