{
  "strategy_id": "NZDUSD_76_5.71.164_BUY_M15",
  "summary": {
    "strategy_id": "NZDUSD_76_5.71.164_BUY_M15",
    "symbol_count": 1,
    "side_mix": null,
    "trade_count": 546,
    "avg_return_correlation": -0.01871147874718844,
    "max_return_correlation": 0.2176101568371057,
    "avg_drawdown_correlation": 0.02974996191559621,
    "max_drawdown_correlation": 0.5462452629853939,
    "avg_stress_overlap": 0.058711724461100685,
    "max_stress_overlap": 0.15639810426540285,
    "avg_symbol_overlap": 0.0821917808219178,
    "max_symbol_overlap": 1.0,
    "avg_side_overlap": 0.821917808219178,
    "max_side_overlap": 1.0,
    "correlation_penalty": 0.024230720331392324,
    "marginal_dd_contribution": 1.4317512032580595,
    "diversification_score": 0.93819242718901,
    "portfolio_fit_score": 0.7191678011546678,
    "cluster_membership": "CLUSTER_40"
  },
  "peer_snapshot": {
    "return_correlation_row": {
      "AUDJPY_1_3.14.146_BUY_M15": 0.12325226407617541,
      "AUDJPY_2_5.20.109_BUY_M15": 0.05862513411941423,
      "AUDJPY_3_3.19_BUY_M15": 0.058004890555293065,
      "AUDJPY_46_3.50.181_BUY_M15": 0.05231159837745681,
      "AUDJPY_47_6.30.171_BOTH_M15": 0.03962631824121881,
      "AUDJPY_56_1.14.109_BUY_M15": 0.10189660632821444,
      "AUDJPY_78_3.7.108_BUY_M15": 0.06207880193454052,
      "AUDUSD_48_5.8.189_SELL_M15": -0.126773204169107,
      "AUDUSD_4_3.27.109_SELL_M15": -0.1129459609897324,
      "AUDUSD_5_6.3.178_SELL_M15": -0.1154234849819891,
      "AUDUSD_60_1.31.145_SELL_M15": -0.09153245906611915,
      "AUDUSD_61_6.25.174_SELL_M15": -0.05426539310134425,
      "AUDUSD_6_5.9.126_SELL_M15": -0.13631483023060317,
      "EURGBP_10_5.21.111_SELL_M15": 0.04722791072986771,
      "EURGBP_49_2.36.141_BOTH_M15": 0.055884168151798974,
      "EURGBP_62_3.31.132_BUY_M15": -0.02721633957098263,
      "EURGBP_63_4.21.189_SELL_M15": 0.03003856491921339,
      "EURGBP_70_2.27.108_SELL_M15": 0.06896480982487506,
      "EURGBP_7_3.16.177_SELL_M15": 0.035436628319825324,
      "EURGBP_8_6.1.186_SELL_M15": 0.054595701961425186,
      "EURGBP_9_5.2.127_SELL_M15": 0.053502696117409085,
      "EURUSD_11_1.42.105_SELL_M15": -0.03384202285376576,
      "EURUSD_12_3.47.124_BUY_M15": 0.1419496505777448,
      "EURUSD_13_6.46.178_BUY_M15": 0.08543071485330749,
      "EURUSD_14_5.6.167_BUY_M15": 0.12157026897399022,
      "EURUSD_18_6.6.111_SELL_M15": -0.10880141090208266,
      "EURUSD_59_2.34.129_SELL_M15": -0.13907848294218159,
      "EURUSD_64_4.34.165_BUY_M15": 0.15074104123641824,
      "EURUSD_71_5.30.159_SELL_M15": -0.09864362820278519,
      "EURUSD_72_5.42.127_SELL_M15": -0.07590422637093071,
      "EURUSD_73_5.43.181_SELL_M15": -0.08301806097773887,
      "GBPJPY_50_5.35.116_BUY_M15": 0.03531370565479392,
      "GBPJPY_65_2.14.157_BUY_M15": 0.021327763691447513,
      "GBPJPY_66_4.17.131_BOTH_M15": 0.05964560722156583,
      "GBPJPY_67_4.19.99_BOTH_M15": 0.068689037600544,
      "GBPUSD_19_0.13205_BUY_M15": 0.11048256059814787,
      "GBPUSD_20_1.32.126_BUY_M15": 0.04516264757458657,
      "GBPUSD_21_3.3.167_BUY_M15": 0.2176101568371057,
      "GBPUSD_22_6.11.100_SELL_M15": -0.04458175917972424,
      "GBPUSD_69_3.13.113_BUY_M15": -0.051596872314424086,
      "GBPUSD_74_6.52.179_SELL_M15": -0.09834228812313171,
      "NZDUSD_23_2.12.147_SELL_M15": -0.030805626436142968,
      "NZDUSD_24_4.41.120_SELL_M15": -0.07963899279226458,
      "NZDUSD_25_5.7.105_SELL_M15": -0.130831645381491,
      "NZDUSD_26_2.6.180_SELL_M15": -0.14897725093009181,
      "NZDUSD_27_6.16.107_SELL_M15": -0.1114697480934987,
      "NZDUSD_75_4.73.120_SELL_M15": -0.05611416212161706,
      "NZDUSD_76_5.71.164_BUY_M15": 1.0,
      "US500.cash_28_3.8.114_BUY_M15": 0.03684004311799646,
      "US500.cash_29_3.32.156_BUY_M15": 0.01240409853503637,
      "USDCAD_30_2.34.141_BUY_M15": -0.05085250520229523,
      "USDCAD_31_3.2.189_BUY_M15": -0.10158293858183245,
      "USDCAD_32_4.16.175_BUY_M15": -0.07533222710478853,
      "USDCAD_33_5.11.180_BUY_M15": -0.11294247591420732,
      "USDCAD_34_1.8.187_BUY_M15": -0.10794342944769872,
      "USDCAD_51_6.27.122_BUY_M15": -0.1163462116710605,
      "USDCAD_77_3.51.113_SELL_M15": 0.1729520330085817,
      "USDCHF_35_3.1.133_SELL_M15": 0.023759029169061557,
      "USDCHF_36_4.5.112_SELL_M15": -0.07794814583181407,
      "USDCHF_52_3.17.186_BOTH_M15": 0.0016977871107088237,
      "USDCHF_53_6.47.153_BOTH_M15": -0.10671202345505823,
      "USDCHF_55_6.23.134_BUY_M15": -0.0783618718080622,
      "USDJPY_37_0.18430_BUY_M15": -0.09997762091014392,
      "USDJPY_38_1.35.168_BUY_M15": -0.08091519041906405,
      "USDJPY_39_6.27.190_BUY_M15": -0.17554474629166023,
      "USDJPY_40_2.4.138_BUY_M15": -0.1336201157313642,
      "USDJPY_41_2.5.172_BUY_M15": -0.1631945712792456,
      "USDJPY_57_4.8.181_BUY_M15": -0.1435376039621907,
      "USOIL.cash_42_1.25.121_BUY_M15": 0.01825335089583798,
      "USOIL.cash_43_5.11.112_BUY_M15": -0.005442569818636247,
      "USOIL.cash_44_6.17.127_BUY_M15": -0.007084501290371851,
      "USOIL.cash_54_4.18.190_BOTH_M15": -0.007084501290371851,
      "XAUUSD_45_2.13.130_BUY_M15": 0.0642677455724139,
      "XAUUSD_58_5.6.136_BUY_M15": 0.00505981531084137
    },
    "drawdown_correlation_row": {
      "AUDJPY_1_3.14.146_BUY_M15": 0.32412346168789335,
      "AUDJPY_2_5.20.109_BUY_M15": 0.3649113781733858,
      "AUDJPY_3_3.19_BUY_M15": 0.11615425989296681,
      "AUDJPY_46_3.50.181_BUY_M15": 0.12055210529931203,
      "AUDJPY_47_6.30.171_BOTH_M15": 0.03998929443813685,
      "AUDJPY_56_1.14.109_BUY_M15": 0.19928415102959635,
      "AUDJPY_78_3.7.108_BUY_M15": 0.11763527061754618,
      "AUDUSD_48_5.8.189_SELL_M15": -0.3041874679332651,
      "AUDUSD_4_3.27.109_SELL_M15": -0.15010016265320258,
      "AUDUSD_5_6.3.178_SELL_M15": -0.3672095975372547,
      "AUDUSD_60_1.31.145_SELL_M15": -0.1406035516134571,
      "AUDUSD_61_6.25.174_SELL_M15": -0.009037043030037398,
      "AUDUSD_6_5.9.126_SELL_M15": 0.24690864439975635,
      "EURGBP_10_5.21.111_SELL_M15": 0.03489054536757105,
      "EURGBP_49_2.36.141_BOTH_M15": -0.32154340978691165,
      "EURGBP_62_3.31.132_BUY_M15": 0.35834433229519463,
      "EURGBP_63_4.21.189_SELL_M15": 0.2444523158546003,
      "EURGBP_70_2.27.108_SELL_M15": -0.36416700768635324,
      "EURGBP_7_3.16.177_SELL_M15": 0.5462452629853939,
      "EURGBP_8_6.1.186_SELL_M15": 0.13372519440476635,
      "EURGBP_9_5.2.127_SELL_M15": -0.16866113521709072,
      "EURUSD_11_1.42.105_SELL_M15": -0.37866962391555004,
      "EURUSD_12_3.47.124_BUY_M15": 0.3183008935104051,
      "EURUSD_13_6.46.178_BUY_M15": 0.39031684346897794,
      "EURUSD_14_5.6.167_BUY_M15": 0.05128798116012343,
      "EURUSD_18_6.6.111_SELL_M15": 0.0029965551456093823,
      "EURUSD_59_2.34.129_SELL_M15": -0.04162512002760291,
      "EURUSD_64_4.34.165_BUY_M15": -0.3561836621472279,
      "EURUSD_71_5.30.159_SELL_M15": -0.3530256153583163,
      "EURUSD_72_5.42.127_SELL_M15": 0.22258152020850536,
      "EURUSD_73_5.43.181_SELL_M15": -0.19363762303151816,
      "GBPJPY_50_5.35.116_BUY_M15": -0.489320269586145,
      "GBPJPY_65_2.14.157_BUY_M15": -0.32696271966924284,
      "GBPJPY_66_4.17.131_BOTH_M15": -0.22328151252182218,
      "GBPJPY_67_4.19.99_BOTH_M15": -0.3633741555673133,
      "GBPUSD_19_0.13205_BUY_M15": 0.23628862917341154,
      "GBPUSD_20_1.32.126_BUY_M15": -0.38987558053331084,
      "GBPUSD_21_3.3.167_BUY_M15": 0.15539710944041304,
      "GBPUSD_22_6.11.100_SELL_M15": -0.20425022669421014,
      "GBPUSD_69_3.13.113_BUY_M15": -0.2080438075594422,
      "GBPUSD_74_6.52.179_SELL_M15": 0.0548799903073249,
      "NZDUSD_23_2.12.147_SELL_M15": 0.19763039715614678,
      "NZDUSD_24_4.41.120_SELL_M15": -0.13580214766841997,
      "NZDUSD_25_5.7.105_SELL_M15": -0.03968777255904989,
      "NZDUSD_26_2.6.180_SELL_M15": 0.006021409715311364,
      "NZDUSD_27_6.16.107_SELL_M15": 0.4846666133193697,
      "NZDUSD_75_4.73.120_SELL_M15": 0.20736463674827837,
      "NZDUSD_76_5.71.164_BUY_M15": 1.0,