{
  "strategy_id": "NZDUSD_24_4.41.120_SELL_M15",
  "summary": {
    "strategy_id": "NZDUSD_24_4.41.120_SELL_M15",
    "symbol_count": 1,
    "side_mix": null,
    "trade_count": 639,
    "avg_return_correlation": 0.03843266015909787,
    "max_return_correlation": 0.3366228849149255,
    "avg_drawdown_correlation": 0.04967304615411414,
    "max_drawdown_correlation": 0.49767995277927934,
    "avg_stress_overlap": 0.07355078118003558,
    "max_stress_overlap": 0.178743961352657,
    "avg_symbol_overlap": 0.0821917808219178,
    "max_symbol_overlap": 1.0,
    "avg_side_overlap": 0.821917808219178,
    "max_side_overlap": 1.0,
    "correlation_penalty": 0.044052853156606,
    "marginal_dd_contribution": -0.6915364679748279,
    "diversification_score": 0.9228323213530792,
    "portfolio_fit_score": 0.7113815838531409,
    "cluster_membership": "CLUSTER_36"
  },
  "peer_snapshot": {
    "return_correlation_row": {
      "AUDJPY_1_3.14.146_BUY_M15": 0.020984498342091883,
      "AUDJPY_2_5.20.109_BUY_M15": -0.04629396234530711,
      "AUDJPY_3_3.19_BUY_M15": -0.03735414401973113,
      "AUDJPY_46_3.50.181_BUY_M15": -0.00011689526459452211,
      "AUDJPY_47_6.30.171_BOTH_M15": -0.0058262191413387876,
      "AUDJPY_56_1.14.109_BUY_M15": -0.05963746451533942,
      "AUDJPY_78_3.7.108_BUY_M15": -0.037742090138014696,
      "AUDUSD_48_5.8.189_SELL_M15": 0.12338868498413659,
      "AUDUSD_4_3.27.109_SELL_M15": 0.14425389818529333,
      "AUDUSD_5_6.3.178_SELL_M15": 0.20940102673501793,
      "AUDUSD_60_1.31.145_SELL_M15": 0.11903168073551548,
      "AUDUSD_61_6.25.174_SELL_M15": 0.08087011268433433,
      "AUDUSD_6_5.9.126_SELL_M15": 0.1953659183804208,
      "EURGBP_10_5.21.111_SELL_M15": -0.006043451083746305,
      "EURGBP_49_2.36.141_BOTH_M15": -0.022500543541351083,
      "EURGBP_62_3.31.132_BUY_M15": 0.039700406116205546,
      "EURGBP_63_4.21.189_SELL_M15": -0.027527007753968012,
      "EURGBP_70_2.27.108_SELL_M15": -0.01968452587222774,
      "EURGBP_7_3.16.177_SELL_M15": -0.024600045932136286,
      "EURGBP_8_6.1.186_SELL_M15": -0.02426863492162017,
      "EURGBP_9_5.2.127_SELL_M15": 0.009193094558165315,
      "EURUSD_11_1.42.105_SELL_M15": 0.10142995749379659,
      "EURUSD_12_3.47.124_BUY_M15": -0.017789846367006087,
      "EURUSD_13_6.46.178_BUY_M15": -0.06097236861344992,
      "EURUSD_14_5.6.167_BUY_M15": -0.055303497264673894,
      "EURUSD_18_6.6.111_SELL_M15": 0.09620047572940421,
      "EURUSD_59_2.34.129_SELL_M15": 0.06201898806350712,
      "EURUSD_64_4.34.165_BUY_M15": -0.02935695280968676,
      "EURUSD_71_5.30.159_SELL_M15": 0.047006313413444974,
      "EURUSD_72_5.42.127_SELL_M15": 0.04634230392153411,
      "EURUSD_73_5.43.181_SELL_M15": 0.040227868583581204,
      "GBPJPY_50_5.35.116_BUY_M15": -0.02575291687420099,
      "GBPJPY_65_2.14.157_BUY_M15": -0.043953952564712774,
      "GBPJPY_66_4.17.131_BOTH_M15": -0.02972562037252985,
      "GBPJPY_67_4.19.99_BOTH_M15": -0.004778065025780931,
      "GBPUSD_19_0.13205_BUY_M15": 0.015108043590749373,
      "GBPUSD_20_1.32.126_BUY_M15": -0.076815593073521,
      "GBPUSD_21_3.3.167_BUY_M15": -0.059980149218269815,
      "GBPUSD_22_6.11.100_SELL_M15": 0.011285778533673727,
      "GBPUSD_69_3.13.113_BUY_M15": 0.05988193564308467,
      "GBPUSD_74_6.52.179_SELL_M15": 0.05892546823032312,
      "NZDUSD_23_2.12.147_SELL_M15": 0.2773608061420775,
      "NZDUSD_24_4.41.120_SELL_M15": 1.0,
      "NZDUSD_25_5.7.105_SELL_M15": 0.26761814487978824,
      "NZDUSD_26_2.6.180_SELL_M15": 0.3366228849149255,
      "NZDUSD_27_6.16.107_SELL_M15": 0.17775528276115252,
      "NZDUSD_75_4.73.120_SELL_M15": 0.13605569959707187,
      "NZDUSD_76_5.71.164_BUY_M15": -0.07963899279226458,
      "US500.cash_28_3.8.114_BUY_M15": -0.015639376650686376,
      "US500.cash_29_3.32.156_BUY_M15": -0.0151321534996849,
      "USDCAD_30_2.34.141_BUY_M15": 0.086581468425343,
      "USDCAD_31_3.2.189_BUY_M15": 0.11212950632727026,
      "USDCAD_32_4.16.175_BUY_M15": 0.07791693837645242,
      "USDCAD_33_5.11.180_BUY_M15": 0.0620772069735408,
      "USDCAD_34_1.8.187_BUY_M15": 0.1315612039312635,
      "USDCAD_51_6.27.122_BUY_M15": 0.06581738169830655,
      "USDCAD_77_3.51.113_SELL_M15": -0.03930365313315114,
      "USDCHF_35_3.1.133_SELL_M15": -0.010959636411338857,
      "USDCHF_36_4.5.112_SELL_M15": 0.03513332649172551,
      "USDCHF_52_3.17.186_BOTH_M15": -0.0030778190335602096,
      "USDCHF_53_6.47.153_BOTH_M15": 0.07389745461471448,
      "USDCHF_55_6.23.134_BUY_M15": 0.01581492462132884,
      "USDJPY_37_0.18430_BUY_M15": 0.06569888710705171,
      "USDJPY_38_1.35.168_BUY_M15": 0.039652585337792624,
      "USDJPY_39_6.27.190_BUY_M15": 0.08503623014347339,
      "USDJPY_40_2.4.138_BUY_M15": 0.07883713276382534,
      "USDJPY_41_2.5.172_BUY_M15": 0.062486974796473735,
      "USDJPY_57_4.8.181_BUY_M15": 0.0761589472873116,
      "USOIL.cash_42_1.25.121_BUY_M15": 0.02080476071242656,
      "USOIL.cash_43_5.11.112_BUY_M15": 0.01992311965623805,
      "USOIL.cash_44_6.17.127_BUY_M15": -0.020287971107857187,
      "USOIL.cash_54_4.18.190_BOTH_M15": -0.020287971107857187,
      "XAUUSD_45_2.13.130_BUY_M15": -0.02088327085145715,
      "XAUUSD_58_5.6.136_BUY_M15": -0.038738338568625144
    },
    "drawdown_correlation_row": {
      "AUDJPY_1_3.14.146_BUY_M15": 0.18834126768951978,
      "AUDJPY_2_5.20.109_BUY_M15": -0.2448745618219643,
      "AUDJPY_3_3.19_BUY_M15": -0.19632412056639195,
      "AUDJPY_46_3.50.181_BUY_M15": 0.19706732631510454,
      "AUDJPY_47_6.30.171_BOTH_M15": 0.0004301067864835793,
      "AUDJPY_56_1.14.109_BUY_M15": -0.2714185658664673,
      "AUDJPY_78_3.7.108_BUY_M15": -0.209049059024172,
      "AUDUSD_48_5.8.189_SELL_M15": 0.017810105897857524,
      "AUDUSD_4_3.27.109_SELL_M15": 0.28594776119112414,
      "AUDUSD_5_6.3.178_SELL_M15": 0.4197878185515735,
      "AUDUSD_60_1.31.145_SELL_M15": 0.06536828653264173,
      "AUDUSD_61_6.25.174_SELL_M15": 0.18239481098272134,
      "AUDUSD_6_5.9.126_SELL_M15": 0.2003523727457468,
      "EURGBP_10_5.21.111_SELL_M15": 0.2756772499702674,
      "EURGBP_49_2.36.141_BOTH_M15": -0.07353922761696453,
      "EURGBP_62_3.31.132_BUY_M15": -0.1478111255802537,
      "EURGBP_63_4.21.189_SELL_M15": 0.011036954247360098,
      "EURGBP_70_2.27.108_SELL_M15": 0.009993606891005164,
      "EURGBP_7_3.16.177_SELL_M15": 0.34414314633386806,
      "EURGBP_8_6.1.186_SELL_M15": -0.0012638852375900906,
      "EURGBP_9_5.2.127_SELL_M15": 0.3585471424210352,
      "EURUSD_11_1.42.105_SELL_M15": 0.07869867167633746,
      "EURUSD_12_3.47.124_BUY_M15": 0.038789891819767275,
      "EURUSD_13_6.46.178_BUY_M15": -0.3245372314602116,
      "EURUSD_14_5.6.167_BUY_M15": 0.19752958260283118,
      "EURUSD_18_6.6.111_SELL_M15": -0.19769786363893996,
      "EURUSD_59_2.34.129_SELL_M15": -0.07546723013444055,
      "EURUSD_64_4.34.165_BUY_M15": -0.13092036828794726,
      "EURUSD_71_5.30.159_SELL_M15": 0.1206226008804094,
      "EURUSD_72_5.42.127_SELL_M15": 0.24026661716452935,
      "EURUSD_73_5.43.181_SELL_M15": -0.1941712122162651,
      "GBPJPY_50_5.35.116_BUY_M15": 0.017163381999202646,
      "GBPJPY_65_2.14.157_BUY_M15": 0.04961322101225024,
      "GBPJPY_66_4.17.131_BOTH_M15": -0.18699103388977126,
      "GBPJPY_67_4.19.99_BOTH_M15": -0.08201042476352063,
      "GBPUSD_19_0.13205_BUY_M15": 0.21164060924202174,
      "GBPUSD_20_1.32.126_BUY_M15": 0.2307150883306616,
      "GBPUSD_21_3.3.167_BUY_M15": 0.3788146613965733,
      "GBPUSD_22_6.11.100_SELL_M15": 0.37987216899190723,
      "GBPUSD_69_3.13.113_BUY_M15": -0.09676819317234084,
      "GBPUSD_74_6.52.179_SELL_M15": -0.12606197397580957,
      "NZDUSD_23_2.12.147_SELL_M15": 0.16081469140240495,
      "NZDUSD_24_4.41.120_SELL_M15": 1.0,
      "NZDUSD_25_5.7.105_SELL_M15": 0.3125995980569796,
      "NZDUSD_26_2.6.180_SELL_M15": -0.003730912241691909,
      "NZDUSD_27_6.16.107_SELL_M15": 0.05487705958283502,
      "NZDUSD_75_4.73.120_SELL_M15": -0.09270777880501818,
      "NZDUSD_76_5.71.164_BUY_M15": -0.13580214766841997,