{
  "strategy_id": "NZDUSD_23_2.12.147_SELL_M15",
  "summary": {
    "strategy_id": "NZDUSD_23_2.12.147_SELL_M15",
    "symbol_count": 1,
    "side_mix": null,
    "trade_count": 517,
    "avg_return_correlation": 0.05396763337182066,
    "max_return_correlation": 0.4088477137698495,
    "avg_drawdown_correlation": 0.06606508114294875,
    "max_drawdown_correlation": 0.49812320425499046,
    "avg_stress_overlap": 0.06783956133450204,
    "max_stress_overlap": 0.1902439024390244,
    "avg_symbol_overlap": 0.0821917808219178,
    "max_symbol_overlap": 1.0,
    "avg_side_overlap": 0.821917808219178,
    "max_side_overlap": 1.0,
    "correlation_penalty": 0.0600163572573847,
    "marginal_dd_contribution": -0.5778378378377909,
    "diversification_score": 0.9184662087454396,
    "portfolio_fit_score": 0.7092042124808279,
    "cluster_membership": "CLUSTER_35"
  },
  "peer_snapshot": {
    "return_correlation_row": {
      "AUDJPY_1_3.14.146_BUY_M15": -0.0492362944247183,
      "AUDJPY_2_5.20.109_BUY_M15": -0.0964763424124914,
      "AUDJPY_3_3.19_BUY_M15": -0.07675107969343946,
      "AUDJPY_46_3.50.181_BUY_M15": -0.060923478576499955,
      "AUDJPY_47_6.30.171_BOTH_M15": -0.0872595636455769,
      "AUDJPY_56_1.14.109_BUY_M15": -0.08860647304093816,
      "AUDJPY_78_3.7.108_BUY_M15": -0.08326940406165671,
      "AUDUSD_48_5.8.189_SELL_M15": 0.18893752360157764,
      "AUDUSD_4_3.27.109_SELL_M15": 0.16969191364119923,
      "AUDUSD_5_6.3.178_SELL_M15": 0.199663054218358,
      "AUDUSD_60_1.31.145_SELL_M15": 0.13879383443293128,
      "AUDUSD_61_6.25.174_SELL_M15": 0.1117820020030429,
      "AUDUSD_6_5.9.126_SELL_M15": 0.1269548025235866,
      "EURGBP_10_5.21.111_SELL_M15": 0.01834934593665403,
      "EURGBP_49_2.36.141_BOTH_M15": -0.0015526071619711723,
      "EURGBP_62_3.31.132_BUY_M15": -0.009751092239412638,
      "EURGBP_63_4.21.189_SELL_M15": 0.0034918179650643374,
      "EURGBP_70_2.27.108_SELL_M15": -0.013813801422787894,
      "EURGBP_7_3.16.177_SELL_M15": 0.036129328501652846,
      "EURGBP_8_6.1.186_SELL_M15": -0.010973527774183197,
      "EURGBP_9_5.2.127_SELL_M15": 0.0028859545801579673,
      "EURUSD_11_1.42.105_SELL_M15": 0.08709227956503943,
      "EURUSD_12_3.47.124_BUY_M15": -0.061580522329621266,
      "EURUSD_13_6.46.178_BUY_M15": -0.02516749889991194,
      "EURUSD_14_5.6.167_BUY_M15": -0.07114091460882208,
      "EURUSD_18_6.6.111_SELL_M15": 0.1319666390097755,
      "EURUSD_59_2.34.129_SELL_M15": 0.17879036928814512,
      "EURUSD_64_4.34.165_BUY_M15": -0.015620274443576289,
      "EURUSD_71_5.30.159_SELL_M15": 0.10987803050594334,
      "EURUSD_72_5.42.127_SELL_M15": 0.16764318380593518,
      "EURUSD_73_5.43.181_SELL_M15": 0.15814275589385635,
      "GBPJPY_50_5.35.116_BUY_M15": -0.0331613694802645,
      "GBPJPY_65_2.14.157_BUY_M15": -0.04778014490329341,
      "GBPJPY_66_4.17.131_BOTH_M15": -0.08032081729243389,
      "GBPJPY_67_4.19.99_BOTH_M15": -0.05322622137616736,
      "GBPUSD_19_0.13205_BUY_M15": -0.08097594494134333,
      "GBPUSD_20_1.32.126_BUY_M15": -0.06636782425610083,
      "GBPUSD_21_3.3.167_BUY_M15": -0.10969970191127644,
      "GBPUSD_22_6.11.100_SELL_M15": 0.032035408297467316,
      "GBPUSD_69_3.13.113_BUY_M15": 0.10169113446388613,
      "GBPUSD_74_6.52.179_SELL_M15": 0.14056550479129892,
      "NZDUSD_23_2.12.147_SELL_M15": 1.0,
      "NZDUSD_24_4.41.120_SELL_M15": 0.2773608061420775,
      "NZDUSD_25_5.7.105_SELL_M15": 0.38416099539602333,
      "NZDUSD_26_2.6.180_SELL_M15": 0.4088477137698495,
      "NZDUSD_27_6.16.107_SELL_M15": 0.22441282910510463,
      "NZDUSD_75_4.73.120_SELL_M15": 0.21190733824864777,
      "NZDUSD_76_5.71.164_BUY_M15": -0.030805626436142968,
      "US500.cash_28_3.8.114_BUY_M15": -0.0356685449163724,
      "US500.cash_29_3.32.156_BUY_M15": 0.005117868631015883,
      "USDCAD_30_2.34.141_BUY_M15": 0.13818264483593215,
      "USDCAD_31_3.2.189_BUY_M15": 0.18473698950458278,
      "USDCAD_32_4.16.175_BUY_M15": 0.18916222189911458,
      "USDCAD_33_5.11.180_BUY_M15": 0.12919867662854034,
      "USDCAD_34_1.8.187_BUY_M15": 0.13787636026885067,
      "USDCAD_51_6.27.122_BUY_M15": 0.14032645863796628,
      "USDCAD_77_3.51.113_SELL_M15": -0.06249661075891586,
      "USDCHF_35_3.1.133_SELL_M15": -0.005456673026167744,
      "USDCHF_36_4.5.112_SELL_M15": 0.10178064995280893,
      "USDCHF_52_3.17.186_BOTH_M15": -0.03960116949383054,
      "USDCHF_53_6.47.153_BOTH_M15": 0.17668619348512948,
      "USDCHF_55_6.23.134_BUY_M15": 0.08555435976330664,
      "USDJPY_37_0.18430_BUY_M15": 0.0471880409270832,
      "USDJPY_38_1.35.168_BUY_M15": 0.047953349123127036,
      "USDJPY_39_6.27.190_BUY_M15": 0.06755729830074224,
      "USDJPY_40_2.4.138_BUY_M15": 0.07675914553588797,
      "USDJPY_41_2.5.172_BUY_M15": 0.07289206078055023,
      "USDJPY_57_4.8.181_BUY_M15": 0.08654388216781539,
      "USOIL.cash_42_1.25.121_BUY_M15": 0.040783720273791464,
      "USOIL.cash_43_5.11.112_BUY_M15": -0.006069843272054382,
      "USOIL.cash_44_6.17.127_BUY_M15": 0.0008882040343689642,
      "USOIL.cash_54_4.18.190_BOTH_M15": 0.0008882040343689642,
      "XAUUSD_45_2.13.130_BUY_M15": -0.007962576158599943,
      "XAUUSD_58_5.6.136_BUY_M15": 0.01010228462922091
    },
    "drawdown_correlation_row": {
      "AUDJPY_1_3.14.146_BUY_M15": 0.08054026471825838,
      "AUDJPY_2_5.20.109_BUY_M15": 0.04164279769391145,
      "AUDJPY_3_3.19_BUY_M15": -0.14635934723840138,
      "AUDJPY_46_3.50.181_BUY_M15": 0.08919636261606649,
      "AUDJPY_47_6.30.171_BOTH_M15": -0.23994605244470227,
      "AUDJPY_56_1.14.109_BUY_M15": 0.020037037961961577,
      "AUDJPY_78_3.7.108_BUY_M15": -0.14569228058613734,
      "AUDUSD_48_5.8.189_SELL_M15": 0.03592411588878915,
      "AUDUSD_4_3.27.109_SELL_M15": 0.38744660554768706,
      "AUDUSD_5_6.3.178_SELL_M15": 0.21088946092427852,
      "AUDUSD_60_1.31.145_SELL_M15": 0.3614012838459594,
      "AUDUSD_61_6.25.174_SELL_M15": 0.09453112269589466,
      "AUDUSD_6_5.9.126_SELL_M15": 0.06847515825008402,
      "EURGBP_10_5.21.111_SELL_M15": -0.01117286802727214,
      "EURGBP_49_2.36.141_BOTH_M15": -0.27650376291644196,
      "EURGBP_62_3.31.132_BUY_M15": 0.17621805732628107,
      "EURGBP_63_4.21.189_SELL_M15": -0.06386398462542645,
      "EURGBP_70_2.27.108_SELL_M15": 0.1070218351439641,
      "EURGBP_7_3.16.177_SELL_M15": 0.330364196884774,
      "EURGBP_8_6.1.186_SELL_M15": -0.2226292820150229,
      "EURGBP_9_5.2.127_SELL_M15": -0.2609296431088443,
      "EURUSD_11_1.42.105_SELL_M15": -0.06424455940240817,
      "EURUSD_12_3.47.124_BUY_M15": 0.11331167134445058,
      "EURUSD_13_6.46.178_BUY_M15": 0.15809754078295926,
      "EURUSD_14_5.6.167_BUY_M15": -0.0030245321396390598,
      "EURUSD_18_6.6.111_SELL_M15": 0.0346290815920934,
      "EURUSD_59_2.34.129_SELL_M15": 0.22940358576787448,
      "EURUSD_64_4.34.165_BUY_M15": -0.15298658362367512,
      "EURUSD_71_5.30.159_SELL_M15": 0.3863754216156478,
      "EURUSD_72_5.42.127_SELL_M15": 0.331406980958602,
      "EURUSD_73_5.43.181_SELL_M15": 0.1755893604785299,
      "GBPJPY_50_5.35.116_BUY_M15": -0.18664073857380803,
      "GBPJPY_65_2.14.157_BUY_M15": 0.11287391017984778,
      "GBPJPY_66_4.17.131_BOTH_M15": 0.09506683015418474,
      "GBPJPY_67_4.19.99_BOTH_M15": 0.02489787687310239,
      "GBPUSD_19_0.13205_BUY_M15": -0.13950806015165668,
      "GBPUSD_20_1.32.126_BUY_M15": -0.28033603265013146,
      "GBPUSD_21_3.3.167_BUY_M15": -0.11706202557038699,
      "GBPUSD_22_6.11.100_SELL_M15": 0.11995428688113903,
      "GBPUSD_69_3.13.113_BUY_M15": -0.21432519424780927,
      "GBPUSD_74_6.52.179_SELL_M15": 0.17333354257026692,
      "NZDUSD_23_2.12.147_SELL_M15": 1.0,
      "NZDUSD_24_4.41.120_SELL_M15": 0.16081469140240495,
      "NZDUSD_25_5.7.105_SELL_M15": 0.14810617250289773,
      "NZDUSD_26_2.6.180_SELL_M15": 0.22905300392829933,
      "NZDUSD_27_6.16.107_SELL_M15": 0.2315373718674061,
      "NZDUSD_75_4.73.120_SELL_M15": 0.49812320425499046,
      "NZDUSD_76_5.71.164_BUY_M15": 0.19763039715614678,