{
  "strategy_id": "NZDUSD_75_4.73.120_SELL_M15",
  "summary": {
    "strategy_id": "NZDUSD_75_4.73.120_SELL_M15",
    "symbol_count": 1,
    "side_mix": null,
    "trade_count": 560,
    "avg_return_correlation": 0.04809552527451683,
    "max_return_correlation": 0.27216769549988107,
    "avg_drawdown_correlation": 0.08165935763142997,
    "max_drawdown_correlation": 0.49812320425499046,
    "avg_stress_overlap": 0.08975808891500552,
    "max_stress_overlap": 0.26424870466321243,
    "avg_symbol_overlap": 0.0821917808219178,
    "max_symbol_overlap": 1.0,
    "avg_side_overlap": 0.821917808219178,
    "max_side_overlap": 1.0,
    "correlation_penalty": 0.0648774414529734,
    "marginal_dd_contribution": -0.026467974824129215,
    "diversification_score": 0.9113344667529063,
    "portfolio_fit_score": 0.705665909977712,
    "cluster_membership": "CLUSTER_39"
  },
  "peer_snapshot": {
    "return_correlation_row": {
      "AUDJPY_1_3.14.146_BUY_M15": -0.06252702741682303,
      "AUDJPY_2_5.20.109_BUY_M15": -0.058581750544228,
      "AUDJPY_3_3.19_BUY_M15": -0.08400023430725259,
      "AUDJPY_46_3.50.181_BUY_M15": -0.05261635600145503,
      "AUDJPY_47_6.30.171_BOTH_M15": -0.0252019196870059,
      "AUDJPY_56_1.14.109_BUY_M15": -0.07171297184750387,
      "AUDJPY_78_3.7.108_BUY_M15": -0.08238746865179612,
      "AUDUSD_48_5.8.189_SELL_M15": 0.259779376274431,
      "AUDUSD_4_3.27.109_SELL_M15": 0.2279295526020388,
      "AUDUSD_5_6.3.178_SELL_M15": 0.2603167350481725,
      "AUDUSD_60_1.31.145_SELL_M15": 0.19314152719219052,
      "AUDUSD_61_6.25.174_SELL_M15": 0.1557003292551044,
      "AUDUSD_6_5.9.126_SELL_M15": 0.19187009737994182,
      "EURGBP_10_5.21.111_SELL_M15": -0.028366257472801394,
      "EURGBP_49_2.36.141_BOTH_M15": -0.04870415317638732,
      "EURGBP_62_3.31.132_BUY_M15": 0.009038461404378513,
      "EURGBP_63_4.21.189_SELL_M15": 0.0003392798394300201,
      "EURGBP_70_2.27.108_SELL_M15": -0.027799036044795795,
      "EURGBP_7_3.16.177_SELL_M15": -0.034051125519491396,
      "EURGBP_8_6.1.186_SELL_M15": -0.04882476250657893,
      "EURGBP_9_5.2.127_SELL_M15": -0.05264146095614491,
      "EURUSD_11_1.42.105_SELL_M15": 0.05719978502325932,
      "EURUSD_12_3.47.124_BUY_M15": -0.07047228088653981,
      "EURUSD_13_6.46.178_BUY_M15": -0.06806505359347235,
      "EURUSD_14_5.6.167_BUY_M15": -0.08400569173013017,
      "EURUSD_18_6.6.111_SELL_M15": 0.16349727003017206,
      "EURUSD_59_2.34.129_SELL_M15": 0.1514709963525899,
      "EURUSD_64_4.34.165_BUY_M15": -0.02019862785489407,
      "EURUSD_71_5.30.159_SELL_M15": 0.17682554806609996,
      "EURUSD_72_5.42.127_SELL_M15": 0.11290182184792777,
      "EURUSD_73_5.43.181_SELL_M15": 0.14078442284995413,
      "GBPJPY_50_5.35.116_BUY_M15": -0.020592370425437344,
      "GBPJPY_65_2.14.157_BUY_M15": -0.06099183127034588,
      "GBPJPY_66_4.17.131_BOTH_M15": -0.050854849680145246,
      "GBPJPY_67_4.19.99_BOTH_M15": -0.04774653208423897,
      "GBPUSD_19_0.13205_BUY_M15": -0.07990122763988441,
      "GBPUSD_20_1.32.126_BUY_M15": -0.06724432388040259,
      "GBPUSD_21_3.3.167_BUY_M15": -0.17112057680183215,
      "GBPUSD_22_6.11.100_SELL_M15": 0.11180419206518681,
      "GBPUSD_69_3.13.113_BUY_M15": 0.09568220261188018,
      "GBPUSD_74_6.52.179_SELL_M15": 0.11625123754783008,
      "NZDUSD_23_2.12.147_SELL_M15": 0.21190733824864777,
      "NZDUSD_24_4.41.120_SELL_M15": 0.13605569959707187,
      "NZDUSD_25_5.7.105_SELL_M15": 0.23215825730946485,
      "NZDUSD_26_2.6.180_SELL_M15": 0.27216769549988107,
      "NZDUSD_27_6.16.107_SELL_M15": 0.26563262175887764,
      "NZDUSD_75_4.73.120_SELL_M15": 1.0,
      "NZDUSD_76_5.71.164_BUY_M15": -0.05611416212161706,
      "US500.cash_28_3.8.114_BUY_M15": -0.06799297667112825,
      "US500.cash_29_3.32.156_BUY_M15": -0.036576939772216426,
      "USDCAD_30_2.34.141_BUY_M15": 0.1340978315817674,
      "USDCAD_31_3.2.189_BUY_M15": 0.14780250665663444,
      "USDCAD_32_4.16.175_BUY_M15": 0.18862459486740166,
      "USDCAD_33_5.11.180_BUY_M15": 0.06803936650691284,
      "USDCAD_34_1.8.187_BUY_M15": 0.11921548329171454,
      "USDCAD_51_6.27.122_BUY_M15": 0.15253345938702628,
      "USDCAD_77_3.51.113_SELL_M15": 0.001571198165683283,
      "USDCHF_35_3.1.133_SELL_M15": -0.0419966831444593,
      "USDCHF_36_4.5.112_SELL_M15": 0.14394510595514262,
      "USDCHF_52_3.17.186_BOTH_M15": -0.048004289338620415,
      "USDCHF_53_6.47.153_BOTH_M15": 0.10034664026285249,
      "USDCHF_55_6.23.134_BUY_M15": 0.08864672011640538,
      "USDJPY_37_0.18430_BUY_M15": 0.04168079438454324,
      "USDJPY_38_1.35.168_BUY_M15": 0.04727041613084773,
      "USDJPY_39_6.27.190_BUY_M15": 0.10781498436255073,
      "USDJPY_40_2.4.138_BUY_M15": 0.04772183583032214,
      "USDJPY_41_2.5.172_BUY_M15": 0.0900966178561833,
      "USDJPY_57_4.8.181_BUY_M15": 0.09079842798807557,
      "USOIL.cash_42_1.25.121_BUY_M15": 0.08589000130878158,
      "USOIL.cash_43_5.11.112_BUY_M15": 0.0029852263528083465,
      "USOIL.cash_44_6.17.127_BUY_M15": 0.029334762159360116,
      "USOIL.cash_54_4.18.190_BOTH_M15": 0.029334762159360116,
      "XAUUSD_45_2.13.130_BUY_M15": -0.07353760525208475,
      "XAUUSD_58_5.6.136_BUY_M15": -0.006401291809462106
    },
    "drawdown_correlation_row": {
      "AUDJPY_1_3.14.146_BUY_M15": 0.00698635635820351,
      "AUDJPY_2_5.20.109_BUY_M15": 0.33173358898584476,
      "AUDJPY_3_3.19_BUY_M15": -0.0974052550582944,
      "AUDJPY_46_3.50.181_BUY_M15": -0.0352024956800208,
      "AUDJPY_47_6.30.171_BOTH_M15": -0.0808390522275611,
      "AUDJPY_56_1.14.109_BUY_M15": 0.1589697663941805,
      "AUDJPY_78_3.7.108_BUY_M15": -0.09359281230555186,
      "AUDUSD_48_5.8.189_SELL_M15": 0.27562563442619253,
      "AUDUSD_4_3.27.109_SELL_M15": 0.18564437287996638,
      "AUDUSD_5_6.3.178_SELL_M15": 0.14125800101197278,
      "AUDUSD_60_1.31.145_SELL_M15": 0.2585269458053809,
      "AUDUSD_61_6.25.174_SELL_M15": 0.2212935736689065,
      "AUDUSD_6_5.9.126_SELL_M15": -0.03888423328384996,
      "EURGBP_10_5.21.111_SELL_M15": -0.10912319382124183,
      "EURGBP_49_2.36.141_BOTH_M15": -0.018619105212680714,
      "EURGBP_62_3.31.132_BUY_M15": 0.30531033854687234,
      "EURGBP_63_4.21.189_SELL_M15": 0.08099957202430669,
      "EURGBP_70_2.27.108_SELL_M15": -0.022897280386431153,
      "EURGBP_7_3.16.177_SELL_M15": 0.06217411338676429,
      "EURGBP_8_6.1.186_SELL_M15": -0.13162069586851174,
      "EURGBP_9_5.2.127_SELL_M15": -0.3201885026695479,
      "EURUSD_11_1.42.105_SELL_M15": -0.12254465042355533,
      "EURUSD_12_3.47.124_BUY_M15": 0.3344989185026376,
      "EURUSD_13_6.46.178_BUY_M15": 0.37780451640767,
      "EURUSD_14_5.6.167_BUY_M15": -0.09642597536628415,
      "EURUSD_18_6.6.111_SELL_M15": -0.0676529210660502,
      "EURUSD_59_2.34.129_SELL_M15": 0.46630161517541907,
      "EURUSD_64_4.34.165_BUY_M15": 0.22767636108334202,
      "EURUSD_71_5.30.159_SELL_M15": 0.39083842821866377,
      "EURUSD_72_5.42.127_SELL_M15": 0.2254285053983306,
      "EURUSD_73_5.43.181_SELL_M15": 0.07409544783737797,
      "GBPJPY_50_5.35.116_BUY_M15": -0.09479528965009444,
      "GBPJPY_65_2.14.157_BUY_M15": -0.023812168150749602,
      "GBPJPY_66_4.17.131_BOTH_M15": 0.26231620664112515,
      "GBPJPY_67_4.19.99_BOTH_M15": 0.18984371314840826,
      "GBPUSD_19_0.13205_BUY_M15": 0.0951129585650041,
      "GBPUSD_20_1.32.126_BUY_M15": -0.2498184917120225,
      "GBPUSD_21_3.3.167_BUY_M15": -0.19033633519851456,
      "GBPUSD_22_6.11.100_SELL_M15": -0.04138816979844977,
      "GBPUSD_69_3.13.113_BUY_M15": -0.19531229249071036,
      "GBPUSD_74_6.52.179_SELL_M15": 0.030607184910505406,
      "NZDUSD_23_2.12.147_SELL_M15": 0.49812320425499046,
      "NZDUSD_24_4.41.120_SELL_M15": -0.09270777880501818,
      "NZDUSD_25_5.7.105_SELL_M15": 0.011831331776146077,
      "NZDUSD_26_2.6.180_SELL_M15": 0.24608439337030635,
      "NZDUSD_27_6.16.107_SELL_M15": 0.2825999394554319,
      "NZDUSD_75_4.73.120_SELL_M15": 1.0,
      "NZDUSD_76_5.71.164_BUY_M15": 0.20736463674827837,