{
  "strategy_id": "NZDUSD_27_6.16.107_SELL_M15",
  "summary": {
    "strategy_id": "NZDUSD_27_6.16.107_SELL_M15",
    "symbol_count": 1,
    "side_mix": null,
    "trade_count": 576,
    "avg_return_correlation": 0.05380291765635142,
    "max_return_correlation": 0.3763907356539396,
    "avg_drawdown_correlation": 0.10060993512800703,
    "max_drawdown_correlation": 0.6172324059772236,
    "avg_stress_overlap": 0.08168491477222216,
    "max_stress_overlap": 0.28272251308900526,
    "avg_symbol_overlap": 0.0821917808219178,
    "max_symbol_overlap": 1.0,
    "avg_side_overlap": 0.821917808219178,
    "max_side_overlap": 1.0,
    "correlation_penalty": 0.07720642639217923,
    "marginal_dd_contribution": 1.3707922991484764,
    "diversification_score": 0.9123859253133281,
    "portfolio_fit_score": 0.7062615022716214,
    "cluster_membership": "CLUSTER_38"
  },
  "peer_snapshot": {
    "return_correlation_row": {
      "AUDJPY_1_3.14.146_BUY_M15": -0.10972415262494101,
      "AUDJPY_2_5.20.109_BUY_M15": -0.09948100909149957,
      "AUDJPY_3_3.19_BUY_M15": -0.11131014232237746,
      "AUDJPY_46_3.50.181_BUY_M15": -0.12892738930699968,
      "AUDJPY_47_6.30.171_BOTH_M15": -0.08789368944183175,
      "AUDJPY_56_1.14.109_BUY_M15": -0.2038001542924947,
      "AUDJPY_78_3.7.108_BUY_M15": -0.11647524629116549,
      "AUDUSD_48_5.8.189_SELL_M15": 0.3004214467767919,
      "AUDUSD_4_3.27.109_SELL_M15": 0.28451634319187047,
      "AUDUSD_5_6.3.178_SELL_M15": 0.25541935674994914,
      "AUDUSD_60_1.31.145_SELL_M15": 0.176878835111938,
      "AUDUSD_61_6.25.174_SELL_M15": 0.16943160310884078,
      "AUDUSD_6_5.9.126_SELL_M15": 0.2566460214267756,
      "EURGBP_10_5.21.111_SELL_M15": -0.006935001060794526,
      "EURGBP_49_2.36.141_BOTH_M15": -0.043084422772885995,
      "EURGBP_62_3.31.132_BUY_M15": 0.02993644963140179,
      "EURGBP_63_4.21.189_SELL_M15": -0.004903221575531247,
      "EURGBP_70_2.27.108_SELL_M15": -0.002866713817002202,
      "EURGBP_7_3.16.177_SELL_M15": -0.012007936435515107,
      "EURGBP_8_6.1.186_SELL_M15": -0.06748780247942433,
      "EURGBP_9_5.2.127_SELL_M15": -0.06898975370932632,
      "EURUSD_11_1.42.105_SELL_M15": 0.06365111782226401,
      "EURUSD_12_3.47.124_BUY_M15": -0.039058095170651355,
      "EURUSD_13_6.46.178_BUY_M15": -0.09050334387475192,
      "EURUSD_14_5.6.167_BUY_M15": -0.0362757997962323,
      "EURUSD_18_6.6.111_SELL_M15": 0.18764841780719405,
      "EURUSD_59_2.34.129_SELL_M15": 0.17037030933049102,
      "EURUSD_64_4.34.165_BUY_M15": -0.04693054966156876,
      "EURUSD_71_5.30.159_SELL_M15": 0.1723401713215847,
      "EURUSD_72_5.42.127_SELL_M15": 0.17683361759668753,
      "EURUSD_73_5.43.181_SELL_M15": 0.15556972887152787,
      "GBPJPY_50_5.35.116_BUY_M15": -0.09305754554072779,
      "GBPJPY_65_2.14.157_BUY_M15": -0.08737917926021795,
      "GBPJPY_66_4.17.131_BOTH_M15": -0.051098996376845375,
      "GBPJPY_67_4.19.99_BOTH_M15": -0.06327221330602699,
      "GBPUSD_19_0.13205_BUY_M15": -0.09288785924230397,
      "GBPUSD_20_1.32.126_BUY_M15": -0.10249215983491558,
      "GBPUSD_21_3.3.167_BUY_M15": -0.19265074370788804,
      "GBPUSD_22_6.11.100_SELL_M15": 0.09060004620928024,
      "GBPUSD_69_3.13.113_BUY_M15": 0.1707242658164159,
      "GBPUSD_74_6.52.179_SELL_M15": 0.21772145037585694,
      "NZDUSD_23_2.12.147_SELL_M15": 0.22441282910510463,
      "NZDUSD_24_4.41.120_SELL_M15": 0.17775528276115252,
      "NZDUSD_25_5.7.105_SELL_M15": 0.35771505793845126,
      "NZDUSD_26_2.6.180_SELL_M15": 0.3763907356539396,
      "NZDUSD_27_6.16.107_SELL_M15": 1.0,
      "NZDUSD_75_4.73.120_SELL_M15": 0.26563262175887764,
      "NZDUSD_76_5.71.164_BUY_M15": -0.1114697480934987,
      "US500.cash_28_3.8.114_BUY_M15": -0.07360947216355103,
      "US500.cash_29_3.32.156_BUY_M15": -0.024692430997516432,
      "USDCAD_30_2.34.141_BUY_M15": 0.1756983696131707,
      "USDCAD_31_3.2.189_BUY_M15": 0.18856435972281793,
      "USDCAD_32_4.16.175_BUY_M15": 0.2529715574232969,
      "USDCAD_33_5.11.180_BUY_M15": 0.15958683148507527,
      "USDCAD_34_1.8.187_BUY_M15": 0.16515717671177013,
      "USDCAD_51_6.27.122_BUY_M15": 0.21736469204078143,
      "USDCAD_77_3.51.113_SELL_M15": -0.0847850925972376,
      "USDCHF_35_3.1.133_SELL_M15": -0.059080339534527224,
      "USDCHF_36_4.5.112_SELL_M15": 0.13082386785715086,
      "USDCHF_52_3.17.186_BOTH_M15": -0.1266905076801287,
      "USDCHF_53_6.47.153_BOTH_M15": 0.11654815645703263,
      "USDCHF_55_6.23.134_BUY_M15": 0.10744846693492506,
      "USDJPY_37_0.18430_BUY_M15": 0.10469279939979032,
      "USDJPY_38_1.35.168_BUY_M15": 0.06398148021422607,
      "USDJPY_39_6.27.190_BUY_M15": 0.1254329993499224,
      "USDJPY_40_2.4.138_BUY_M15": 0.0964579851962248,
      "USDJPY_41_2.5.172_BUY_M15": 0.13128592118939592,
      "USDJPY_57_4.8.181_BUY_M15": 0.18338128410250004,
      "USOIL.cash_42_1.25.121_BUY_M15": 0.0066937389215951165,
      "USOIL.cash_43_5.11.112_BUY_M15": -0.029257888347004057,
      "USOIL.cash_44_6.17.127_BUY_M15": -0.010398710044356323,
      "USOIL.cash_54_4.18.190_BOTH_M15": -0.010398710044356323,
      "XAUUSD_45_2.13.130_BUY_M15": -0.07115820520880554,
      "XAUUSD_58_5.6.136_BUY_M15": -0.018058180367516163
    },
    "drawdown_correlation_row": {
      "AUDJPY_1_3.14.146_BUY_M15": 0.08795964086920068,
      "AUDJPY_2_5.20.109_BUY_M15": 0.3082845025687563,
      "AUDJPY_3_3.19_BUY_M15": 0.10128328598562632,
      "AUDJPY_46_3.50.181_BUY_M15": -0.13781273630430665,
      "AUDJPY_47_6.30.171_BOTH_M15": -0.09595600555057687,
      "AUDJPY_56_1.14.109_BUY_M15": 0.15948183856801015,
      "AUDJPY_78_3.7.108_BUY_M15": 0.09504794446001597,
      "AUDUSD_48_5.8.189_SELL_M15": 0.019919588408435576,
      "AUDUSD_4_3.27.109_SELL_M15": 0.28704899575806087,
      "AUDUSD_5_6.3.178_SELL_M15": -0.018886091194129713,
      "AUDUSD_60_1.31.145_SELL_M15": 0.24075941409967833,
      "AUDUSD_61_6.25.174_SELL_M15": 0.19015031254866382,
      "AUDUSD_6_5.9.126_SELL_M15": 0.45476578146279456,
      "EURGBP_10_5.21.111_SELL_M15": 0.14228966937254448,
      "EURGBP_49_2.36.141_BOTH_M15": -0.25076092900062374,
      "EURGBP_62_3.31.132_BUY_M15": 0.45711305182357853,
      "EURGBP_63_4.21.189_SELL_M15": 0.2071553539267529,
      "EURGBP_70_2.27.108_SELL_M15": -0.18954529958469116,
      "EURGBP_7_3.16.177_SELL_M15": 0.45026186671880575,
      "EURGBP_8_6.1.186_SELL_M15": 0.08544306243382364,
      "EURGBP_9_5.2.127_SELL_M15": -0.04346097448339847,
      "EURUSD_11_1.42.105_SELL_M15": -0.13174356072868415,
      "EURUSD_12_3.47.124_BUY_M15": 0.38798299385564866,
      "EURUSD_13_6.46.178_BUY_M15": 0.2749763993857209,
      "EURUSD_14_5.6.167_BUY_M15": 0.00024705627470867454,
      "EURUSD_18_6.6.111_SELL_M15": 0.14973081571786476,
      "EURUSD_59_2.34.129_SELL_M15": 0.260072705607399,
      "EURUSD_64_4.34.165_BUY_M15": -0.34880694502580656,
      "EURUSD_71_5.30.159_SELL_M15": -0.20392624932781528,
      "EURUSD_72_5.42.127_SELL_M15": -0.06565050218855112,
      "EURUSD_73_5.43.181_SELL_M15": -0.17263629513341552,
      "GBPJPY_50_5.35.116_BUY_M15": -0.5813893180858072,
      "GBPJPY_65_2.14.157_BUY_M15": -0.35897356618702597,
      "GBPJPY_66_4.17.131_BOTH_M15": -0.16142139472842518,
      "GBPJPY_67_4.19.99_BOTH_M15": -0.33059705867282035,
      "GBPUSD_19_0.13205_BUY_M15": 0.4140611562878926,
      "GBPUSD_20_1.32.126_BUY_M15": -0.25789424928683335,
      "GBPUSD_21_3.3.167_BUY_M15": -0.19872145437302902,
      "GBPUSD_22_6.11.100_SELL_M15": -0.05101095282255809,
      "GBPUSD_69_3.13.113_BUY_M15": -0.17937078738484108,
      "GBPUSD_74_6.52.179_SELL_M15": 0.13342220912426284,
      "NZDUSD_23_2.12.147_SELL_M15": 0.2315373718674061,
      "NZDUSD_24_4.41.120_SELL_M15": 0.05487705958283502,
      "NZDUSD_25_5.7.105_SELL_M15": 0.44930062165464296,
      "NZDUSD_26_2.6.180_SELL_M15": 0.6172324059772236,
      "NZDUSD_27_6.16.107_SELL_M15": 1.0,
      "NZDUSD_75_4.73.120_SELL_M15": 0.2825999394554319,
      "NZDUSD_76_5.71.164_BUY_M15": 0.4846666133193697,