{
  "strategy_id": "US500.cash_28_3.8.114_BUY_M15",
  "summary": {
    "strategy_id": "US500.cash_28_3.8.114_BUY_M15",
    "symbol_count": 1,
    "side_mix": null,
    "trade_count": 547,
    "avg_return_correlation": -0.007370268322883939,
    "max_return_correlation": 0.12719550405897992,
    "avg_drawdown_correlation": 0.039748455092048766,
    "max_drawdown_correlation": 0.49767995277927934,
    "avg_stress_overlap": 0.05807660645750788,
    "max_stress_overlap": 0.12669683257918551,
    "avg_symbol_overlap": 0.0136986301369863,
    "max_symbol_overlap": 1.0,
    "avg_side_overlap": 0.821917808219178,
    "max_side_overlap": 1.0,
    "correlation_penalty": 0.023559361707466354,
    "marginal_dd_contribution": 1.6102443539429743,
    "diversification_score": 0.9663462900519416,
    "portfolio_fit_score": 0.733253657243668,
    "cluster_membership": "CLUSTER_41"
  },
  "peer_snapshot": {
    "return_correlation_row": {
      "AUDJPY_1_3.14.146_BUY_M15": 0.044127548260863424,
      "AUDJPY_2_5.20.109_BUY_M15": 0.06257944276239234,
      "AUDJPY_3_3.19_BUY_M15": 0.026235852173655413,
      "AUDJPY_46_3.50.181_BUY_M15": 0.04689020897858364,
      "AUDJPY_47_6.30.171_BOTH_M15": 0.00868395663080371,
      "AUDJPY_56_1.14.109_BUY_M15": 0.08434017827150489,
      "AUDJPY_78_3.7.108_BUY_M15": 0.023543499877613762,
      "AUDUSD_48_5.8.189_SELL_M15": -0.14225026390328332,
      "AUDUSD_4_3.27.109_SELL_M15": -0.04952681588956521,
      "AUDUSD_5_6.3.178_SELL_M15": -0.08659852879193805,
      "AUDUSD_60_1.31.145_SELL_M15": -0.08978538472220751,
      "AUDUSD_61_6.25.174_SELL_M15": -0.10874116098449234,
      "AUDUSD_6_5.9.126_SELL_M15": -0.12155788558429675,
      "EURGBP_10_5.21.111_SELL_M15": 0.0225112418838669,
      "EURGBP_49_2.36.141_BOTH_M15": -0.010761160666481048,
      "EURGBP_62_3.31.132_BUY_M15": -0.006015374205578176,
      "EURGBP_63_4.21.189_SELL_M15": 0.015157394332726294,
      "EURGBP_70_2.27.108_SELL_M15": -0.0505467525627393,
      "EURGBP_7_3.16.177_SELL_M15": -0.03846108346397056,
      "EURGBP_8_6.1.186_SELL_M15": 0.04780226256422361,
      "EURGBP_9_5.2.127_SELL_M15": -0.007618939686336188,
      "EURUSD_11_1.42.105_SELL_M15": -0.10853564903892375,
      "EURUSD_12_3.47.124_BUY_M15": 0.03747906469323283,
      "EURUSD_13_6.46.178_BUY_M15": 0.12719550405897992,
      "EURUSD_14_5.6.167_BUY_M15": 0.07850826717267077,
      "EURUSD_18_6.6.111_SELL_M15": -0.08479507817828849,
      "EURUSD_59_2.34.129_SELL_M15": -0.03558413392892292,
      "EURUSD_64_4.34.165_BUY_M15": 0.09322345409699849,
      "EURUSD_71_5.30.159_SELL_M15": -0.11373087506314716,
      "EURUSD_72_5.42.127_SELL_M15": -0.07510648517410799,
      "EURUSD_73_5.43.181_SELL_M15": 0.020772928690400483,
      "GBPJPY_50_5.35.116_BUY_M15": 0.029215677396310622,
      "GBPJPY_65_2.14.157_BUY_M15": 0.05742802014050262,
      "GBPJPY_66_4.17.131_BOTH_M15": 0.05796661156083614,
      "GBPJPY_67_4.19.99_BOTH_M15": 0.05100016283598128,
      "GBPUSD_19_0.13205_BUY_M15": 0.09235459268546797,
      "GBPUSD_20_1.32.126_BUY_M15": 0.025246075112254778,
      "GBPUSD_21_3.3.167_BUY_M15": 0.1138428287569976,
      "GBPUSD_22_6.11.100_SELL_M15": -0.014481905510571807,
      "GBPUSD_69_3.13.113_BUY_M15": -0.01830903893969413,
      "GBPUSD_74_6.52.179_SELL_M15": -0.0487369129698287,
      "NZDUSD_23_2.12.147_SELL_M15": -0.0356685449163724,
      "NZDUSD_24_4.41.120_SELL_M15": -0.015639376650686376,
      "NZDUSD_25_5.7.105_SELL_M15": -0.08834532383819481,
      "NZDUSD_26_2.6.180_SELL_M15": -0.0931644326692727,
      "NZDUSD_27_6.16.107_SELL_M15": -0.07360947216355103,
      "NZDUSD_75_4.73.120_SELL_M15": -0.06799297667112825,
      "NZDUSD_76_5.71.164_BUY_M15": 0.03684004311799646,
      "US500.cash_28_3.8.114_BUY_M15": 1.0,
      "US500.cash_29_3.32.156_BUY_M15": 0.04078150506532362,
      "USDCAD_30_2.34.141_BUY_M15": -0.03486410246747797,
      "USDCAD_31_3.2.189_BUY_M15": -0.07051757509989268,
      "USDCAD_32_4.16.175_BUY_M15": -0.0499328523099431,
      "USDCAD_33_5.11.180_BUY_M15": -0.0597927801751396,
      "USDCAD_34_1.8.187_BUY_M15": -0.043642888320581184,
      "USDCAD_51_6.27.122_BUY_M15": -0.04612753794854509,
      "USDCAD_77_3.51.113_SELL_M15": 0.08026956981680958,
      "USDCHF_35_3.1.133_SELL_M15": 0.04553283593977157,
      "USDCHF_36_4.5.112_SELL_M15": 0.024354297526190262,
      "USDCHF_52_3.17.186_BOTH_M15": 0.0523347904240128,
      "USDCHF_53_6.47.153_BOTH_M15": -0.04730143944327705,
      "USDCHF_55_6.23.134_BUY_M15": -0.05212818441259722,
      "USDJPY_37_0.18430_BUY_M15": -0.017895469172479733,
      "USDJPY_38_1.35.168_BUY_M15": -0.02822198518684381,
      "USDJPY_39_6.27.190_BUY_M15": 0.009314318724738388,
      "USDJPY_40_2.4.138_BUY_M15": -0.02888371843862837,
      "USDJPY_41_2.5.172_BUY_M15": -0.0477585486294001,
      "USDJPY_57_4.8.181_BUY_M15": -0.05596185171670963,
      "USOIL.cash_42_1.25.121_BUY_M15": 0.02927525069091196,
      "USOIL.cash_43_5.11.112_BUY_M15": 0.058546835609494544,
      "USOIL.cash_44_6.17.127_BUY_M15": 0.002296583048462625,
      "USOIL.cash_54_4.18.190_BOTH_M15": 0.002296583048462625,
      "XAUUSD_45_2.13.130_BUY_M15": 0.04796435472017811,
      "XAUUSD_58_5.6.136_BUY_M15": 0.0346511612553469
    },
    "drawdown_correlation_row": {
      "AUDJPY_1_3.14.146_BUY_M15": 0.13352245721699899,
      "AUDJPY_2_5.20.109_BUY_M15": -0.20534883841614582,
      "AUDJPY_3_3.19_BUY_M15": 0.09577752483398119,
      "AUDJPY_46_3.50.181_BUY_M15": -0.34629221328633686,
      "AUDJPY_47_6.30.171_BOTH_M15": -0.057145907852003346,
      "AUDJPY_56_1.14.109_BUY_M15": -0.1936219252250941,
      "AUDJPY_78_3.7.108_BUY_M15": 0.0786247379017051,
      "AUDUSD_48_5.8.189_SELL_M15": 0.10014427885361044,
      "AUDUSD_4_3.27.109_SELL_M15": 0.26987370951265693,
      "AUDUSD_5_6.3.178_SELL_M15": 0.3800934160343171,
      "AUDUSD_60_1.31.145_SELL_M15": 0.013727176545322347,
      "AUDUSD_61_6.25.174_SELL_M15": -0.19340973343632586,
      "AUDUSD_6_5.9.126_SELL_M15": 0.40227142441497016,
      "EURGBP_10_5.21.111_SELL_M15": 0.49553692499362245,
      "EURGBP_49_2.36.141_BOTH_M15": -0.16821300501179104,
      "EURGBP_62_3.31.132_BUY_M15": 0.10008770921253916,
      "EURGBP_63_4.21.189_SELL_M15": 0.044275410075651826,
      "EURGBP_70_2.27.108_SELL_M15": 0.10029530965800988,
      "EURGBP_7_3.16.177_SELL_M15": 0.25132775413221786,
      "EURGBP_8_6.1.186_SELL_M15": 0.29561789785418957,
      "EURGBP_9_5.2.127_SELL_M15": 0.3391747333244199,
      "EURUSD_11_1.42.105_SELL_M15": -0.15758891636255495,
      "EURUSD_12_3.47.124_BUY_M15": 0.16422665098513597,
      "EURUSD_13_6.46.178_BUY_M15": -0.1371227265809125,
      "EURUSD_14_5.6.167_BUY_M15": 0.31468832937946856,
      "EURUSD_18_6.6.111_SELL_M15": 0.023960382502816065,
      "EURUSD_59_2.34.129_SELL_M15": -0.2683799951294676,
      "EURUSD_64_4.34.165_BUY_M15": -0.13871905146260602,
      "EURUSD_71_5.30.159_SELL_M15": -0.27821636623278784,
      "EURUSD_72_5.42.127_SELL_M15": -0.30358574236730557,
      "EURUSD_73_5.43.181_SELL_M15": -0.13779768665458578,
      "GBPJPY_50_5.35.116_BUY_M15": -0.15338982099786191,
      "GBPJPY_65_2.14.157_BUY_M15": -0.20741150385237264,
      "GBPJPY_66_4.17.131_BOTH_M15": -0.19373432330890952,
      "GBPJPY_67_4.19.99_BOTH_M15": -0.14524372468413074,
      "GBPUSD_19_0.13205_BUY_M15": 0.36683400609963857,
      "GBPUSD_20_1.32.126_BUY_M15": 0.4249541412372413,
      "GBPUSD_21_3.3.167_BUY_M15": 0.1370531300410773,
      "GBPUSD_22_6.11.100_SELL_M15": 0.06703999126430932,
      "GBPUSD_69_3.13.113_BUY_M15": -0.03336527408917315,
      "GBPUSD_74_6.52.179_SELL_M15": -0.15101073134582374,
      "NZDUSD_23_2.12.147_SELL_M15": -0.1934038939387237,
      "NZDUSD_24_4.41.120_SELL_M15": 0.49767995277927934,
      "NZDUSD_25_5.7.105_SELL_M15": 0.4203105494343264,
      "NZDUSD_26_2.6.180_SELL_M15": 0.31079656527626703,
      "NZDUSD_27_6.16.107_SELL_M15": 0.37968248973252305,
      "NZDUSD_75_4.73.120_SELL_M15": -0.3078417682397875,
      "NZDUSD_76_5.71.164_BUY_M15": 0.03055095416805535,