{
  "strategy_id": "US500.cash_29_3.32.156_BUY_M15",
  "summary": {
    "strategy_id": "US500.cash_29_3.32.156_BUY_M15",
    "symbol_count": 1,
    "side_mix": null,
    "trade_count": 644,
    "avg_return_correlation": 0.007782096251376371,
    "max_return_correlation": 0.06857672421438595,
    "avg_drawdown_correlation": 0.017257205064450505,
    "max_drawdown_correlation": 0.5949686324418076,
    "avg_stress_overlap": 0.053234532197242494,
    "max_stress_overlap": 0.08298755186721991,
    "avg_symbol_overlap": 0.0136986301369863,
    "max_symbol_overlap": 1.0,
    "avg_side_overlap": 0.821917808219178,
    "max_side_overlap": 1.0,
    "correlation_penalty": 0.012519650657913437,
    "marginal_dd_contribution": 1.7240799703813963,
    "diversification_score": 0.9683152884216183,
    "portfolio_fit_score": 0.7342438482093282,
    "cluster_membership": "CLUSTER_42"
  },
  "peer_snapshot": {
    "return_correlation_row": {
      "AUDJPY_1_3.14.146_BUY_M15": 0.019438701158231278,
      "AUDJPY_2_5.20.109_BUY_M15": 0.054925199348734424,
      "AUDJPY_3_3.19_BUY_M15": 0.06343009533079426,
      "AUDJPY_46_3.50.181_BUY_M15": 0.040614857174896615,
      "AUDJPY_47_6.30.171_BOTH_M15": 0.034597611160894264,
      "AUDJPY_56_1.14.109_BUY_M15": 0.035079946236737984,
      "AUDJPY_78_3.7.108_BUY_M15": 0.06623170910746803,
      "AUDUSD_48_5.8.189_SELL_M15": -0.013396046964136004,
      "AUDUSD_4_3.27.109_SELL_M15": 0.014037163053873447,
      "AUDUSD_5_6.3.178_SELL_M15": -0.0034747860058813385,
      "AUDUSD_60_1.31.145_SELL_M15": -0.029295591102592524,
      "AUDUSD_61_6.25.174_SELL_M15": 0.0025047329072124527,
      "AUDUSD_6_5.9.126_SELL_M15": -0.03792589249854838,
      "EURGBP_10_5.21.111_SELL_M15": 0.003845026557634815,
      "EURGBP_49_2.36.141_BOTH_M15": -0.030267996722751617,
      "EURGBP_62_3.31.132_BUY_M15": -0.028711632469078787,
      "EURGBP_63_4.21.189_SELL_M15": 0.04275920228026411,
      "EURGBP_70_2.27.108_SELL_M15": 0.023506422040801857,
      "EURGBP_7_3.16.177_SELL_M15": 0.048901366160545426,
      "EURGBP_8_6.1.186_SELL_M15": 0.0020383610854783868,
      "EURGBP_9_5.2.127_SELL_M15": 0.002273927428608428,
      "EURUSD_11_1.42.105_SELL_M15": 0.02729882694532781,
      "EURUSD_12_3.47.124_BUY_M15": -0.015842659198197318,
      "EURUSD_13_6.46.178_BUY_M15": -0.00417915788014645,
      "EURUSD_14_5.6.167_BUY_M15": 0.011532718884451539,
      "EURUSD_18_6.6.111_SELL_M15": 0.01854251262088166,
      "EURUSD_59_2.34.129_SELL_M15": 0.02225443021285611,
      "EURUSD_64_4.34.165_BUY_M15": 0.03699492519272387,
      "EURUSD_71_5.30.159_SELL_M15": -0.006969134605728333,
      "EURUSD_72_5.42.127_SELL_M15": -0.001167273476555958,
      "EURUSD_73_5.43.181_SELL_M15": 0.06857672421438595,
      "GBPJPY_50_5.35.116_BUY_M15": 0.022953044781361093,
      "GBPJPY_65_2.14.157_BUY_M15": -0.007210063143331569,
      "GBPJPY_66_4.17.131_BOTH_M15": 0.01490643834486418,
      "GBPJPY_67_4.19.99_BOTH_M15": 0.007567952529668336,
      "GBPUSD_19_0.13205_BUY_M15": -0.014404332744635243,
      "GBPUSD_20_1.32.126_BUY_M15": 0.027220534360980122,
      "GBPUSD_21_3.3.167_BUY_M15": 0.037037086389073756,
      "GBPUSD_22_6.11.100_SELL_M15": -0.02447381563557652,
      "GBPUSD_69_3.13.113_BUY_M15": -0.00296945144828342,
      "GBPUSD_74_6.52.179_SELL_M15": -0.004904813054135574,
      "NZDUSD_23_2.12.147_SELL_M15": 0.005117868631015883,
      "NZDUSD_24_4.41.120_SELL_M15": -0.0151321534996849,
      "NZDUSD_25_5.7.105_SELL_M15": -0.015771447356079504,
      "NZDUSD_26_2.6.180_SELL_M15": -0.05013326240085784,
      "NZDUSD_27_6.16.107_SELL_M15": -0.024692430997516432,
      "NZDUSD_75_4.73.120_SELL_M15": -0.036576939772216426,
      "NZDUSD_76_5.71.164_BUY_M15": 0.01240409853503637,
      "US500.cash_28_3.8.114_BUY_M15": 0.04078150506532362,
      "US500.cash_29_3.32.156_BUY_M15": 1.0,
      "USDCAD_30_2.34.141_BUY_M15": 0.024885295595079484,
      "USDCAD_31_3.2.189_BUY_M15": -0.012291518300532977,
      "USDCAD_32_4.16.175_BUY_M15": -0.010250412771846096,
      "USDCAD_33_5.11.180_BUY_M15": -0.05208481164653031,
      "USDCAD_34_1.8.187_BUY_M15": 0.03048494313375528,
      "USDCAD_51_6.27.122_BUY_M15": 0.011986596541661279,
      "USDCAD_77_3.51.113_SELL_M15": 0.0141369321750591,
      "USDCHF_35_3.1.133_SELL_M15": 0.01335484821365132,
      "USDCHF_36_4.5.112_SELL_M15": 0.015162766373445713,
      "USDCHF_52_3.17.186_BOTH_M15": 0.03704974077183331,
      "USDCHF_53_6.47.153_BOTH_M15": 0.05333213880256061,
      "USDCHF_55_6.23.134_BUY_M15": 0.019976133259911974,
      "USDJPY_37_0.18430_BUY_M15": -0.0006876414500558579,
      "USDJPY_38_1.35.168_BUY_M15": -0.002165728137341555,
      "USDJPY_39_6.27.190_BUY_M15": 0.02407407621893166,
      "USDJPY_40_2.4.138_BUY_M15": 0.007127969709761363,
      "USDJPY_41_2.5.172_BUY_M15": -0.022833605115762656,
      "USDJPY_57_4.8.181_BUY_M15": -0.00418056323864469,
      "USOIL.cash_42_1.25.121_BUY_M15": -0.03976531929433914,
      "USOIL.cash_43_5.11.112_BUY_M15": -0.044308981200806605,
      "USOIL.cash_44_6.17.127_BUY_M15": 0.018293028381192317,
      "USOIL.cash_54_4.18.190_BOTH_M15": 0.018293028381192317,
      "XAUUSD_45_2.13.130_BUY_M15": 0.007246117157330931,
      "XAUUSD_58_5.6.136_BUY_M15": 0.021383886026776416
    },
    "drawdown_correlation_row": {
      "AUDJPY_1_3.14.146_BUY_M15": 0.19571585263086896,
      "AUDJPY_2_5.20.109_BUY_M15": 0.46634726454812475,
      "AUDJPY_3_3.19_BUY_M15": -0.11534556203142168,
      "AUDJPY_46_3.50.181_BUY_M15": 0.4752009073049499,
      "AUDJPY_47_6.30.171_BOTH_M15": 0.22556739857337574,
      "AUDJPY_56_1.14.109_BUY_M15": 0.2809770341995135,
      "AUDJPY_78_3.7.108_BUY_M15": -0.11301425151015841,
      "AUDUSD_48_5.8.189_SELL_M15": -0.24152324136871361,
      "AUDUSD_4_3.27.109_SELL_M15": -0.305304311073782,
      "AUDUSD_5_6.3.178_SELL_M15": -0.3122350305113062,
      "AUDUSD_60_1.31.145_SELL_M15": -0.3173014511039481,
      "AUDUSD_61_6.25.174_SELL_M15": 0.33346689983344474,
      "AUDUSD_6_5.9.126_SELL_M15": -0.01108096760128132,
      "EURGBP_10_5.21.111_SELL_M15": -0.3124396377417324,
      "EURGBP_49_2.36.141_BOTH_M15": -0.1422272960835178,
      "EURGBP_62_3.31.132_BUY_M15": -0.10103905668703408,
      "EURGBP_63_4.21.189_SELL_M15": 0.31964891371006154,
      "EURGBP_70_2.27.108_SELL_M15": -0.3287499668508362,
      "EURGBP_7_3.16.177_SELL_M15": 0.46877226178921044,
      "EURGBP_8_6.1.186_SELL_M15": -0.3999630833912656,
      "EURGBP_9_5.2.127_SELL_M15": -0.17825578031778921,
      "EURUSD_11_1.42.105_SELL_M15": -0.13846060802559565,
      "EURUSD_12_3.47.124_BUY_M15": 0.1554894226044889,
      "EURUSD_13_6.46.178_BUY_M15": 0.3406033448327869,
      "EURUSD_14_5.6.167_BUY_M15": 0.22097422461946525,
      "EURUSD_18_6.6.111_SELL_M15": -0.19170448273793925,
      "EURUSD_59_2.34.129_SELL_M15": 0.16072116801487812,
      "EURUSD_64_4.34.165_BUY_M15": -0.1545035712598011,
      "EURUSD_71_5.30.159_SELL_M15": 0.019853613906418273,
      "EURUSD_72_5.42.127_SELL_M15": 0.5395027977852158,
      "EURUSD_73_5.43.181_SELL_M15": -0.27259408692419956,
      "GBPJPY_50_5.35.116_BUY_M15": -0.09978627589085542,
      "GBPJPY_65_2.14.157_BUY_M15": -0.084324750166405,
      "GBPJPY_66_4.17.131_BOTH_M15": 0.13995288808259862,
      "GBPJPY_67_4.19.99_BOTH_M15": 0.09417564794849358,
      "GBPUSD_19_0.13205_BUY_M15": 0.11711951181061667,
      "GBPUSD_20_1.32.126_BUY_M15": -0.3811865751984895,
      "GBPUSD_21_3.3.167_BUY_M15": 0.3480223706859521,
      "GBPUSD_22_6.11.100_SELL_M15": 0.11368328665084214,
      "GBPUSD_69_3.13.113_BUY_M15": -0.059983599924548554,
      "GBPUSD_74_6.52.179_SELL_M15": -0.10040684689186606,
      "NZDUSD_23_2.12.147_SELL_M15": 0.15597657150904445,
      "NZDUSD_24_4.41.120_SELL_M15": 0.10885797449692579,
      "NZDUSD_25_5.7.105_SELL_M15": -0.30235412425861635,
      "NZDUSD_26_2.6.180_SELL_M15": -0.37705626227691796,
      "NZDUSD_27_6.16.107_SELL_M15": 0.10199988786739399,
      "NZDUSD_75_4.73.120_SELL_M15": 0.09204018599825219,