{
  "strategy_id": "USDCHF_35_3.1.133_SELL_M15",
  "summary": {
    "strategy_id": "USDCHF_35_3.1.133_SELL_M15",
    "symbol_count": 1,
    "side_mix": null,
    "trade_count": 340,
    "avg_return_correlation": -0.013625278770110999,
    "max_return_correlation": 0.13596546996696188,
    "avg_drawdown_correlation": 0.09234880905510556,
    "max_drawdown_correlation": 0.5853967230305666,
    "avg_stress_overlap": 0.052615016420806765,
    "max_stress_overlap": 0.1509433962264151,
    "avg_symbol_overlap": 0.0547945205479452,
    "max_symbol_overlap": 1.0,
    "avg_side_overlap": 0.821917808219178,
    "max_side_overlap": 1.0,
    "correlation_penalty": 0.05298704391260828,
    "marginal_dd_contribution": 0.6780525731210645,
    "diversification_score": 0.9522950286213883,
    "portfolio_fit_score": 0.7261814169393501,
    "cluster_membership": "CLUSTER_49"
  },
  "peer_snapshot": {
    "return_correlation_row": {
      "AUDJPY_1_3.14.146_BUY_M15": 0.01348728742661097,
      "AUDJPY_2_5.20.109_BUY_M15": 0.043869880757006874,
      "AUDJPY_3_3.19_BUY_M15": 0.009509251645677227,
      "AUDJPY_46_3.50.181_BUY_M15": 0.010133556153434147,
      "AUDJPY_47_6.30.171_BOTH_M15": -0.012052407017884839,
      "AUDJPY_56_1.14.109_BUY_M15": -0.02783352077832789,
      "AUDJPY_78_3.7.108_BUY_M15": 0.010089303256331379,
      "AUDUSD_48_5.8.189_SELL_M15": -0.044347048127882614,
      "AUDUSD_4_3.27.109_SELL_M15": -0.004397178555846644,
      "AUDUSD_5_6.3.178_SELL_M15": -0.05429862324282062,
      "AUDUSD_60_1.31.145_SELL_M15": -0.02747798415783369,
      "AUDUSD_61_6.25.174_SELL_M15": -0.021600193865839543,
      "AUDUSD_6_5.9.126_SELL_M15": -0.1104541880862588,
      "EURGBP_10_5.21.111_SELL_M15": -0.00934618400973474,
      "EURGBP_49_2.36.141_BOTH_M15": -0.01791348062897252,
      "EURGBP_62_3.31.132_BUY_M15": 0.07678225082324217,
      "EURGBP_63_4.21.189_SELL_M15": 0.012942564429797323,
      "EURGBP_70_2.27.108_SELL_M15": -0.016051435642682185,
      "EURGBP_7_3.16.177_SELL_M15": -0.020203085106889358,
      "EURGBP_8_6.1.186_SELL_M15": -0.035814509983730695,
      "EURGBP_9_5.2.127_SELL_M15": -0.05247692951794114,
      "EURUSD_11_1.42.105_SELL_M15": -0.08077676614542526,
      "EURUSD_12_3.47.124_BUY_M15": 0.12043947792662178,
      "EURUSD_13_6.46.178_BUY_M15": 0.1076423696503958,
      "EURUSD_14_5.6.167_BUY_M15": 0.13596546996696188,
      "EURUSD_18_6.6.111_SELL_M15": -0.05476461248436288,
      "EURUSD_59_2.34.129_SELL_M15": -0.06614871419804999,
      "EURUSD_64_4.34.165_BUY_M15": 0.0963856916807124,
      "EURUSD_71_5.30.159_SELL_M15": -0.032173078985033306,
      "EURUSD_72_5.42.127_SELL_M15": -0.09211200409792926,
      "EURUSD_73_5.43.181_SELL_M15": -0.025010067165365347,
      "GBPJPY_50_5.35.116_BUY_M15": -0.006081800055065379,
      "GBPJPY_65_2.14.157_BUY_M15": 0.02649501274970538,
      "GBPJPY_66_4.17.131_BOTH_M15": 0.00915155546624874,
      "GBPJPY_67_4.19.99_BOTH_M15": 0.008620598922907698,
      "GBPUSD_19_0.13205_BUY_M15": 0.09108597638859431,
      "GBPUSD_20_1.32.126_BUY_M15": 0.04859289353072135,
      "GBPUSD_21_3.3.167_BUY_M15": 0.07051790889399429,
      "GBPUSD_22_6.11.100_SELL_M15": -0.008833267680160826,
      "GBPUSD_69_3.13.113_BUY_M15": 0.007806863376457333,
      "GBPUSD_74_6.52.179_SELL_M15": -0.09122174203825612,
      "NZDUSD_23_2.12.147_SELL_M15": -0.005456673026167744,
      "NZDUSD_24_4.41.120_SELL_M15": -0.010959636411338857,
      "NZDUSD_25_5.7.105_SELL_M15": -0.052993804778009676,
      "NZDUSD_26_2.6.180_SELL_M15": -0.05988864034450146,
      "NZDUSD_27_6.16.107_SELL_M15": -0.059080339534527224,
      "NZDUSD_75_4.73.120_SELL_M15": -0.0419966831444593,
      "NZDUSD_76_5.71.164_BUY_M15": 0.023759029169061557,
      "US500.cash_28_3.8.114_BUY_M15": 0.04553283593977157,
      "US500.cash_29_3.32.156_BUY_M15": 0.01335484821365132,
      "USDCAD_30_2.34.141_BUY_M15": -0.033064382240730564,
      "USDCAD_31_3.2.189_BUY_M15": -0.026635386250723182,
      "USDCAD_32_4.16.175_BUY_M15": -0.06638682302444883,
      "USDCAD_33_5.11.180_BUY_M15": -0.02399353776217284,
      "USDCAD_34_1.8.187_BUY_M15": -0.11125131895911292,
      "USDCAD_51_6.27.122_BUY_M15": -0.04634612127654254,
      "USDCAD_77_3.51.113_SELL_M15": 0.03359916542642546,
      "USDCHF_35_3.1.133_SELL_M15": 1.0,
      "USDCHF_36_4.5.112_SELL_M15": -0.03416309491295782,
      "USDCHF_52_3.17.186_BOTH_M15": -0.026357782167236738,
      "USDCHF_53_6.47.153_BOTH_M15": -0.0763031626735065,
      "USDCHF_55_6.23.134_BUY_M15": -0.09058476560686048,
      "USDJPY_37_0.18430_BUY_M15": -0.07198518246164419,
      "USDJPY_38_1.35.168_BUY_M15": -0.03407122801560504,
      "USDJPY_39_6.27.190_BUY_M15": -0.06877644359954399,
      "USDJPY_40_2.4.138_BUY_M15": 0.010326151028025667,
      "USDJPY_41_2.5.172_BUY_M15": -0.04701561143520277,
      "USDJPY_57_4.8.181_BUY_M15": -0.07072115765701062,
      "USOIL.cash_42_1.25.121_BUY_M15": 0.0021885176774235084,
      "USOIL.cash_43_5.11.112_BUY_M15": -0.01413790362430405,
      "USOIL.cash_44_6.17.127_BUY_M15": -0.012755829350914731,
      "USOIL.cash_54_4.18.190_BOTH_M15": -0.012755829350914731,
      "XAUUSD_45_2.13.130_BUY_M15": -0.007087072677706371,
      "XAUUSD_58_5.6.136_BUY_M15": -0.00676657885944621
    },
    "drawdown_correlation_row": {
      "AUDJPY_1_3.14.146_BUY_M15": 0.2673112874475768,
      "AUDJPY_2_5.20.109_BUY_M15": 0.4320023162982599,
      "AUDJPY_3_3.19_BUY_M15": 0.20871084507826093,
      "AUDJPY_46_3.50.181_BUY_M15": -0.24689548295707547,
      "AUDJPY_47_6.30.171_BOTH_M15": 0.20859534339404107,
      "AUDJPY_56_1.14.109_BUY_M15": 0.24951382340712383,
      "AUDJPY_78_3.7.108_BUY_M15": 0.20181737191724028,
      "AUDUSD_48_5.8.189_SELL_M15": 0.2648060168716982,
      "AUDUSD_4_3.27.109_SELL_M15": 0.24022620000214148,
      "AUDUSD_5_6.3.178_SELL_M15": 0.4049327181792946,
      "AUDUSD_60_1.31.145_SELL_M15": 0.14447365493115558,
      "AUDUSD_61_6.25.174_SELL_M15": -0.013610930095183044,
      "AUDUSD_6_5.9.126_SELL_M15": 8.675707093806595e-05,
      "EURGBP_10_5.21.111_SELL_M15": 0.29230359044408,
      "EURGBP_49_2.36.141_BOTH_M15": -0.29154557848681767,
      "EURGBP_62_3.31.132_BUY_M15": 0.5413607889018304,
      "EURGBP_63_4.21.189_SELL_M15": 0.2705123296293333,
      "EURGBP_70_2.27.108_SELL_M15": 0.22597265271137393,
      "EURGBP_7_3.16.177_SELL_M15": 0.018945792612138024,
      "EURGBP_8_6.1.186_SELL_M15": -0.16693949073170028,
      "EURGBP_9_5.2.127_SELL_M15": -0.3579658278727928,
      "EURUSD_11_1.42.105_SELL_M15": -0.2612647628633027,
      "EURUSD_12_3.47.124_BUY_M15": 0.5853967230305666,
      "EURUSD_13_6.46.178_BUY_M15": 0.3886317275370783,
      "EURUSD_14_5.6.167_BUY_M15": 0.12276069837192337,
      "EURUSD_18_6.6.111_SELL_M15": -0.1937156707874771,
      "EURUSD_59_2.34.129_SELL_M15": 0.3995877303872575,
      "EURUSD_64_4.34.165_BUY_M15": 0.1821023812554158,
      "EURUSD_71_5.30.159_SELL_M15": 0.45628029429748534,
      "EURUSD_72_5.42.127_SELL_M15": -0.033408620730022175,
      "EURUSD_73_5.43.181_SELL_M15": 0.11008204446587484,
      "GBPJPY_50_5.35.116_BUY_M15": -0.021774813349643894,
      "GBPJPY_65_2.14.157_BUY_M15": 0.042382579205674675,
      "GBPJPY_66_4.17.131_BOTH_M15": 0.517540392405671,
      "GBPJPY_67_4.19.99_BOTH_M15": 0.35916966505568415,
      "GBPUSD_19_0.13205_BUY_M15": 0.5263876064325042,
      "GBPUSD_20_1.32.126_BUY_M15": 0.2070265146571016,
      "GBPUSD_21_3.3.167_BUY_M15": -0.22701719197056042,
      "GBPUSD_22_6.11.100_SELL_M15": 0.10945045005554711,
      "GBPUSD_69_3.13.113_BUY_M15": -0.3286089647696612,
      "GBPUSD_74_6.52.179_SELL_M15": -0.0918432971953946,
      "NZDUSD_23_2.12.147_SELL_M15": 0.17716987222833525,
      "NZDUSD_24_4.41.120_SELL_M15": 0.10986534096836692,
      "NZDUSD_25_5.7.105_SELL_M15": 0.055830626150964825,
      "NZDUSD_26_2.6.180_SELL_M15": 0.175144542246493,
      "NZDUSD_27_6.16.107_SELL_M15": 0.16717596123504017,
      "NZDUSD_75_4.73.120_SELL_M15": 0.32565104337226985,