{
  "strategy_id": "USDCHF_36_4.5.112_SELL_M15",
  "summary": {
    "strategy_id": "USDCHF_36_4.5.112_SELL_M15",
    "symbol_count": 1,
    "side_mix": null,
    "trade_count": 706,
    "avg_return_correlation": 0.042153380620295125,
    "max_return_correlation": 0.2524229917368356,
    "avg_drawdown_correlation": 0.036393650697934384,
    "max_drawdown_correlation": 0.7221013939010589,
    "avg_stress_overlap": 0.07238282239148203,
    "max_stress_overlap": 0.14883720930232558,
    "avg_symbol_overlap": 0.0547945205479452,
    "max_symbol_overlap": 1.0,
    "avg_side_overlap": 0.821917808219178,
    "max_side_overlap": 1.0,
    "correlation_penalty": 0.03927351565911476,
    "marginal_dd_contribution": 1.4787375046279436,
    "diversification_score": 0.9308301807010061,
    "portfolio_fit_score": 0.7154890272257344,
    "cluster_membership": "CLUSTER_50"
  },
  "peer_snapshot": {
    "return_correlation_row": {
      "AUDJPY_1_3.14.146_BUY_M15": -0.003919946175317577,
      "AUDJPY_2_5.20.109_BUY_M15": 0.05894354813761357,
      "AUDJPY_3_3.19_BUY_M15": 0.015954940075073653,
      "AUDJPY_46_3.50.181_BUY_M15": 0.021123771399267396,
      "AUDJPY_47_6.30.171_BOTH_M15": -0.029116214340717227,
      "AUDJPY_56_1.14.109_BUY_M15": 0.03689623055546871,
      "AUDJPY_78_3.7.108_BUY_M15": 0.014373143819577498,
      "AUDUSD_48_5.8.189_SELL_M15": 0.09741471998422163,
      "AUDUSD_4_3.27.109_SELL_M15": 0.011046452120719528,
      "AUDUSD_5_6.3.178_SELL_M15": 0.034390087055776855,
      "AUDUSD_60_1.31.145_SELL_M15": 0.03332933230908963,
      "AUDUSD_61_6.25.174_SELL_M15": 0.01860613771218179,
      "AUDUSD_6_5.9.126_SELL_M15": 0.09963310768564036,
      "EURGBP_10_5.21.111_SELL_M15": 0.014307070162829212,
      "EURGBP_49_2.36.141_BOTH_M15": -0.02846508869610729,
      "EURGBP_62_3.31.132_BUY_M15": 0.01243188357160006,
      "EURGBP_63_4.21.189_SELL_M15": 0.005162005218040324,
      "EURGBP_70_2.27.108_SELL_M15": -0.025626735884828358,
      "EURGBP_7_3.16.177_SELL_M15": -0.025022168748183325,
      "EURGBP_8_6.1.186_SELL_M15": 0.026028859938073245,
      "EURGBP_9_5.2.127_SELL_M15": -0.001534179101286586,
      "EURUSD_11_1.42.105_SELL_M15": 0.10858890324484248,
      "EURUSD_12_3.47.124_BUY_M15": -0.11243891235305728,
      "EURUSD_13_6.46.178_BUY_M15": -0.09884535545305646,
      "EURUSD_14_5.6.167_BUY_M15": -0.131117201810744,
      "EURUSD_18_6.6.111_SELL_M15": 0.2263573948619271,
      "EURUSD_59_2.34.129_SELL_M15": 0.2524229917368356,
      "EURUSD_64_4.34.165_BUY_M15": -0.032092090841728975,
      "EURUSD_71_5.30.159_SELL_M15": 0.20990025291727535,
      "EURUSD_72_5.42.127_SELL_M15": 0.2291386405938619,
      "EURUSD_73_5.43.181_SELL_M15": 0.2124215953138847,
      "GBPJPY_50_5.35.116_BUY_M15": -0.030368519890390706,
      "GBPJPY_65_2.14.157_BUY_M15": -0.03859858499391039,
      "GBPJPY_66_4.17.131_BOTH_M15": 0.015336126028336483,
      "GBPJPY_67_4.19.99_BOTH_M15": 0.015874560164588,
      "GBPUSD_19_0.13205_BUY_M15": -0.09214378890748488,
      "GBPUSD_20_1.32.126_BUY_M15": -0.05552492841093499,
      "GBPUSD_21_3.3.167_BUY_M15": -0.23381027470061527,
      "GBPUSD_22_6.11.100_SELL_M15": 0.013849221661065007,
      "GBPUSD_69_3.13.113_BUY_M15": 0.11405116167823409,
      "GBPUSD_74_6.52.179_SELL_M15": 0.14176313213807604,
      "NZDUSD_23_2.12.147_SELL_M15": 0.10178064995280893,
      "NZDUSD_24_4.41.120_SELL_M15": 0.03513332649172551,
      "NZDUSD_25_5.7.105_SELL_M15": 0.11626487418538597,
      "NZDUSD_26_2.6.180_SELL_M15": 0.0851933982046334,
      "NZDUSD_27_6.16.107_SELL_M15": 0.13082386785715086,
      "NZDUSD_75_4.73.120_SELL_M15": 0.14394510595514262,
      "NZDUSD_76_5.71.164_BUY_M15": -0.07794814583181407,
      "US500.cash_28_3.8.114_BUY_M15": 0.024354297526190262,
      "US500.cash_29_3.32.156_BUY_M15": 0.015162766373445713,
      "USDCAD_30_2.34.141_BUY_M15": 0.09109393663348316,
      "USDCAD_31_3.2.189_BUY_M15": 0.11067484842659461,
      "USDCAD_32_4.16.175_BUY_M15": 0.15389798633015286,
      "USDCAD_33_5.11.180_BUY_M15": 0.11029321267103291,
      "USDCAD_34_1.8.187_BUY_M15": 0.18107264694729377,
      "USDCAD_51_6.27.122_BUY_M15": 0.17198845421094736,
      "USDCAD_77_3.51.113_SELL_M15": -0.08728079135033481,
      "USDCHF_35_3.1.133_SELL_M15": -0.03416309491295782,
      "USDCHF_36_4.5.112_SELL_M15": 1.0,
      "USDCHF_52_3.17.186_BOTH_M15": -0.13299961960790324,
      "USDCHF_53_6.47.153_BOTH_M15": 0.17915321838592305,
      "USDCHF_55_6.23.134_BUY_M15": 0.08663313243951379,
      "USDJPY_37_0.18430_BUY_M15": 0.07982670008108941,
      "USDJPY_38_1.35.168_BUY_M15": 0.06238765782748942,
      "USDJPY_39_6.27.190_BUY_M15": 0.15120529861967635,
      "USDJPY_40_2.4.138_BUY_M15": 0.11373573468071053,
      "USDJPY_41_2.5.172_BUY_M15": 0.11979233628185292,
      "USDJPY_57_4.8.181_BUY_M15": 0.10558198734538511,
      "USOIL.cash_42_1.25.121_BUY_M15": 0.05619333791429888,
      "USOIL.cash_43_5.11.112_BUY_M15": 0.00825630562190467,
      "USOIL.cash_44_6.17.127_BUY_M15": -0.0015546001618971686,
      "USOIL.cash_54_4.18.190_BOTH_M15": -0.0015546001618971686,
      "XAUUSD_45_2.13.130_BUY_M15": -0.07471537731477759,
      "XAUUSD_58_5.6.136_BUY_M15": -0.04775334611644269
    },
    "drawdown_correlation_row": {
      "AUDJPY_1_3.14.146_BUY_M15": 0.1081010047911443,
      "AUDJPY_2_5.20.109_BUY_M15": -0.4098537066456707,
      "AUDJPY_3_3.19_BUY_M15": 0.10926281836465959,
      "AUDJPY_46_3.50.181_BUY_M15": -0.11043736813813958,
      "AUDJPY_47_6.30.171_BOTH_M15": -0.17837230630576548,
      "AUDJPY_56_1.14.109_BUY_M15": -0.09318943385618535,
      "AUDJPY_78_3.7.108_BUY_M15": 0.10495074545851067,
      "AUDUSD_48_5.8.189_SELL_M15": -0.3253443924635288,
      "AUDUSD_4_3.27.109_SELL_M15": 0.03504378231018523,
      "AUDUSD_5_6.3.178_SELL_M15": -0.06356004034829763,
      "AUDUSD_60_1.31.145_SELL_M15": 0.1019102533705215,
      "AUDUSD_61_6.25.174_SELL_M15": 0.00173400053277889,
      "AUDUSD_6_5.9.126_SELL_M15": 0.5890896564381344,
      "EURGBP_10_5.21.111_SELL_M15": 0.3239804539966201,
      "EURGBP_49_2.36.141_BOTH_M15": -0.1489733851849073,
      "EURGBP_62_3.31.132_BUY_M15": 0.12115680752306474,
      "EURGBP_63_4.21.189_SELL_M15": 0.12151051947384166,
      "EURGBP_70_2.27.108_SELL_M15": 0.11741888104629793,
      "EURGBP_7_3.16.177_SELL_M15": 0.45850023082680785,
      "EURGBP_8_6.1.186_SELL_M15": 0.4765882410694311,
      "EURGBP_9_5.2.127_SELL_M15": 0.3309238743360243,
      "EURUSD_11_1.42.105_SELL_M15": 0.11158693304459616,
      "EURUSD_12_3.47.124_BUY_M15": -0.1752503728832136,
      "EURUSD_13_6.46.178_BUY_M15": -0.3450008726123225,
      "EURUSD_14_5.6.167_BUY_M15": 0.17339624742741042,
      "EURUSD_18_6.6.111_SELL_M15": 0.33879221768422724,
      "EURUSD_59_2.34.129_SELL_M15": -0.30789040583717314,
      "EURUSD_64_4.34.165_BUY_M15": -0.4357125897645059,
      "EURUSD_71_5.30.159_SELL_M15": -0.33800474439321976,
      "EURUSD_72_5.42.127_SELL_M15": 0.024366701586977974,
      "EURUSD_73_5.43.181_SELL_M15": 0.00582835191376851,
      "GBPJPY_50_5.35.116_BUY_M15": -0.4169390710856531,
      "GBPJPY_65_2.14.157_BUY_M15": -0.14360791799075812,
      "GBPJPY_66_4.17.131_BOTH_M15": -0.35050858179173094,
      "GBPJPY_67_4.19.99_BOTH_M15": -0.36021848245374033,
      "GBPUSD_19_0.13205_BUY_M15": -0.06471464416089101,
      "GBPUSD_20_1.32.126_BUY_M15": 0.03369349077541321,
      "GBPUSD_21_3.3.167_BUY_M15": 0.04752602886115189,
      "GBPUSD_22_6.11.100_SELL_M15": -0.0031274188109191962,
      "GBPUSD_69_3.13.113_BUY_M15": 0.05944881871379594,
      "GBPUSD_74_6.52.179_SELL_M15": -0.05940210402897517,
      "NZDUSD_23_2.12.147_SELL_M15": 0.0880740205850729,
      "NZDUSD_24_4.41.120_SELL_M15": 0.2223195205245201,
      "NZDUSD_25_5.7.105_SELL_M15": 0.36088356900711205,
      "NZDUSD_26_2.6.180_SELL_M15": 0.11546222762546363,
      "NZDUSD_27_6.16.107_SELL_M15": 0.3924576662488526,
      "NZDUSD_75_4.73.120_SELL_M15": -0.12872604522641018,
      "NZDUSD_76_5.71.164_BUY_M15": 0.4791094813810314,