{
  "strategy_id": "USDCAD_77_3.51.113_SELL_M15",
  "summary": {
    "strategy_id": "USDCAD_77_3.51.113_SELL_M15",
    "symbol_count": 1,
    "side_mix": null,
    "trade_count": 580,
    "avg_return_correlation": 0.00024851287443371055,
    "max_return_correlation": 0.1729520330085817,
    "avg_drawdown_correlation": 0.01489496419967111,
    "max_drawdown_correlation": 0.3607921539504391,
    "avg_stress_overlap": 0.06071855352797288,
    "max_stress_overlap": 0.1674641148325359,
    "avg_symbol_overlap": 0.0821917808219178,
    "max_symbol_overlap": 1.0,
    "avg_side_overlap": 0.821917808219178,
    "max_side_overlap": 1.0,
    "correlation_penalty": 0.00757173853705241,
    "marginal_dd_contribution": 1.5313402443539417,
    "diversification_score": 0.9455062657694023,
    "portfolio_fit_score": 0.7228296998969188,
    "cluster_membership": "CLUSTER_48"
  },
  "peer_snapshot": {
    "return_correlation_row": {
      "AUDJPY_1_3.14.146_BUY_M15": 0.02990845472234896,
      "AUDJPY_2_5.20.109_BUY_M15": 0.05986169799905218,
      "AUDJPY_3_3.19_BUY_M15": 0.07363311922147713,
      "AUDJPY_46_3.50.181_BUY_M15": 0.013517153634555083,
      "AUDJPY_47_6.30.171_BOTH_M15": 0.021804224208692727,
      "AUDJPY_56_1.14.109_BUY_M15": 0.06587627325456138,
      "AUDJPY_78_3.7.108_BUY_M15": 0.07268822420030167,
      "AUDUSD_48_5.8.189_SELL_M15": -0.05863306404594464,
      "AUDUSD_4_3.27.109_SELL_M15": 0.002902816335832252,
      "AUDUSD_5_6.3.178_SELL_M15": -0.017813428912603593,
      "AUDUSD_60_1.31.145_SELL_M15": 0.05327400627146475,
      "AUDUSD_61_6.25.174_SELL_M15": 0.008690786057291067,
      "AUDUSD_6_5.9.126_SELL_M15": -0.008362946194407925,
      "EURGBP_10_5.21.111_SELL_M15": 0.029718623837555285,
      "EURGBP_49_2.36.141_BOTH_M15": 0.042710306676169804,
      "EURGBP_62_3.31.132_BUY_M15": 0.029437624250503017,
      "EURGBP_63_4.21.189_SELL_M15": 0.0034555541542042917,
      "EURGBP_70_2.27.108_SELL_M15": 0.03887611825756597,
      "EURGBP_7_3.16.177_SELL_M15": -0.0029776586074235865,
      "EURGBP_8_6.1.186_SELL_M15": 0.04334740238599467,
      "EURGBP_9_5.2.127_SELL_M15": 0.0012822593857790981,
      "EURUSD_11_1.42.105_SELL_M15": -0.001917490273347599,
      "EURUSD_12_3.47.124_BUY_M15": 0.15949596917726244,
      "EURUSD_13_6.46.178_BUY_M15": 0.11327210130980638,
      "EURUSD_14_5.6.167_BUY_M15": 0.11930306470621634,
      "EURUSD_18_6.6.111_SELL_M15": -0.11391839434401577,
      "EURUSD_59_2.34.129_SELL_M15": -0.0858812382330296,
      "EURUSD_64_4.34.165_BUY_M15": 0.16723446322503702,
      "EURUSD_71_5.30.159_SELL_M15": -0.08149800870640536,
      "EURUSD_72_5.42.127_SELL_M15": -0.07966615590807233,
      "EURUSD_73_5.43.181_SELL_M15": -0.03286082372545575,
      "GBPJPY_50_5.35.116_BUY_M15": -0.004776483094012268,
      "GBPJPY_65_2.14.157_BUY_M15": 0.002126837696125807,
      "GBPJPY_66_4.17.131_BOTH_M15": 0.04850005599035624,
      "GBPJPY_67_4.19.99_BOTH_M15": 0.05021311175851915,
      "GBPUSD_19_0.13205_BUY_M15": 0.03245960741091655,
      "GBPUSD_20_1.32.126_BUY_M15": 0.06308589096365039,
      "GBPUSD_21_3.3.167_BUY_M15": 0.1421193631230546,
      "GBPUSD_22_6.11.100_SELL_M15": -0.03182598286516682,
      "GBPUSD_69_3.13.113_BUY_M15": 0.010313833989994506,
      "GBPUSD_74_6.52.179_SELL_M15": -0.004867213782172401,
      "NZDUSD_23_2.12.147_SELL_M15": -0.06249661075891586,
      "NZDUSD_24_4.41.120_SELL_M15": -0.03930365313315114,
      "NZDUSD_25_5.7.105_SELL_M15": -0.027612080401425362,
      "NZDUSD_26_2.6.180_SELL_M15": -0.041913434974443775,
      "NZDUSD_27_6.16.107_SELL_M15": -0.0847850925972376,
      "NZDUSD_75_4.73.120_SELL_M15": 0.001571198165683283,
      "NZDUSD_76_5.71.164_BUY_M15": 0.1729520330085817,
      "US500.cash_28_3.8.114_BUY_M15": 0.08026956981680958,
      "US500.cash_29_3.32.156_BUY_M15": 0.0141369321750591,
      "USDCAD_30_2.34.141_BUY_M15": -0.016088514343556622,
      "USDCAD_31_3.2.189_BUY_M15": -0.02798589501262365,
      "USDCAD_32_4.16.175_BUY_M15": -0.03302105670996503,
      "USDCAD_33_5.11.180_BUY_M15": -0.1073424740270812,
      "USDCAD_34_1.8.187_BUY_M15": -0.10779584665927121,
      "USDCAD_51_6.27.122_BUY_M15": -0.1237138044434846,
      "USDCAD_77_3.51.113_SELL_M15": 1.0,
      "USDCHF_35_3.1.133_SELL_M15": 0.03359916542642546,
      "USDCHF_36_4.5.112_SELL_M15": -0.08728079135033481,
      "USDCHF_52_3.17.186_BOTH_M15": 0.026324291652651544,
      "USDCHF_53_6.47.153_BOTH_M15": -0.12054724641669992,
      "USDCHF_55_6.23.134_BUY_M15": -0.13706379553223827,
      "USDJPY_37_0.18430_BUY_M15": -0.09982021929582215,
      "USDJPY_38_1.35.168_BUY_M15": -0.005249806076821677,
      "USDJPY_39_6.27.190_BUY_M15": -0.08446989860499833,
      "USDJPY_40_2.4.138_BUY_M15": -0.07535549110237777,
      "USDJPY_41_2.5.172_BUY_M15": -0.06358839078870017,
      "USDJPY_57_4.8.181_BUY_M15": -0.08810903776051401,
      "USOIL.cash_42_1.25.121_BUY_M15": 0.04841430770737267,
      "USOIL.cash_43_5.11.112_BUY_M15": 0.022227062969732245,
      "USOIL.cash_44_6.17.127_BUY_M15": -0.009210003829390287,
      "USOIL.cash_54_4.18.190_BOTH_M15": -0.009210003829390287,
      "XAUUSD_45_2.13.130_BUY_M15": 0.07353428527670587,
      "XAUUSD_58_5.6.136_BUY_M15": 0.022965685770851937
    },
    "drawdown_correlation_row": {
      "AUDJPY_1_3.14.146_BUY_M15": -0.032843458638900244,
      "AUDJPY_2_5.20.109_BUY_M15": 0.24025542054490512,
      "AUDJPY_3_3.19_BUY_M15": 0.08935766168815737,
      "AUDJPY_46_3.50.181_BUY_M15": 0.10448365977870583,
      "AUDJPY_47_6.30.171_BOTH_M15": 0.1763024209528597,
      "AUDJPY_56_1.14.109_BUY_M15": 0.1515436363897439,
      "AUDJPY_78_3.7.108_BUY_M15": 0.09161098602300842,
      "AUDUSD_48_5.8.189_SELL_M15": 0.08942377266781569,
      "AUDUSD_4_3.27.109_SELL_M15": -0.21934308966352456,
      "AUDUSD_5_6.3.178_SELL_M15": -0.169738425140985,
      "AUDUSD_60_1.31.145_SELL_M15": -0.3304872955934179,
      "AUDUSD_61_6.25.174_SELL_M15": -0.12233399711823932,
      "AUDUSD_6_5.9.126_SELL_M15": -0.008546842797269421,
      "EURGBP_10_5.21.111_SELL_M15": -0.31276492692609126,
      "EURGBP_49_2.36.141_BOTH_M15": 0.18441959182700926,
      "EURGBP_62_3.31.132_BUY_M15": -0.15272166457688358,
      "EURGBP_63_4.21.189_SELL_M15": 0.044438308480933525,
      "EURGBP_70_2.27.108_SELL_M15": -0.1862706436772534,
      "EURGBP_7_3.16.177_SELL_M15": -0.032215128857609326,
      "EURGBP_8_6.1.186_SELL_M15": -0.07312020290817027,
      "EURGBP_9_5.2.127_SELL_M15": -0.10261619971698255,
      "EURUSD_11_1.42.105_SELL_M15": 0.003453663257055495,
      "EURUSD_12_3.47.124_BUY_M15": 0.06733201871768862,
      "EURUSD_13_6.46.178_BUY_M15": 0.3607921539504391,
      "EURUSD_14_5.6.167_BUY_M15": 0.06067213960258598,
      "EURUSD_18_6.6.111_SELL_M15": 0.00694724091106025,
      "EURUSD_59_2.34.129_SELL_M15": -0.019210675110722636,
      "EURUSD_64_4.34.165_BUY_M15": 0.15302401964515186,
      "EURUSD_71_5.30.159_SELL_M15": -0.192074382262126,
      "EURUSD_72_5.42.127_SELL_M15": 0.037755794163295026,
      "EURUSD_73_5.43.181_SELL_M15": -0.12545924775075082,
      "GBPJPY_50_5.35.116_BUY_M15": 0.19606114974077427,
      "GBPJPY_65_2.14.157_BUY_M15": -0.08480459897766125,
      "GBPJPY_66_4.17.131_BOTH_M15": 0.12294079634428486,
      "GBPJPY_67_4.19.99_BOTH_M15": 0.1707357268762305,
      "GBPUSD_19_0.13205_BUY_M15": -0.035039942934010616,
      "GBPUSD_20_1.32.126_BUY_M15": -0.20376393781769664,
      "GBPUSD_21_3.3.167_BUY_M15": 0.2080346321234945,
      "GBPUSD_22_6.11.100_SELL_M15": -0.16040537489631146,
      "GBPUSD_69_3.13.113_BUY_M15": 0.2803194817885438,
      "GBPUSD_74_6.52.179_SELL_M15": -0.030819136369515693,
      "NZDUSD_23_2.12.147_SELL_M15": -0.15129686706373865,
      "NZDUSD_24_4.41.120_SELL_M15": -0.2297833176564919,
      "NZDUSD_25_5.7.105_SELL_M15": -0.08898697120941317,
      "NZDUSD_26_2.6.180_SELL_M15": 0.018689306965290548,
      "NZDUSD_27_6.16.107_SELL_M15": 0.1127527168242334,
      "NZDUSD_75_4.73.120_SELL_M15": 0.06915702019655881,