{
  "strategy_id": "USDCAD_32_4.16.175_BUY_M15",
  "summary": {
    "strategy_id": "USDCAD_32_4.16.175_BUY_M15",
    "symbol_count": 1,
    "side_mix": null,
    "trade_count": 765,
    "avg_return_correlation": 0.06593102118530426,
    "max_return_correlation": 0.5506714847835382,
    "avg_drawdown_correlation": 0.0868780945223775,
    "max_drawdown_correlation": 0.5871508040399466,
    "avg_stress_overlap": 0.09184867364303688,
    "max_stress_overlap": 0.3942857142857143,
    "avg_symbol_overlap": 0.0821917808219178,
    "max_symbol_overlap": 1.0,
    "avg_side_overlap": 0.821917808219178,
    "max_side_overlap": 1.0,
    "correlation_penalty": 0.07640455785384088,
    "marginal_dd_contribution": 1.0620251758608248,
    "diversification_score": 0.9024784309134314,
    "portfolio_fit_score": 0.7012923167155087,
    "cluster_membership": "CLUSTER_43"
  },
  "peer_snapshot": {
    "return_correlation_row": {
      "AUDJPY_1_3.14.146_BUY_M15": -0.10807014949335987,
      "AUDJPY_2_5.20.109_BUY_M15": -0.1384440734866181,
      "AUDJPY_3_3.19_BUY_M15": -0.09749516925018743,
      "AUDJPY_46_3.50.181_BUY_M15": -0.1339480068743571,
      "AUDJPY_47_6.30.171_BOTH_M15": -0.07541299601335516,
      "AUDJPY_56_1.14.109_BUY_M15": -0.1266960471973436,
      "AUDJPY_78_3.7.108_BUY_M15": -0.0961923755850393,
      "AUDUSD_48_5.8.189_SELL_M15": 0.2896287584575975,
      "AUDUSD_4_3.27.109_SELL_M15": 0.2741004224994383,
      "AUDUSD_5_6.3.178_SELL_M15": 0.25516415870758546,
      "AUDUSD_60_1.31.145_SELL_M15": 0.25140572196727706,
      "AUDUSD_61_6.25.174_SELL_M15": 0.17006214432868336,
      "AUDUSD_6_5.9.126_SELL_M15": 0.2646924757402127,
      "EURGBP_10_5.21.111_SELL_M15": 0.0173096136243694,
      "EURGBP_49_2.36.141_BOTH_M15": -0.02269800041756141,
      "EURGBP_62_3.31.132_BUY_M15": -0.03764443001245735,
      "EURGBP_63_4.21.189_SELL_M15": -0.004686969945435639,
      "EURGBP_70_2.27.108_SELL_M15": 0.004771865571417023,
      "EURGBP_7_3.16.177_SELL_M15": -0.025444325158135123,
      "EURGBP_8_6.1.186_SELL_M15": -0.04442017484384969,
      "EURGBP_9_5.2.127_SELL_M15": 0.006430944896813247,
      "EURUSD_11_1.42.105_SELL_M15": 0.14421509518825176,
      "EURUSD_12_3.47.124_BUY_M15": -0.03277439091755242,
      "EURUSD_13_6.46.178_BUY_M15": -0.09013479433706857,
      "EURUSD_14_5.6.167_BUY_M15": -0.11205202509136032,
      "EURUSD_18_6.6.111_SELL_M15": 0.19928933136155563,
      "EURUSD_59_2.34.129_SELL_M15": 0.22312225798385726,
      "EURUSD_64_4.34.165_BUY_M15": -0.02742611603063326,
      "EURUSD_71_5.30.159_SELL_M15": 0.1621593736144684,
      "EURUSD_72_5.42.127_SELL_M15": 0.17321592409308229,
      "EURUSD_73_5.43.181_SELL_M15": 0.18102757222417745,
      "GBPJPY_50_5.35.116_BUY_M15": -0.07422873487742788,
      "GBPJPY_65_2.14.157_BUY_M15": -0.05581556794035779,
      "GBPJPY_66_4.17.131_BOTH_M15": -0.07264965158619802,
      "GBPJPY_67_4.19.99_BOTH_M15": -0.061827022416756194,
      "GBPUSD_19_0.13205_BUY_M15": -0.0705762591438316,
      "GBPUSD_20_1.32.126_BUY_M15": -0.0692026009296915,
      "GBPUSD_21_3.3.167_BUY_M15": -0.16209591988650046,
      "GBPUSD_22_6.11.100_SELL_M15": 0.08212395771484857,
      "GBPUSD_69_3.13.113_BUY_M15": 0.13695713209242824,
      "GBPUSD_74_6.52.179_SELL_M15": 0.23611299399317412,
      "NZDUSD_23_2.12.147_SELL_M15": 0.18916222189911458,
      "NZDUSD_24_4.41.120_SELL_M15": 0.07791693837645242,
      "NZDUSD_25_5.7.105_SELL_M15": 0.2451760043190838,
      "NZDUSD_26_2.6.180_SELL_M15": 0.27959120511524915,
      "NZDUSD_27_6.16.107_SELL_M15": 0.2529715574232969,
      "NZDUSD_75_4.73.120_SELL_M15": 0.18862459486740166,
      "NZDUSD_76_5.71.164_BUY_M15": -0.07533222710478853,
      "US500.cash_28_3.8.114_BUY_M15": -0.0499328523099431,
      "US500.cash_29_3.32.156_BUY_M15": -0.010250412771846096,
      "USDCAD_30_2.34.141_BUY_M15": 0.5506714847835382,
      "USDCAD_31_3.2.189_BUY_M15": 0.4153889411108468,
      "USDCAD_32_4.16.175_BUY_M15": 1.0,
      "USDCAD_33_5.11.180_BUY_M15": 0.19061146551774297,
      "USDCAD_34_1.8.187_BUY_M15": 0.29980302907667566,
      "USDCAD_51_6.27.122_BUY_M15": 0.41421007528923043,
      "USDCAD_77_3.51.113_SELL_M15": -0.03302105670996503,
      "USDCHF_35_3.1.133_SELL_M15": -0.06638682302444883,
      "USDCHF_36_4.5.112_SELL_M15": 0.15389798633015286,
      "USDCHF_52_3.17.186_BOTH_M15": -0.08634942994841907,
      "USDCHF_53_6.47.153_BOTH_M15": 0.16509986556972453,
      "USDCHF_55_6.23.134_BUY_M15": 0.11149399573815516,
      "USDJPY_37_0.18430_BUY_M15": 0.0597999663990046,
      "USDJPY_38_1.35.168_BUY_M15": 0.060683712161661504,
      "USDJPY_39_6.27.190_BUY_M15": 0.09817241444022602,
      "USDJPY_40_2.4.138_BUY_M15": 0.09537570864493837,
      "USDJPY_41_2.5.172_BUY_M15": 0.12283116869029666,
      "USDJPY_57_4.8.181_BUY_M15": 0.1350330731156728,
      "USOIL.cash_42_1.25.121_BUY_M15": -0.0597320309654325,
      "USOIL.cash_43_5.11.112_BUY_M15": -0.08803886839111306,
      "USOIL.cash_44_6.17.127_BUY_M15": -0.03650875144048131,
      "USOIL.cash_54_4.18.190_BOTH_M15": -0.03650875144048131,
      "XAUUSD_45_2.13.130_BUY_M15": -0.055864676248516786,
      "XAUUSD_58_5.6.136_BUY_M15": -0.027478924609978004
    },
    "drawdown_correlation_row": {
      "AUDJPY_1_3.14.146_BUY_M15": -0.07898177392697932,
      "AUDJPY_2_5.20.109_BUY_M15": -0.18106444701940813,
      "AUDJPY_3_3.19_BUY_M15": 0.1461579212820542,
      "AUDJPY_46_3.50.181_BUY_M15": -0.16162682582703888,
      "AUDJPY_47_6.30.171_BOTH_M15": -0.1718180251599955,
      "AUDJPY_56_1.14.109_BUY_M15": 0.14178371154408867,
      "AUDJPY_78_3.7.108_BUY_M15": 0.14173042744816297,
      "AUDUSD_48_5.8.189_SELL_M15": -0.07517092961376572,
      "AUDUSD_4_3.27.109_SELL_M15": 0.051894142382256814,
      "AUDUSD_5_6.3.178_SELL_M15": 0.09491615772261985,
      "AUDUSD_60_1.31.145_SELL_M15": 0.14642494350851548,
      "AUDUSD_61_6.25.174_SELL_M15": 0.13692931685805038,
      "AUDUSD_6_5.9.126_SELL_M15": 0.37317752904262547,
      "EURGBP_10_5.21.111_SELL_M15": 0.24711407113650585,
      "EURGBP_49_2.36.141_BOTH_M15": -0.11140158521960164,
      "EURGBP_62_3.31.132_BUY_M15": 0.16946220090767586,
      "EURGBP_63_4.21.189_SELL_M15": 0.10833301336588089,
      "EURGBP_70_2.27.108_SELL_M15": 0.24387490561132055,
      "EURGBP_7_3.16.177_SELL_M15": 0.1846245544717875,
      "EURGBP_8_6.1.186_SELL_M15": 0.06076630261330249,
      "EURGBP_9_5.2.127_SELL_M15": 0.009012499361043777,
      "EURUSD_11_1.42.105_SELL_M15": 0.28339269476154727,
      "EURUSD_12_3.47.124_BUY_M15": 0.013325774798849223,
      "EURUSD_13_6.46.178_BUY_M15": -0.08250910712889466,
      "EURUSD_14_5.6.167_BUY_M15": 0.20758603061397032,
      "EURUSD_18_6.6.111_SELL_M15": 0.2613082754149051,
      "EURUSD_59_2.34.129_SELL_M15": 0.05578344398607409,
      "EURUSD_64_4.34.165_BUY_M15": -0.09546802717378852,
      "EURUSD_71_5.30.159_SELL_M15": -0.03859610023888953,
      "EURUSD_72_5.42.127_SELL_M15": 0.044492457409148506,
      "EURUSD_73_5.43.181_SELL_M15": 0.03853561685372591,
      "GBPJPY_50_5.35.116_BUY_M15": -0.25103956086458595,
      "GBPJPY_65_2.14.157_BUY_M15": -0.1652826988616324,
      "GBPJPY_66_4.17.131_BOTH_M15": 0.06517530221786853,
      "GBPJPY_67_4.19.99_BOTH_M15": 0.04791028860348059,
      "GBPUSD_19_0.13205_BUY_M15": 0.04856829677213195,
      "GBPUSD_20_1.32.126_BUY_M15": 0.01444629771100861,
      "GBPUSD_21_3.3.167_BUY_M15": -0.06659751823501191,
      "GBPUSD_22_6.11.100_SELL_M15": 0.019738104445212325,
      "GBPUSD_69_3.13.113_BUY_M15": 0.16995333020577533,
      "GBPUSD_74_6.52.179_SELL_M15": -0.15601102856364835,
      "NZDUSD_23_2.12.147_SELL_M15": 0.11715107190532734,
      "NZDUSD_24_4.41.120_SELL_M15": 0.1741720970573296,
      "NZDUSD_25_5.7.105_SELL_M15": 0.2616564755578578,
      "NZDUSD_26_2.6.180_SELL_M15": 0.20390131382305446,
      "NZDUSD_27_6.16.107_SELL_M15": 0.4097350923859465,
      "NZDUSD_75_4.73.120_SELL_M15": 0.19254174834627769,
      "NZDUSD_76_5.71.164_BUY_M15": 0.22420951512223725,