{
  "strategy_id": "USDCAD_31_3.2.189_BUY_M15",
  "summary": {
    "strategy_id": "USDCAD_31_3.2.189_BUY_M15",
    "symbol_count": 1,
    "side_mix": "BUY",
    "trade_count": 1719,
    "avg_return_correlation": 0.06431058156930078,
    "max_return_correlation": 0.42835639510747237,
    "avg_drawdown_correlation": 0.0579511412841105,
    "max_drawdown_correlation": 0.6699290858430573,
    "avg_stress_overlap": 0.08196515663143382,
    "max_stress_overlap": 0.48484848484848486,
    "avg_symbol_overlap": 0.0821917808219178,
    "max_symbol_overlap": 1.0,
    "avg_side_overlap": 0.46347031963470314,
    "max_side_overlap": 0.5,
    "correlation_penalty": 0.06113086142670564,
    "marginal_dd_contribution": -1.1157830433172933,
    "diversification_score": 0.9075913005257009,
    "portfolio_fit_score": 0.7037398611106845,
    "cluster_membership": "CLUSTER_44"
  },
  "peer_snapshot": {
    "return_correlation_row": {
      "AUDJPY_1_3.14.146_BUY_M15": -0.07196967672572727,
      "AUDJPY_2_5.20.109_BUY_M15": -0.1012764137214815,
      "AUDJPY_3_3.19_BUY_M15": -0.07634981050094239,
      "AUDJPY_46_3.50.181_BUY_M15": -0.12352942503837948,
      "AUDJPY_47_6.30.171_BOTH_M15": -0.0300204279796328,
      "AUDJPY_56_1.14.109_BUY_M15": -0.10225816290304966,
      "AUDJPY_78_3.7.108_BUY_M15": -0.07557532875880436,
      "AUDUSD_48_5.8.189_SELL_M15": 0.24067505717706134,
      "AUDUSD_4_3.27.109_SELL_M15": 0.25620118714226175,
      "AUDUSD_5_6.3.178_SELL_M15": 0.28803812059196504,
      "AUDUSD_60_1.31.145_SELL_M15": 0.22776766939878124,
      "AUDUSD_61_6.25.174_SELL_M15": 0.13758430339236397,
      "AUDUSD_6_5.9.126_SELL_M15": 0.21854973828133273,
      "EURGBP_10_5.21.111_SELL_M15": 0.0009169874494593304,
      "EURGBP_49_2.36.141_BOTH_M15": 0.01121526029193933,
      "EURGBP_62_3.31.132_BUY_M15": 0.010673730880727391,
      "EURGBP_63_4.21.189_SELL_M15": 0.011980228460255185,
      "EURGBP_70_2.27.108_SELL_M15": 0.006776158665399548,
      "EURGBP_7_3.16.177_SELL_M15": 0.014815325535206364,
      "EURGBP_8_6.1.186_SELL_M15": 0.002715342165379079,
      "EURGBP_9_5.2.127_SELL_M15": -0.014503520471227577,
      "EURUSD_11_1.42.105_SELL_M15": 0.15393741689380766,
      "EURUSD_12_3.47.124_BUY_M15": -0.028428235555840963,
      "EURUSD_13_6.46.178_BUY_M15": -0.032897250913656306,
      "EURUSD_14_5.6.167_BUY_M15": -0.02442493026032845,
      "EURUSD_18_6.6.111_SELL_M15": 0.20204103968049342,
      "EURUSD_59_2.34.129_SELL_M15": 0.17483653699566004,
      "EURUSD_64_4.34.165_BUY_M15": -0.024089599425984244,
      "EURUSD_71_5.30.159_SELL_M15": 0.14492670563171695,
      "EURUSD_72_5.42.127_SELL_M15": 0.1035811433877143,
      "EURUSD_73_5.43.181_SELL_M15": 0.09142117443281902,
      "GBPJPY_50_5.35.116_BUY_M15": -0.0370019289606593,
      "GBPJPY_65_2.14.157_BUY_M15": -0.032261863697413164,
      "GBPJPY_66_4.17.131_BOTH_M15": -0.05424154302132736,
      "GBPJPY_67_4.19.99_BOTH_M15": -0.04515903058124996,
      "GBPUSD_19_0.13205_BUY_M15": -0.09509750862422268,
      "GBPUSD_20_1.32.126_BUY_M15": -0.06041446716695143,
      "GBPUSD_21_3.3.167_BUY_M15": -0.13965077412364427,
      "GBPUSD_22_6.11.100_SELL_M15": 0.06336577874319373,
      "GBPUSD_69_3.13.113_BUY_M15": 0.10605042374124178,
      "GBPUSD_74_6.52.179_SELL_M15": 0.1933781118526102,
      "NZDUSD_23_2.12.147_SELL_M15": 0.18473698950458278,
      "NZDUSD_24_4.41.120_SELL_M15": 0.11212950632727026,
      "NZDUSD_25_5.7.105_SELL_M15": 0.22713817070063066,
      "NZDUSD_26_2.6.180_SELL_M15": 0.25588889328259695,
      "NZDUSD_27_6.16.107_SELL_M15": 0.18856435972281793,
      "NZDUSD_75_4.73.120_SELL_M15": 0.14780250665663444,
      "NZDUSD_76_5.71.164_BUY_M15": -0.10158293858183245,
      "US500.cash_28_3.8.114_BUY_M15": -0.07051757509989268,
      "US500.cash_29_3.32.156_BUY_M15": -0.012291518300532977,
      "USDCAD_30_2.34.141_BUY_M15": 0.351832598173331,
      "USDCAD_31_3.2.189_BUY_M15": 1.0,
      "USDCAD_32_4.16.175_BUY_M15": 0.4153889411108468,
      "USDCAD_33_5.11.180_BUY_M15": 0.32830840193207717,
      "USDCAD_34_1.8.187_BUY_M15": 0.42835639510747237,
      "USDCAD_51_6.27.122_BUY_M15": 0.4159840530080215,
      "USDCAD_77_3.51.113_SELL_M15": -0.02798589501262365,
      "USDCHF_35_3.1.133_SELL_M15": -0.026635386250723182,
      "USDCHF_36_4.5.112_SELL_M15": 0.11067484842659461,
      "USDCHF_52_3.17.186_BOTH_M15": -0.07241127308492243,
      "USDCHF_53_6.47.153_BOTH_M15": 0.1602258660684771,
      "USDCHF_55_6.23.134_BUY_M15": 0.12708599274197233,
      "USDJPY_37_0.18430_BUY_M15": 0.047542575723493366,
      "USDJPY_38_1.35.168_BUY_M15": 0.03990645027072319,
      "USDJPY_39_6.27.190_BUY_M15": 0.06985253771791256,
      "USDJPY_40_2.4.138_BUY_M15": 0.07945434941301732,
      "USDJPY_41_2.5.172_BUY_M15": 0.11899556318976992,
      "USDJPY_57_4.8.181_BUY_M15": 0.0930495455999088,
      "USOIL.cash_42_1.25.121_BUY_M15": -0.050427279496112386,
      "USOIL.cash_43_5.11.112_BUY_M15": -0.056353834900360236,
      "USOIL.cash_44_6.17.127_BUY_M15": -0.05694078600686493,
      "USOIL.cash_54_4.18.190_BOTH_M15": -0.05694078600686493,
      "XAUUSD_45_2.13.130_BUY_M15": -0.10093762372082311,
      "XAUUSD_58_5.6.136_BUY_M15": -0.0675187360185069
    },
    "drawdown_correlation_row": {
      "AUDJPY_1_3.14.146_BUY_M15": -0.12982695816489012,
      "AUDJPY_2_5.20.109_BUY_M15": -0.12605705118995642,
      "AUDJPY_3_3.19_BUY_M15": -0.1918902296659835,
      "AUDJPY_46_3.50.181_BUY_M15": -0.24091376892322514,
      "AUDJPY_47_6.30.171_BOTH_M15": -0.42922765236167193,
      "AUDJPY_56_1.14.109_BUY_M15": -0.08995705907582553,
      "AUDJPY_78_3.7.108_BUY_M15": -0.1938029759910021,
      "AUDUSD_48_5.8.189_SELL_M15": 0.25399143006571184,
      "AUDUSD_4_3.27.109_SELL_M15": 0.3639089664114002,
      "AUDUSD_5_6.3.178_SELL_M15": 0.4328139516964735,
      "AUDUSD_60_1.31.145_SELL_M15": 0.3580276241879225,
      "AUDUSD_61_6.25.174_SELL_M15": -0.0006823377862578491,
      "AUDUSD_6_5.9.126_SELL_M15": 0.23531110937186944,
      "EURGBP_10_5.21.111_SELL_M15": 0.14470047257358862,
      "EURGBP_49_2.36.141_BOTH_M15": -0.21909609361515514,
      "EURGBP_62_3.31.132_BUY_M15": 0.17957192403577824,
      "EURGBP_63_4.21.189_SELL_M15": 0.012369496514680445,
      "EURGBP_70_2.27.108_SELL_M15": 0.3319657146203331,
      "EURGBP_7_3.16.177_SELL_M15": 0.2889451574375049,
      "EURGBP_8_6.1.186_SELL_M15": -0.1535988371561927,
      "EURGBP_9_5.2.127_SELL_M15": -0.21155500061760274,
      "EURUSD_11_1.42.105_SELL_M15": -0.10095609898674211,
      "EURUSD_12_3.47.124_BUY_M15": 0.1645942883536554,
      "EURUSD_13_6.46.178_BUY_M15": 0.05393578377905331,
      "EURUSD_14_5.6.167_BUY_M15": 0.3365671324723078,
      "EURUSD_18_6.6.111_SELL_M15": 0.05138365177863325,
      "EURUSD_59_2.34.129_SELL_M15": 0.07530743454826505,
      "EURUSD_64_4.34.165_BUY_M15": 0.16523895943822298,
      "EURUSD_71_5.30.159_SELL_M15": 0.35474883451018074,
      "EURUSD_72_5.42.127_SELL_M15": 0.1384370461429589,
      "EURUSD_73_5.43.181_SELL_M15": 0.08902541790979815,
      "GBPJPY_50_5.35.116_BUY_M15": -0.16311901746947172,
      "GBPJPY_65_2.14.157_BUY_M15": -0.11138956944210503,
      "GBPJPY_66_4.17.131_BOTH_M15": 0.1983060743292246,
      "GBPJPY_67_4.19.99_BOTH_M15": 0.17337694689768027,
      "GBPUSD_19_0.13205_BUY_M15": 0.002980660134183161,
      "GBPUSD_20_1.32.126_BUY_M15": 0.21605745993092482,
      "GBPUSD_21_3.3.167_BUY_M15": -0.07012199028236299,
      "GBPUSD_22_6.11.100_SELL_M15": 0.1172517905526507,
      "GBPUSD_69_3.13.113_BUY_M15": -0.04752920717635238,
      "GBPUSD_74_6.52.179_SELL_M15": -0.08014414967379478,
      "NZDUSD_23_2.12.147_SELL_M15": 0.4905471782988052,
      "NZDUSD_24_4.41.120_SELL_M15": 0.22990659382428155,
      "NZDUSD_25_5.7.105_SELL_M15": 0.1428852625209491,
      "NZDUSD_26_2.6.180_SELL_M15": 0.09599309229385856,
      "NZDUSD_27_6.16.107_SELL_M15": 0.13822005382734198,
      "NZDUSD_75_4.73.120_SELL_M15": 0.31337658986145633,
      "NZDUSD_76_5.71.164_BUY_M15": -0.007755861669449447,