{
  "strategy_id": "USDCAD_30_2.34.141_BUY_M15",
  "summary": {
    "strategy_id": "USDCAD_30_2.34.141_BUY_M15",
    "symbol_count": 1,
    "side_mix": "BUY",
    "trade_count": 635,
    "avg_return_correlation": 0.052148943068782,
    "max_return_correlation": 0.5506714847835382,
    "avg_drawdown_correlation": 0.05227093278901445,
    "max_drawdown_correlation": 0.4093315324984245,
    "avg_stress_overlap": 0.08205842952978726,
    "max_stress_overlap": 0.3942857142857143,
    "avg_symbol_overlap": 0.0821917808219178,
    "max_symbol_overlap": 1.0,
    "avg_side_overlap": 0.08904109589041095,
    "max_side_overlap": 1.0,
    "correlation_penalty": 0.05220993792889822,
    "marginal_dd_contribution": 1.8809292854498665,
    "diversification_score": 0.9129550185711078,
    "portfolio_fit_score": 0.7065715557498264,
    "cluster_membership": "CLUSTER_43"
  },
  "peer_snapshot": {
    "return_correlation_row": {
      "AUDJPY_1_3.14.146_BUY_M15": -0.06061231704856946,
      "AUDJPY_2_5.20.109_BUY_M15": -0.09861490348149579,
      "AUDJPY_3_3.19_BUY_M15": -0.09907072272373202,
      "AUDJPY_46_3.50.181_BUY_M15": -0.08190912807192248,
      "AUDJPY_47_6.30.171_BOTH_M15": -0.060861090463010435,
      "AUDJPY_56_1.14.109_BUY_M15": -0.13519967590915483,
      "AUDJPY_78_3.7.108_BUY_M15": -0.09651807933557989,
      "AUDUSD_48_5.8.189_SELL_M15": 0.16965438790716106,
      "AUDUSD_4_3.27.109_SELL_M15": 0.20164104185510193,
      "AUDUSD_5_6.3.178_SELL_M15": 0.1812919644381264,
      "AUDUSD_60_1.31.145_SELL_M15": 0.2480488619984584,
      "AUDUSD_61_6.25.174_SELL_M15": 0.16800562147445067,
      "AUDUSD_6_5.9.126_SELL_M15": 0.16330913657753965,
      "EURGBP_10_5.21.111_SELL_M15": 0.029045770605485948,
      "EURGBP_49_2.36.141_BOTH_M15": -0.041054844683426135,
      "EURGBP_62_3.31.132_BUY_M15": -0.03675267159843341,
      "EURGBP_63_4.21.189_SELL_M15": 0.01213833154790743,
      "EURGBP_70_2.27.108_SELL_M15": 0.01681404656055081,
      "EURGBP_7_3.16.177_SELL_M15": -0.033061734971376544,
      "EURGBP_8_6.1.186_SELL_M15": -0.007182491270181671,
      "EURGBP_9_5.2.127_SELL_M15": 0.0014113941957888797,
      "EURUSD_11_1.42.105_SELL_M15": 0.11900055404869574,
      "EURUSD_12_3.47.124_BUY_M15": -0.03785081103442759,
      "EURUSD_13_6.46.178_BUY_M15": -0.01685183206019664,
      "EURUSD_14_5.6.167_BUY_M15": -0.050108531837101566,
      "EURUSD_18_6.6.111_SELL_M15": 0.14785574866704265,
      "EURUSD_59_2.34.129_SELL_M15": 0.18030022655286257,
      "EURUSD_64_4.34.165_BUY_M15": -0.053513220384622716,
      "EURUSD_71_5.30.159_SELL_M15": 0.14737959627530578,
      "EURUSD_72_5.42.127_SELL_M15": 0.13639934434418913,
      "EURUSD_73_5.43.181_SELL_M15": 0.12955841398625045,
      "GBPJPY_50_5.35.116_BUY_M15": -0.06632680121276763,
      "GBPJPY_65_2.14.157_BUY_M15": -0.06787070326880403,
      "GBPJPY_66_4.17.131_BOTH_M15": -0.06036546750965631,
      "GBPJPY_67_4.19.99_BOTH_M15": -0.0661277416895791,
      "GBPUSD_19_0.13205_BUY_M15": -0.0750986478860074,
      "GBPUSD_20_1.32.126_BUY_M15": -0.03711841607626,
      "GBPUSD_21_3.3.167_BUY_M15": -0.12405835645042847,
      "GBPUSD_22_6.11.100_SELL_M15": 0.04189624352542295,
      "GBPUSD_69_3.13.113_BUY_M15": 0.07602554855991168,
      "GBPUSD_74_6.52.179_SELL_M15": 0.1899062585847616,
      "NZDUSD_23_2.12.147_SELL_M15": 0.13818264483593215,
      "NZDUSD_24_4.41.120_SELL_M15": 0.086581468425343,
      "NZDUSD_25_5.7.105_SELL_M15": 0.17181152845271633,
      "NZDUSD_26_2.6.180_SELL_M15": 0.2353906002863337,
      "NZDUSD_27_6.16.107_SELL_M15": 0.1756983696131707,
      "NZDUSD_75_4.73.120_SELL_M15": 0.1340978315817674,
      "NZDUSD_76_5.71.164_BUY_M15": -0.05085250520229523,
      "US500.cash_28_3.8.114_BUY_M15": -0.03486410246747797,
      "US500.cash_29_3.32.156_BUY_M15": 0.024885295595079484,
      "USDCAD_30_2.34.141_BUY_M15": 1.0,
      "USDCAD_31_3.2.189_BUY_M15": 0.351832598173331,
      "USDCAD_32_4.16.175_BUY_M15": 0.5506714847835382,
      "USDCAD_33_5.11.180_BUY_M15": 0.1289798812895915,
      "USDCAD_34_1.8.187_BUY_M15": 0.22451300989921044,
      "USDCAD_51_6.27.122_BUY_M15": 0.34048204946662824,
      "USDCAD_77_3.51.113_SELL_M15": -0.016088514343556622,
      "USDCHF_35_3.1.133_SELL_M15": -0.033064382240730564,
      "USDCHF_36_4.5.112_SELL_M15": 0.09109393663348316,
      "USDCHF_52_3.17.186_BOTH_M15": -0.016757918047257382,
      "USDCHF_53_6.47.153_BOTH_M15": 0.13065077114589083,
      "USDCHF_55_6.23.134_BUY_M15": 0.11056502052391627,
      "USDJPY_37_0.18430_BUY_M15": 0.04725516555194971,
      "USDJPY_38_1.35.168_BUY_M15": 0.03530893016611353,
      "USDJPY_39_6.27.190_BUY_M15": 0.04281718522511189,
      "USDJPY_40_2.4.138_BUY_M15": 0.045953732687326734,
      "USDJPY_41_2.5.172_BUY_M15": 0.0655521938421027,
      "USDJPY_57_4.8.181_BUY_M15": 0.07554863600917644,
      "USOIL.cash_42_1.25.121_BUY_M15": -0.03143184021526022,
      "USOIL.cash_43_5.11.112_BUY_M15": -0.05777461870022518,
      "USOIL.cash_44_6.17.127_BUY_M15": -0.036556154470161,
      "USOIL.cash_54_4.18.190_BOTH_M15": -0.036556154470161,
      "XAUUSD_45_2.13.130_BUY_M15": -0.02908890668434223,
      "XAUUSD_58_5.6.136_BUY_M15": -0.01151869606344048
    },
    "drawdown_correlation_row": {
      "AUDJPY_1_3.14.146_BUY_M15": 0.09736320367929495,
      "AUDJPY_2_5.20.109_BUY_M15": 0.302593025442252,
      "AUDJPY_3_3.19_BUY_M15": 0.1663490773222572,
      "AUDJPY_46_3.50.181_BUY_M15": -0.09224324030999766,
      "AUDJPY_47_6.30.171_BOTH_M15": 0.16428084699886117,
      "AUDJPY_56_1.14.109_BUY_M15": 0.18540462531578256,
      "AUDJPY_78_3.7.108_BUY_M15": 0.16822186320907992,
      "AUDUSD_48_5.8.189_SELL_M15": 0.210953585434542,
      "AUDUSD_4_3.27.109_SELL_M15": -0.13833437880816746,
      "AUDUSD_5_6.3.178_SELL_M15": -0.10633489012480342,
      "AUDUSD_60_1.31.145_SELL_M15": -0.07801056064901367,
      "AUDUSD_61_6.25.174_SELL_M15": 0.0353055860391781,
      "AUDUSD_6_5.9.126_SELL_M15": -0.04984066510756415,
      "EURGBP_10_5.21.111_SELL_M15": 0.04926492824637885,
      "EURGBP_49_2.36.141_BOTH_M15": 0.1660680438661129,
      "EURGBP_62_3.31.132_BUY_M15": 0.16421489224798988,
      "EURGBP_63_4.21.189_SELL_M15": 0.16025547789657085,
      "EURGBP_70_2.27.108_SELL_M15": -0.20676722347833817,
      "EURGBP_7_3.16.177_SELL_M15": -0.11113680638793133,
      "EURGBP_8_6.1.186_SELL_M15": -0.02300177338254945,
      "EURGBP_9_5.2.127_SELL_M15": 0.01284885777096757,
      "EURUSD_11_1.42.105_SELL_M15": 0.004684842162331997,
      "EURUSD_12_3.47.124_BUY_M15": 0.2916682247255289,
      "EURUSD_13_6.46.178_BUY_M15": 0.3242359350519795,
      "EURUSD_14_5.6.167_BUY_M15": -0.35953618553145045,
      "EURUSD_18_6.6.111_SELL_M15": 0.02075281953226771,
      "EURUSD_59_2.34.129_SELL_M15": 0.3116509045530213,
      "EURUSD_64_4.34.165_BUY_M15": 0.11017290494681728,
      "EURUSD_71_5.30.159_SELL_M15": -0.15184301956229998,
      "EURUSD_72_5.42.127_SELL_M15": -0.12093027950454681,
      "EURUSD_73_5.43.181_SELL_M15": -0.004059803939583069,
      "GBPJPY_50_5.35.116_BUY_M15": 0.013885567117195881,
      "GBPJPY_65_2.14.157_BUY_M15": -0.27546311291878933,
      "GBPJPY_66_4.17.131_BOTH_M15": -0.059940012200077955,
      "GBPJPY_67_4.19.99_BOTH_M15": -0.1496534678392868,
      "GBPUSD_19_0.13205_BUY_M15": 0.34855854349728876,
      "GBPUSD_20_1.32.126_BUY_M15": -0.04142826487549616,
      "GBPUSD_21_3.3.167_BUY_M15": -0.09379508227911665,
      "GBPUSD_22_6.11.100_SELL_M15": -0.24342602391002216,
      "GBPUSD_69_3.13.113_BUY_M15": -0.06273370083104317,
      "GBPUSD_74_6.52.179_SELL_M15": 0.031719743406757296,
      "NZDUSD_23_2.12.147_SELL_M15": -0.08661176353015747,
      "NZDUSD_24_4.41.120_SELL_M15": -0.08918825975651108,
      "NZDUSD_25_5.7.105_SELL_M15": 0.22128832896469428,
      "NZDUSD_26_2.6.180_SELL_M15": 0.319382872371303,
      "NZDUSD_27_6.16.107_SELL_M15": 0.2786480039945084,
      "NZDUSD_75_4.73.120_SELL_M15": 0.14042743444500685,
      "NZDUSD_76_5.71.164_BUY_M15": 0.09095163673400004,