{
  "strategy_id": "USDCAD_33_5.11.180_BUY_M15",
  "summary": {
    "strategy_id": "USDCAD_33_5.11.180_BUY_M15",
    "symbol_count": 1,
    "side_mix": null,
    "trade_count": 424,
    "avg_return_correlation": 0.031087535200246645,
    "max_return_correlation": 0.32830840193207717,
    "avg_drawdown_correlation": 0.06564714587437086,
    "max_drawdown_correlation": 0.6699290858430573,
    "avg_stress_overlap": 0.058578164263648896,
    "max_stress_overlap": 0.14485981308411214,
    "avg_symbol_overlap": 0.0821917808219178,
    "max_symbol_overlap": 1.0,
    "avg_side_overlap": 0.821917808219178,
    "max_side_overlap": 1.0,
    "correlation_penalty": 0.04836734053730875,
    "marginal_dd_contribution": 1.8320251758608066,
    "diversification_score": 0.9327513177420738,
    "portfolio_fit_score": 0.7164672601298299,
    "cluster_membership": "CLUSTER_45"
  },
  "peer_snapshot": {
    "return_correlation_row": {
      "AUDJPY_1_3.14.146_BUY_M15": -0.07044187936170275,
      "AUDJPY_2_5.20.109_BUY_M15": -0.08273070065639498,
      "AUDJPY_3_3.19_BUY_M15": -0.0972633133345287,
      "AUDJPY_46_3.50.181_BUY_M15": -0.10177074960414428,
      "AUDJPY_47_6.30.171_BOTH_M15": -0.11912760721295734,
      "AUDJPY_56_1.14.109_BUY_M15": -0.10572340811458927,
      "AUDJPY_78_3.7.108_BUY_M15": -0.09647246826534399,
      "AUDUSD_48_5.8.189_SELL_M15": 0.16984041701426197,
      "AUDUSD_4_3.27.109_SELL_M15": 0.09919321681987307,
      "AUDUSD_5_6.3.178_SELL_M15": 0.1699332761411281,
      "AUDUSD_60_1.31.145_SELL_M15": 0.08503836844563448,
      "AUDUSD_61_6.25.174_SELL_M15": 0.08300090093863577,
      "AUDUSD_6_5.9.126_SELL_M15": 0.14359724931924425,
      "EURGBP_10_5.21.111_SELL_M15": -0.0007599457190632834,
      "EURGBP_49_2.36.141_BOTH_M15": -0.03379007114781733,
      "EURGBP_62_3.31.132_BUY_M15": 0.016864661000830526,
      "EURGBP_63_4.21.189_SELL_M15": 0.04620834184173782,
      "EURGBP_70_2.27.108_SELL_M15": 0.02399825596600674,
      "EURGBP_7_3.16.177_SELL_M15": 0.016997643951557118,
      "EURGBP_8_6.1.186_SELL_M15": 0.013390940396022302,
      "EURGBP_9_5.2.127_SELL_M15": -0.0035182555168558607,
      "EURUSD_11_1.42.105_SELL_M15": 0.05589240714733507,
      "EURUSD_12_3.47.124_BUY_M15": -0.05850203080210506,
      "EURUSD_13_6.46.178_BUY_M15": -0.037341185030910724,
      "EURUSD_14_5.6.167_BUY_M15": -0.0585737088997968,
      "EURUSD_18_6.6.111_SELL_M15": 0.15371284054990325,
      "EURUSD_59_2.34.129_SELL_M15": 0.09361496742218624,
      "EURUSD_64_4.34.165_BUY_M15": -0.13435238953616213,
      "EURUSD_71_5.30.159_SELL_M15": 0.08308376786526331,
      "EURUSD_72_5.42.127_SELL_M15": 0.08487082151726037,
      "EURUSD_73_5.43.181_SELL_M15": 0.03993299914295027,
      "GBPJPY_50_5.35.116_BUY_M15": -0.049684948079336363,
      "GBPJPY_65_2.14.157_BUY_M15": -0.09338223068541462,
      "GBPJPY_66_4.17.131_BOTH_M15": -0.049984291262479795,
      "GBPJPY_67_4.19.99_BOTH_M15": -0.04357013932651488,
      "GBPUSD_19_0.13205_BUY_M15": -0.08948151982053332,
      "GBPUSD_20_1.32.126_BUY_M15": -0.04061831189597357,
      "GBPUSD_21_3.3.167_BUY_M15": -0.09278689677117243,
      "GBPUSD_22_6.11.100_SELL_M15": 0.05064213468722247,
      "GBPUSD_69_3.13.113_BUY_M15": 0.04923082948647111,
      "GBPUSD_74_6.52.179_SELL_M15": 0.12084302969838595,
      "NZDUSD_23_2.12.147_SELL_M15": 0.12919867662854034,
      "NZDUSD_24_4.41.120_SELL_M15": 0.0620772069735408,
      "NZDUSD_25_5.7.105_SELL_M15": 0.11237558680474946,
      "NZDUSD_26_2.6.180_SELL_M15": 0.1820682725525157,
      "NZDUSD_27_6.16.107_SELL_M15": 0.15958683148507527,
      "NZDUSD_75_4.73.120_SELL_M15": 0.06803936650691284,
      "NZDUSD_76_5.71.164_BUY_M15": -0.11294247591420732,
      "US500.cash_28_3.8.114_BUY_M15": -0.0597927801751396,
      "US500.cash_29_3.32.156_BUY_M15": -0.05208481164653031,
      "USDCAD_30_2.34.141_BUY_M15": 0.1289798812895915,
      "USDCAD_31_3.2.189_BUY_M15": 0.32830840193207717,
      "USDCAD_32_4.16.175_BUY_M15": 0.19061146551774297,
      "USDCAD_33_5.11.180_BUY_M15": 1.0,
      "USDCAD_34_1.8.187_BUY_M15": 0.2517486375832976,
      "USDCAD_51_6.27.122_BUY_M15": 0.26515644984279485,
      "USDCAD_77_3.51.113_SELL_M15": -0.1073424740270812,
      "USDCHF_35_3.1.133_SELL_M15": -0.02399353776217284,
      "USDCHF_36_4.5.112_SELL_M15": 0.11029321267103291,
      "USDCHF_52_3.17.186_BOTH_M15": -0.052413771650373885,
      "USDCHF_53_6.47.153_BOTH_M15": 0.1552255204729555,
      "USDCHF_55_6.23.134_BUY_M15": 0.11809519269807252,
      "USDJPY_37_0.18430_BUY_M15": 0.12922167286396016,
      "USDJPY_38_1.35.168_BUY_M15": 0.04799803938953988,
      "USDJPY_39_6.27.190_BUY_M15": 0.1223560815327883,
      "USDJPY_40_2.4.138_BUY_M15": 0.08714604158781514,
      "USDJPY_41_2.5.172_BUY_M15": 0.10068845077619136,
      "USDJPY_57_4.8.181_BUY_M15": 0.11997827461046595,
      "USOIL.cash_42_1.25.121_BUY_M15": -0.04748628355699042,
      "USOIL.cash_43_5.11.112_BUY_M15": -0.05923094556031158,
      "USOIL.cash_44_6.17.127_BUY_M15": -0.0490125168012431,
      "USOIL.cash_54_4.18.190_BOTH_M15": -0.0490125168012431,
      "XAUUSD_45_2.13.130_BUY_M15": -0.0853010048820736,
      "XAUUSD_58_5.6.136_BUY_M15": -0.041161093632400884
    },
    "drawdown_correlation_row": {
      "AUDJPY_1_3.14.146_BUY_M15": -0.19429777616394195,
      "AUDJPY_2_5.20.109_BUY_M15": -0.01865561791800692,
      "AUDJPY_3_3.19_BUY_M15": -0.24561967143624072,
      "AUDJPY_46_3.50.181_BUY_M15": -0.3060115198817112,
      "AUDJPY_47_6.30.171_BOTH_M15": -0.4858826096893292,
      "AUDJPY_56_1.14.109_BUY_M15": -0.09021170079704754,
      "AUDJPY_78_3.7.108_BUY_M15": -0.24970525221622042,
      "AUDUSD_48_5.8.189_SELL_M15": 0.3258142726304286,
      "AUDUSD_4_3.27.109_SELL_M15": 0.4259058613416641,
      "AUDUSD_5_6.3.178_SELL_M15": 0.3954622935327601,
      "AUDUSD_60_1.31.145_SELL_M15": 0.41470854779678207,
      "AUDUSD_61_6.25.174_SELL_M15": -0.10070634025274243,
      "AUDUSD_6_5.9.126_SELL_M15": 0.05723268487271481,
      "EURGBP_10_5.21.111_SELL_M15": 0.05539975007366339,
      "EURGBP_49_2.36.141_BOTH_M15": -0.1242403895607986,
      "EURGBP_62_3.31.132_BUY_M15": 0.22600682627672522,
      "EURGBP_63_4.21.189_SELL_M15": -0.06746329443135869,
      "EURGBP_70_2.27.108_SELL_M15": 0.23294593727364404,
      "EURGBP_7_3.16.177_SELL_M15": 0.1557811152528446,
      "EURGBP_8_6.1.186_SELL_M15": -0.19886459953421862,
      "EURGBP_9_5.2.127_SELL_M15": -0.2620853865205047,
      "EURUSD_11_1.42.105_SELL_M15": -0.11133196036354522,
      "EURUSD_12_3.47.124_BUY_M15": 0.21588850078017305,
      "EURUSD_13_6.46.178_BUY_M15": 0.26571449488448284,
      "EURUSD_14_5.6.167_BUY_M15": 0.3145449792817076,
      "EURUSD_18_6.6.111_SELL_M15": 0.018374064665146135,
      "EURUSD_59_2.34.129_SELL_M15": 0.13571068703108144,
      "EURUSD_64_4.34.165_BUY_M15": 0.25631507259557795,
      "EURUSD_71_5.30.159_SELL_M15": 0.34592830462488955,
      "EURUSD_72_5.42.127_SELL_M15": 0.06796834114131262,
      "EURUSD_73_5.43.181_SELL_M15": 0.07349939319867371,
      "GBPJPY_50_5.35.116_BUY_M15": -0.11232607357440542,
      "GBPJPY_65_2.14.157_BUY_M15": -0.06696408985498802,
      "GBPJPY_66_4.17.131_BOTH_M15": 0.25093265097007283,
      "GBPJPY_67_4.19.99_BOTH_M15": 0.26156583746437206,
      "GBPUSD_19_0.13205_BUY_M15": -0.09044212646786487,
      "GBPUSD_20_1.32.126_BUY_M15": 0.00036051371367253467,
      "GBPUSD_21_3.3.167_BUY_M15": -0.11810484627753229,
      "GBPUSD_22_6.11.100_SELL_M15": 0.05928808019516294,
      "GBPUSD_69_3.13.113_BUY_M15": -0.10170153681439417,
      "GBPUSD_74_6.52.179_SELL_M15": -0.028952796160509255,
      "NZDUSD_23_2.12.147_SELL_M15": 0.4867870749064438,
      "NZDUSD_24_4.41.120_SELL_M15": -0.007173683322729376,
      "NZDUSD_25_5.7.105_SELL_M15": 0.09636382547219682,
      "NZDUSD_26_2.6.180_SELL_M15": 0.2836350834329061,
      "NZDUSD_27_6.16.107_SELL_M15": 0.2541857999973793,
      "NZDUSD_75_4.73.120_SELL_M15": 0.4433152245314775,
      "NZDUSD_76_5.71.164_BUY_M15": 0.07924276062142781,