{
  "strategy_id": "USDCHF_53_6.47.153_BOTH_M15",
  "summary": {
    "strategy_id": "USDCHF_53_6.47.153_BOTH_M15",
    "symbol_count": 1,
    "side_mix": null,
    "trade_count": 537,
    "avg_return_correlation": 0.05239757120336486,
    "max_return_correlation": 0.3485020137303363,
    "avg_drawdown_correlation": 0.028622223899157192,
    "max_drawdown_correlation": 0.6111654915178082,
    "avg_stress_overlap": 0.07260830826169896,
    "max_stress_overlap": 0.13488372093023257,
    "avg_symbol_overlap": 0.0547945205479452,
    "max_symbol_overlap": 1.0,
    "avg_side_overlap": 0.821917808219178,
    "max_side_overlap": 1.0,
    "correlation_penalty": 0.040509897551261026,
    "marginal_dd_contribution": 0.44613476490189896,
    "diversification_score": 0.9261769911662121,
    "portfolio_fit_score": 0.7131108023213512,
    "cluster_membership": "CLUSTER_52"
  },
  "peer_snapshot": {
    "return_correlation_row": {
      "AUDJPY_1_3.14.146_BUY_M15": -0.049236786487462755,
      "AUDJPY_2_5.20.109_BUY_M15": -0.016602432885487753,
      "AUDJPY_3_3.19_BUY_M15": -0.011421209935474854,
      "AUDJPY_46_3.50.181_BUY_M15": -0.011962729062066298,
      "AUDJPY_47_6.30.171_BOTH_M15": -0.06685500777785423,
      "AUDJPY_56_1.14.109_BUY_M15": -0.003879588002157306,
      "AUDJPY_78_3.7.108_BUY_M15": -0.019649481451973205,
      "AUDUSD_48_5.8.189_SELL_M15": 0.17154108723940265,
      "AUDUSD_4_3.27.109_SELL_M15": 0.12366918749131628,
      "AUDUSD_5_6.3.178_SELL_M15": 0.10974110673999554,
      "AUDUSD_60_1.31.145_SELL_M15": 0.14809643667673858,
      "AUDUSD_61_6.25.174_SELL_M15": 0.09861436952177138,
      "AUDUSD_6_5.9.126_SELL_M15": 0.11261634382568712,
      "EURGBP_10_5.21.111_SELL_M15": 0.014132279260560942,
      "EURGBP_49_2.36.141_BOTH_M15": -0.04422781635597955,
      "EURGBP_62_3.31.132_BUY_M15": 0.018562080885334925,
      "EURGBP_63_4.21.189_SELL_M15": 0.009581388544106156,
      "EURGBP_70_2.27.108_SELL_M15": 0.010417673041828819,
      "EURGBP_7_3.16.177_SELL_M15": 0.0665017285072195,
      "EURGBP_8_6.1.186_SELL_M15": 0.044529682413156406,
      "EURGBP_9_5.2.127_SELL_M15": 0.05551148617312956,
      "EURUSD_11_1.42.105_SELL_M15": 0.060866620202522176,
      "EURUSD_12_3.47.124_BUY_M15": -0.14625355034166324,
      "EURUSD_13_6.46.178_BUY_M15": -0.05549191044428836,
      "EURUSD_14_5.6.167_BUY_M15": -0.08777963654066573,
      "EURUSD_18_6.6.111_SELL_M15": 0.20724207326419222,
      "EURUSD_59_2.34.129_SELL_M15": 0.1849109297871877,
      "EURUSD_64_4.34.165_BUY_M15": -0.13287615508545375,
      "EURUSD_71_5.30.159_SELL_M15": 0.09785815532838073,
      "EURUSD_72_5.42.127_SELL_M15": 0.13421194940660955,
      "EURUSD_73_5.43.181_SELL_M15": 0.11867966798214162,
      "GBPJPY_50_5.35.116_BUY_M15": -0.018779618388895896,
      "GBPJPY_65_2.14.157_BUY_M15": 0.004858643638376732,
      "GBPJPY_66_4.17.131_BOTH_M15": -0.0018723758308348095,
      "GBPJPY_67_4.19.99_BOTH_M15": 0.005997225926739734,
      "GBPUSD_19_0.13205_BUY_M15": -0.1210701910550535,
      "GBPUSD_20_1.32.126_BUY_M15": -0.1460142552698669,
      "GBPUSD_21_3.3.167_BUY_M15": -0.20194990044254957,
      "GBPUSD_22_6.11.100_SELL_M15": 0.037566237868936585,
      "GBPUSD_69_3.13.113_BUY_M15": 0.08986616234823307,
      "GBPUSD_74_6.52.179_SELL_M15": 0.11391812554485192,
      "NZDUSD_23_2.12.147_SELL_M15": 0.17668619348512948,
      "NZDUSD_24_4.41.120_SELL_M15": 0.07389745461471448,
      "NZDUSD_25_5.7.105_SELL_M15": 0.14314870440024732,
      "NZDUSD_26_2.6.180_SELL_M15": 0.1512442066571988,
      "NZDUSD_27_6.16.107_SELL_M15": 0.11654815645703263,
      "NZDUSD_75_4.73.120_SELL_M15": 0.10034664026285249,
      "NZDUSD_76_5.71.164_BUY_M15": -0.10671202345505823,
      "US500.cash_28_3.8.114_BUY_M15": -0.04730143944327705,
      "US500.cash_29_3.32.156_BUY_M15": 0.05333213880256061,
      "USDCAD_30_2.34.141_BUY_M15": 0.13065077114589083,
      "USDCAD_31_3.2.189_BUY_M15": 0.1602258660684771,
      "USDCAD_32_4.16.175_BUY_M15": 0.16509986556972453,
      "USDCAD_33_5.11.180_BUY_M15": 0.1552255204729555,
      "USDCAD_34_1.8.187_BUY_M15": 0.10650999707087241,
      "USDCAD_51_6.27.122_BUY_M15": 0.15203355495656717,
      "USDCAD_77_3.51.113_SELL_M15": -0.12054724641669992,
      "USDCHF_35_3.1.133_SELL_M15": -0.0763031626735065,
      "USDCHF_36_4.5.112_SELL_M15": 0.17915321838592305,
      "USDCHF_52_3.17.186_BOTH_M15": 0.07687800224979162,
      "USDCHF_53_6.47.153_BOTH_M15": 1.0,
      "USDCHF_55_6.23.134_BUY_M15": 0.3485020137303363,
      "USDJPY_37_0.18430_BUY_M15": 0.1645312253174911,
      "USDJPY_38_1.35.168_BUY_M15": 0.11195456951308905,
      "USDJPY_39_6.27.190_BUY_M15": 0.20603380197906399,
      "USDJPY_40_2.4.138_BUY_M15": 0.2008958775812958,
      "USDJPY_41_2.5.172_BUY_M15": 0.20996288846893282,
      "USDJPY_57_4.8.181_BUY_M15": 0.2169792640398945,
      "USOIL.cash_42_1.25.121_BUY_M15": 0.005603497935981536,
      "USOIL.cash_43_5.11.112_BUY_M15": -0.04428286080485495,
      "USOIL.cash_44_6.17.127_BUY_M15": 0.02649779521177531,
      "USOIL.cash_54_4.18.190_BOTH_M15": 0.02649779521177531,
      "XAUUSD_45_2.13.130_BUY_M15": -0.1050352253020288,
      "XAUUSD_58_5.6.136_BUY_M15": -0.03680235990920576
    },
    "drawdown_correlation_row": {
      "AUDJPY_1_3.14.146_BUY_M15": 0.0030946833006139235,
      "AUDJPY_2_5.20.109_BUY_M15": -0.08615415484413202,
      "AUDJPY_3_3.19_BUY_M15": 0.06782178726997307,
      "AUDJPY_46_3.50.181_BUY_M15": 0.10512725275692646,
      "AUDJPY_47_6.30.171_BOTH_M15": 0.10480374183803756,
      "AUDJPY_56_1.14.109_BUY_M15": 0.13340394071338998,
      "AUDJPY_78_3.7.108_BUY_M15": 0.06674828889735941,
      "AUDUSD_48_5.8.189_SELL_M15": -0.008928961970769882,
      "AUDUSD_4_3.27.109_SELL_M15": 0.03528049450879749,
      "AUDUSD_5_6.3.178_SELL_M15": 0.23808096647683982,
      "AUDUSD_60_1.31.145_SELL_M15": 0.22460808243895225,
      "AUDUSD_61_6.25.174_SELL_M15": 0.22452898283453623,
      "AUDUSD_6_5.9.126_SELL_M15": -0.07358147245634004,
      "EURGBP_10_5.21.111_SELL_M15": 0.04978257415867673,
      "EURGBP_49_2.36.141_BOTH_M15": -0.02069977761916245,
      "EURGBP_62_3.31.132_BUY_M15": -0.01790666429498641,
      "EURGBP_63_4.21.189_SELL_M15": 0.012916267092638748,
      "EURGBP_70_2.27.108_SELL_M15": 0.31381347958082606,
      "EURGBP_7_3.16.177_SELL_M15": -0.10980831695133698,
      "EURGBP_8_6.1.186_SELL_M15": -0.15682440194642802,
      "EURGBP_9_5.2.127_SELL_M15": -0.04527701101634834,
      "EURUSD_11_1.42.105_SELL_M15": 0.34468874752137074,
      "EURUSD_12_3.47.124_BUY_M15": -0.17393118672045246,
      "EURUSD_13_6.46.178_BUY_M15": -0.14447096268062942,
      "EURUSD_14_5.6.167_BUY_M15": 0.0368626460058782,
      "EURUSD_18_6.6.111_SELL_M15": 0.016802949713199594,
      "EURUSD_59_2.34.129_SELL_M15": 0.17721211010345672,
      "EURUSD_64_4.34.165_BUY_M15": -0.0071016533336271176,
      "EURUSD_71_5.30.159_SELL_M15": 0.4382999903528036,
      "EURUSD_72_5.42.127_SELL_M15": 0.2454689729672438,
      "EURUSD_73_5.43.181_SELL_M15": 0.18676808650861418,
      "GBPJPY_50_5.35.116_BUY_M15": 0.092994669135683,
      "GBPJPY_65_2.14.157_BUY_M15": 0.2076287727191525,
      "GBPJPY_66_4.17.131_BOTH_M15": 0.34675525473613356,
      "GBPJPY_67_4.19.99_BOTH_M15": 0.3143841883024282,
      "GBPUSD_19_0.13205_BUY_M15": -0.14921677003259823,
      "GBPUSD_20_1.32.126_BUY_M15": 0.05453069996435539,
      "GBPUSD_21_3.3.167_BUY_M15": -0.1551080761461346,
      "GBPUSD_22_6.11.100_SELL_M15": 0.27207453643453994,
      "GBPUSD_69_3.13.113_BUY_M15": -0.017012327025670827,
      "GBPUSD_74_6.52.179_SELL_M15": 0.1552709622189527,
      "NZDUSD_23_2.12.147_SELL_M15": 0.17013034925741322,
      "NZDUSD_24_4.41.120_SELL_M15": 0.1515863685471001,
      "NZDUSD_25_5.7.105_SELL_M15": -0.07188099817103352,
      "NZDUSD_26_2.6.180_SELL_M15": -0.12798142012377486,
      "NZDUSD_27_6.16.107_SELL_M15": -0.31161867644851715,
      "NZDUSD_75_4.73.120_SELL_M15": -0.010802593607089121,
      "NZDUSD_76_5.71.164_BUY_M15": -0.279697918165264,