{
  "strategy_id": "USDCAD_34_1.8.187_BUY_M15",
  "summary": {
    "strategy_id": "USDCAD_34_1.8.187_BUY_M15",
    "symbol_count": 1,
    "side_mix": null,
    "trade_count": 890,
    "avg_return_correlation": 0.049040759952840615,
    "max_return_correlation": 0.47311298327675116,
    "avg_drawdown_correlation": 0.07182267618522528,
    "max_drawdown_correlation": 0.4803551260877864,
    "avg_stress_overlap": 0.07527752387203941,
    "max_stress_overlap": 0.3611111111111111,
    "avg_symbol_overlap": 0.0821917808219178,
    "max_symbol_overlap": 1.0,
    "avg_side_overlap": 0.821917808219178,
    "max_side_overlap": 1.0,
    "correlation_penalty": 0.06043171806903295,
    "marginal_dd_contribution": 1.0238059977786094,
    "diversification_score": 0.9173501691371918,
    "portfolio_fit_score": 0.7087262748684848,
    "cluster_membership": "CLUSTER_46"
  },
  "peer_snapshot": {
    "return_correlation_row": {
      "AUDJPY_1_3.14.146_BUY_M15": -0.12062275720484775,
      "AUDJPY_2_5.20.109_BUY_M15": -0.07157823475905664,
      "AUDJPY_3_3.19_BUY_M15": -0.07976271395711766,
      "AUDJPY_46_3.50.181_BUY_M15": -0.07749034822236225,
      "AUDJPY_47_6.30.171_BOTH_M15": -0.05052191221804854,
      "AUDJPY_56_1.14.109_BUY_M15": -0.05697884831968544,
      "AUDJPY_78_3.7.108_BUY_M15": -0.0808096172554151,
      "AUDUSD_48_5.8.189_SELL_M15": 0.21925009179187477,
      "AUDUSD_4_3.27.109_SELL_M15": 0.13729175814585556,
      "AUDUSD_5_6.3.178_SELL_M15": 0.18411586735143026,
      "AUDUSD_60_1.31.145_SELL_M15": 0.1495429500224783,
      "AUDUSD_61_6.25.174_SELL_M15": 0.12402932221459341,
      "AUDUSD_6_5.9.126_SELL_M15": 0.2462232568881042,
      "EURGBP_10_5.21.111_SELL_M15": -0.04809334183394848,
      "EURGBP_49_2.36.141_BOTH_M15": 0.010408985821198296,
      "EURGBP_62_3.31.132_BUY_M15": -0.04924987288740208,
      "EURGBP_63_4.21.189_SELL_M15": -0.007372330943836277,
      "EURGBP_70_2.27.108_SELL_M15": -0.02783251401738742,
      "EURGBP_7_3.16.177_SELL_M15": 0.00978922064398208,
      "EURGBP_8_6.1.186_SELL_M15": -0.045107554379154875,
      "EURGBP_9_5.2.127_SELL_M15": -0.028266776786241118,
      "EURUSD_11_1.42.105_SELL_M15": 0.08280353928893061,
      "EURUSD_12_3.47.124_BUY_M15": -0.07365411280520112,
      "EURUSD_13_6.46.178_BUY_M15": -0.07420762453730505,
      "EURUSD_14_5.6.167_BUY_M15": -0.08987684100883479,
      "EURUSD_18_6.6.111_SELL_M15": 0.11497069468183171,
      "EURUSD_59_2.34.129_SELL_M15": 0.18573351752868014,
      "EURUSD_64_4.34.165_BUY_M15": -0.014073869150837475,
      "EURUSD_71_5.30.159_SELL_M15": 0.15619540666717607,
      "EURUSD_72_5.42.127_SELL_M15": 0.2020660610647319,
      "EURUSD_73_5.43.181_SELL_M15": 0.12808158754495255,
      "GBPJPY_50_5.35.116_BUY_M15": -0.02812467351878434,
      "GBPJPY_65_2.14.157_BUY_M15": -0.021538295319404824,
      "GBPJPY_66_4.17.131_BOTH_M15": -0.011636759133797398,
      "GBPJPY_67_4.19.99_BOTH_M15": -0.02174800263428407,
      "GBPUSD_19_0.13205_BUY_M15": -0.05121988393555519,
      "GBPUSD_20_1.32.126_BUY_M15": -0.0629677517104117,
      "GBPUSD_21_3.3.167_BUY_M15": -0.19093313660789477,
      "GBPUSD_22_6.11.100_SELL_M15": 0.028474810787029597,
      "GBPUSD_69_3.13.113_BUY_M15": 0.074176641129235,
      "GBPUSD_74_6.52.179_SELL_M15": 0.16318062272257602,
      "NZDUSD_23_2.12.147_SELL_M15": 0.13787636026885067,
      "NZDUSD_24_4.41.120_SELL_M15": 0.1315612039312635,
      "NZDUSD_25_5.7.105_SELL_M15": 0.18447720039603333,
      "NZDUSD_26_2.6.180_SELL_M15": 0.17787108595045778,
      "NZDUSD_27_6.16.107_SELL_M15": 0.16515717671177013,
      "NZDUSD_75_4.73.120_SELL_M15": 0.11921548329171454,
      "NZDUSD_76_5.71.164_BUY_M15": -0.10794342944769872,
      "US500.cash_28_3.8.114_BUY_M15": -0.043642888320581184,
      "US500.cash_29_3.32.156_BUY_M15": 0.03048494313375528,
      "USDCAD_30_2.34.141_BUY_M15": 0.22451300989921044,
      "USDCAD_31_3.2.189_BUY_M15": 0.42835639510747237,
      "USDCAD_32_4.16.175_BUY_M15": 0.29980302907667566,
      "USDCAD_33_5.11.180_BUY_M15": 0.2517486375832976,
      "USDCAD_34_1.8.187_BUY_M15": 1.0,
      "USDCAD_51_6.27.122_BUY_M15": 0.47311298327675116,
      "USDCAD_77_3.51.113_SELL_M15": -0.10779584665927121,
      "USDCHF_35_3.1.133_SELL_M15": -0.11125131895911292,
      "USDCHF_36_4.5.112_SELL_M15": 0.18107264694729377,
      "USDCHF_52_3.17.186_BOTH_M15": -0.03637236943404109,
      "USDCHF_53_6.47.153_BOTH_M15": 0.10650999707087241,
      "USDCHF_55_6.23.134_BUY_M15": 0.08433540765300554,
      "USDJPY_37_0.18430_BUY_M15": 0.08489673052425063,
      "USDJPY_38_1.35.168_BUY_M15": 0.08052444449737395,
      "USDJPY_39_6.27.190_BUY_M15": 0.1082339396164028,
      "USDJPY_40_2.4.138_BUY_M15": 0.10992637692230792,
      "USDJPY_41_2.5.172_BUY_M15": 0.12783613922986498,
      "USDJPY_57_4.8.181_BUY_M15": 0.14893915209822106,
      "USOIL.cash_42_1.25.121_BUY_M15": -0.06974347058693482,
      "USOIL.cash_43_5.11.112_BUY_M15": -0.04792867002954145,
      "USOIL.cash_44_6.17.127_BUY_M15": -0.07649688078440062,
      "USOIL.cash_54_4.18.190_BOTH_M15": -0.07649688078440062,
      "XAUUSD_45_2.13.130_BUY_M15": -0.13260525229978434,
      "XAUUSD_58_5.6.136_BUY_M15": -0.09886642047155937
    },
    "drawdown_correlation_row": {
      "AUDJPY_1_3.14.146_BUY_M15": -0.2792725712786337,
      "AUDJPY_2_5.20.109_BUY_M15": -0.2578390473501363,
      "AUDJPY_3_3.19_BUY_M15": -0.17122809862685148,
      "AUDJPY_46_3.50.181_BUY_M15": -0.3658464564700665,
      "AUDJPY_47_6.30.171_BOTH_M15": -0.2682447066138449,
      "AUDJPY_56_1.14.109_BUY_M15": -0.09933711380820806,
      "AUDJPY_78_3.7.108_BUY_M15": -0.17701811136972598,
      "AUDUSD_48_5.8.189_SELL_M15": 0.33232774496434814,
      "AUDUSD_4_3.27.109_SELL_M15": 0.1498666663201442,
      "AUDUSD_5_6.3.178_SELL_M15": 0.4803551260877864,
      "AUDUSD_60_1.31.145_SELL_M15": 0.21851600791367384,
      "AUDUSD_61_6.25.174_SELL_M15": 0.12109841401615065,
      "AUDUSD_6_5.9.126_SELL_M15": 0.47917161183167,
      "EURGBP_10_5.21.111_SELL_M15": 0.20742073034694689,
      "EURGBP_49_2.36.141_BOTH_M15": 0.33128015188044296,
      "EURGBP_62_3.31.132_BUY_M15": 0.04871378756725039,
      "EURGBP_63_4.21.189_SELL_M15": 0.08946574483554075,
      "EURGBP_70_2.27.108_SELL_M15": 0.3971722940350669,
      "EURGBP_7_3.16.177_SELL_M15": 0.08194798570197429,
      "EURGBP_8_6.1.186_SELL_M15": 0.27447608188446515,
      "EURGBP_9_5.2.127_SELL_M15": 0.3378195683226523,
      "EURUSD_11_1.42.105_SELL_M15": 0.12693735655626853,
      "EURUSD_12_3.47.124_BUY_M15": 0.0436218613852487,
      "EURUSD_13_6.46.178_BUY_M15": -0.2325535525490396,
      "EURUSD_14_5.6.167_BUY_M15": 0.3310650979991154,
      "EURUSD_18_6.6.111_SELL_M15": 0.13161090455928218,
      "EURUSD_59_2.34.129_SELL_M15": 0.046455037605891335,
      "EURUSD_64_4.34.165_BUY_M15": 0.2537965380177781,
      "EURUSD_71_5.30.159_SELL_M15": 0.07126121177584266,
      "EURUSD_72_5.42.127_SELL_M15": -0.19229317777134758,
      "EURUSD_73_5.43.181_SELL_M15": 0.04627792576046102,
      "GBPJPY_50_5.35.116_BUY_M15": 0.03659596968592649,
      "GBPJPY_65_2.14.157_BUY_M15": -0.07233248129696165,
      "GBPJPY_66_4.17.131_BOTH_M15": 0.13594535538458233,
      "GBPJPY_67_4.19.99_BOTH_M15": 0.23130957069694472,
      "GBPUSD_19_0.13205_BUY_M15": 0.0733331679518207,
      "GBPUSD_20_1.32.126_BUY_M15": 0.46347362263280584,
      "GBPUSD_21_3.3.167_BUY_M15": -0.09505931790919626,
      "GBPUSD_22_6.11.100_SELL_M15": -0.011146501789147329,
      "GBPUSD_69_3.13.113_BUY_M15": 0.06381296277429695,
      "GBPUSD_74_6.52.179_SELL_M15": -0.18287544993539867,
      "NZDUSD_23_2.12.147_SELL_M15": -0.1628722677537971,
      "NZDUSD_24_4.41.120_SELL_M15": 0.2600978117640878,
      "NZDUSD_25_5.7.105_SELL_M15": 0.4507924486575053,
      "NZDUSD_26_2.6.180_SELL_M15": 0.21098372449156563,
      "NZDUSD_27_6.16.107_SELL_M15": 0.17254578887148234,
      "NZDUSD_75_4.73.120_SELL_M15": 0.03237536880816869,
      "NZDUSD_76_5.71.164_BUY_M15": -0.15029702528792088,