{
  "strategy_id": "USDCHF_55_6.23.134_BUY_M15",
  "summary": {
    "strategy_id": "USDCHF_55_6.23.134_BUY_M15",
    "symbol_count": 1,
    "side_mix": "BUY",
    "trade_count": 537,
    "avg_return_correlation": 0.03488369221216326,
    "max_return_correlation": 0.3485020137303363,
    "avg_drawdown_correlation": 0.025322135767174087,
    "max_drawdown_correlation": 0.6111654915178082,
    "avg_stress_overlap": 0.05857792731440929,
    "max_stress_overlap": 0.11926605504587157,
    "avg_symbol_overlap": 0.0547945205479452,
    "max_symbol_overlap": 1.0,
    "avg_side_overlap": 0.08904109589041095,
    "max_side_overlap": 1.0,
    "correlation_penalty": 0.030102913989668675,
    "marginal_dd_contribution": -0.9755090707145513,
    "diversification_score": 0.9401966622499861,
    "portfolio_fit_score": 0.7200495556714573,
    "cluster_membership": "CLUSTER_53"
  },
  "peer_snapshot": {
    "return_correlation_row": {
      "AUDJPY_1_3.14.146_BUY_M15": -0.027009341577436966,
      "AUDJPY_2_5.20.109_BUY_M15": -0.044521035362921596,
      "AUDJPY_3_3.19_BUY_M15": -0.03547636271040568,
      "AUDJPY_46_3.50.181_BUY_M15": -0.013617720172191981,
      "AUDJPY_47_6.30.171_BOTH_M15": -0.05234243958872584,
      "AUDJPY_56_1.14.109_BUY_M15": -0.022589447350315255,
      "AUDJPY_78_3.7.108_BUY_M15": -0.036684639932864825,
      "AUDUSD_48_5.8.189_SELL_M15": 0.15034520557064462,
      "AUDUSD_4_3.27.109_SELL_M15": 0.1283085219666572,
      "AUDUSD_5_6.3.178_SELL_M15": 0.11399928830875372,
      "AUDUSD_60_1.31.145_SELL_M15": 0.10279678104575303,
      "AUDUSD_61_6.25.174_SELL_M15": 0.10777962640245167,
      "AUDUSD_6_5.9.126_SELL_M15": 0.08770221519528366,
      "EURGBP_10_5.21.111_SELL_M15": 0.012089183973604535,
      "EURGBP_49_2.36.141_BOTH_M15": -0.0035072737649906793,
      "EURGBP_62_3.31.132_BUY_M15": 0.0076748394931755405,
      "EURGBP_63_4.21.189_SELL_M15": 0.03205773544157453,
      "EURGBP_70_2.27.108_SELL_M15": 0.005090307289132037,
      "EURGBP_7_3.16.177_SELL_M15": 0.01905240927128106,
      "EURGBP_8_6.1.186_SELL_M15": 0.02217590360186695,
      "EURGBP_9_5.2.127_SELL_M15": 0.06188322079431546,
      "EURUSD_11_1.42.105_SELL_M15": 0.06807722480500315,
      "EURUSD_12_3.47.124_BUY_M15": -0.1347488438631952,
      "EURUSD_13_6.46.178_BUY_M15": -0.0820580244845993,
      "EURUSD_14_5.6.167_BUY_M15": -0.14117080320304523,
      "EURUSD_18_6.6.111_SELL_M15": 0.15308894873139672,
      "EURUSD_59_2.34.129_SELL_M15": 0.10450621304013419,
      "EURUSD_64_4.34.165_BUY_M15": -0.11222323903511912,
      "EURUSD_71_5.30.159_SELL_M15": 0.10099421421059003,
      "EURUSD_72_5.42.127_SELL_M15": 0.12383804107305244,
      "EURUSD_73_5.43.181_SELL_M15": 0.09674391327108903,
      "GBPJPY_50_5.35.116_BUY_M15": 0.006199374197730729,
      "GBPJPY_65_2.14.157_BUY_M15": -0.041235788705038946,
      "GBPJPY_66_4.17.131_BOTH_M15": 0.011123467884535795,
      "GBPJPY_67_4.19.99_BOTH_M15": 0.01686370475098828,
      "GBPUSD_19_0.13205_BUY_M15": -0.08867998413971413,
      "GBPUSD_20_1.32.126_BUY_M15": -0.10530620155455886,
      "GBPUSD_21_3.3.167_BUY_M15": -0.1336523624329833,
      "GBPUSD_22_6.11.100_SELL_M15": 0.06285855176888774,
      "GBPUSD_69_3.13.113_BUY_M15": -0.0005012747336331502,
      "GBPUSD_74_6.52.179_SELL_M15": 0.05879871232823812,
      "NZDUSD_23_2.12.147_SELL_M15": 0.08555435976330664,
      "NZDUSD_24_4.41.120_SELL_M15": 0.01581492462132884,
      "NZDUSD_25_5.7.105_SELL_M15": 0.1020122850988815,
      "NZDUSD_26_2.6.180_SELL_M15": 0.11376271165694248,
      "NZDUSD_27_6.16.107_SELL_M15": 0.10744846693492506,
      "NZDUSD_75_4.73.120_SELL_M15": 0.08864672011640538,
      "NZDUSD_76_5.71.164_BUY_M15": -0.0783618718080622,
      "US500.cash_28_3.8.114_BUY_M15": -0.05212818441259722,
      "US500.cash_29_3.32.156_BUY_M15": 0.019976133259911974,
      "USDCAD_30_2.34.141_BUY_M15": 0.11056502052391627,
      "USDCAD_31_3.2.189_BUY_M15": 0.12708599274197233,
      "USDCAD_32_4.16.175_BUY_M15": 0.11149399573815516,
      "USDCAD_33_5.11.180_BUY_M15": 0.11809519269807252,
      "USDCAD_34_1.8.187_BUY_M15": 0.08433540765300554,
      "USDCAD_51_6.27.122_BUY_M15": 0.11294746687686978,
      "USDCAD_77_3.51.113_SELL_M15": -0.13706379553223827,
      "USDCHF_35_3.1.133_SELL_M15": -0.09058476560686048,
      "USDCHF_36_4.5.112_SELL_M15": 0.08663313243951379,
      "USDCHF_52_3.17.186_BOTH_M15": -0.006002653027920334,
      "USDCHF_53_6.47.153_BOTH_M15": 0.3485020137303363,
      "USDCHF_55_6.23.134_BUY_M15": 1.0,
      "USDJPY_37_0.18430_BUY_M15": 0.16583405391255007,
      "USDJPY_38_1.35.168_BUY_M15": 0.1094011464196486,
      "USDJPY_39_6.27.190_BUY_M15": 0.13510484641548912,
      "USDJPY_40_2.4.138_BUY_M15": 0.1429731859732797,
      "USDJPY_41_2.5.172_BUY_M15": 0.1619902070618474,
      "USDJPY_57_4.8.181_BUY_M15": 0.13386210347234612,
      "USOIL.cash_42_1.25.121_BUY_M15": -0.016020835107799013,
      "USOIL.cash_43_5.11.112_BUY_M15": -0.06052914451167171,
      "USOIL.cash_44_6.17.127_BUY_M15": 0.001444281855399277,
      "USOIL.cash_54_4.18.190_BOTH_M15": 0.001444281855399277,
      "XAUUSD_45_2.13.130_BUY_M15": -0.05576938565509015,
      "XAUUSD_58_5.6.136_BUY_M15": -0.02068058547374578
    },
    "drawdown_correlation_row": {
      "AUDJPY_1_3.14.146_BUY_M15": -0.06879728307492504,
      "AUDJPY_2_5.20.109_BUY_M15": -0.08679476910277055,
      "AUDJPY_3_3.19_BUY_M15": -0.117933938192787,
      "AUDJPY_46_3.50.181_BUY_M15": 0.12506129413720665,
      "AUDJPY_47_6.30.171_BOTH_M15": -0.13052481730326285,
      "AUDJPY_56_1.14.109_BUY_M15": 0.1267705017374889,
      "AUDJPY_78_3.7.108_BUY_M15": -0.11757109676957517,
      "AUDUSD_48_5.8.189_SELL_M15": 0.06538045297495117,
      "AUDUSD_4_3.27.109_SELL_M15": 0.2027711094925959,
      "AUDUSD_5_6.3.178_SELL_M15": 0.2961296968755189,
      "AUDUSD_60_1.31.145_SELL_M15": 0.2240895924383678,
      "AUDUSD_61_6.25.174_SELL_M15": -0.005272091615262425,
      "AUDUSD_6_5.9.126_SELL_M15": -0.0683361229389825,
      "EURGBP_10_5.21.111_SELL_M15": -0.09810823389466121,
      "EURGBP_49_2.36.141_BOTH_M15": -0.042581501019785924,
      "EURGBP_62_3.31.132_BUY_M15": -0.1306857421295993,
      "EURGBP_63_4.21.189_SELL_M15": 0.04344528912286958,
      "EURGBP_70_2.27.108_SELL_M15": 0.37402600168901196,
      "EURGBP_7_3.16.177_SELL_M15": 0.028542621093582205,
      "EURGBP_8_6.1.186_SELL_M15": -0.4512094521498938,
      "EURGBP_9_5.2.127_SELL_M15": -0.1669425195113911,
      "EURUSD_11_1.42.105_SELL_M15": 0.23309863421134833,
      "EURUSD_12_3.47.124_BUY_M15": -0.0828634908692247,
      "EURUSD_13_6.46.178_BUY_M15": 0.004088953421045053,
      "EURUSD_14_5.6.167_BUY_M15": 0.1580216476684317,
      "EURUSD_18_6.6.111_SELL_M15": 0.04095442227791502,
      "EURUSD_59_2.34.129_SELL_M15": 0.1766393988425619,
      "EURUSD_64_4.34.165_BUY_M15": 0.06316245090113541,
      "EURUSD_71_5.30.159_SELL_M15": 0.5750594296924725,
      "EURUSD_72_5.42.127_SELL_M15": 0.3336866504326385,
      "EURUSD_73_5.43.181_SELL_M15": 0.1650204065495565,
      "GBPJPY_50_5.35.116_BUY_M15": 0.22499570618560977,
      "GBPJPY_65_2.14.157_BUY_M15": 0.22506120744500224,
      "GBPJPY_66_4.17.131_BOTH_M15": 0.39003268407618064,
      "GBPJPY_67_4.19.99_BOTH_M15": 0.3883054051406029,
      "GBPUSD_19_0.13205_BUY_M15": -0.2664201670663039,
      "GBPUSD_20_1.32.126_BUY_M15": 0.06414576944482588,
      "GBPUSD_21_3.3.167_BUY_M15": 0.05802389951443125,
      "GBPUSD_22_6.11.100_SELL_M15": 0.3084492822038709,
      "GBPUSD_69_3.13.113_BUY_M15": 0.027102279792665683,
      "GBPUSD_74_6.52.179_SELL_M15": 0.03418035530600153,
      "NZDUSD_23_2.12.147_SELL_M15": 0.350536283192024,
      "NZDUSD_24_4.41.120_SELL_M15": 0.1867761685776198,
      "NZDUSD_25_5.7.105_SELL_M15": -0.12399968531150658,
      "NZDUSD_26_2.6.180_SELL_M15": -0.14293645855159706,
      "NZDUSD_27_6.16.107_SELL_M15": -0.3441000407267307,
      "NZDUSD_75_4.73.120_SELL_M15": 0.012020772470740602,
      "NZDUSD_76_5.71.164_BUY_M15": -0.28178784116965405,