{
  "strategy_id": "USDCAD_51_6.27.122_BUY_M15",
  "summary": {
    "strategy_id": "USDCAD_51_6.27.122_BUY_M15",
    "symbol_count": 1,
    "side_mix": null,
    "trade_count": 1168,
    "avg_return_correlation": 0.04717769488301074,
    "max_return_correlation": 0.47311298327675116,
    "avg_drawdown_correlation": 0.08487942099044672,
    "max_drawdown_correlation": 0.5628881193062586,
    "avg_stress_overlap": 0.07774532271177335,
    "max_stress_overlap": 0.48484848484848486,
    "avg_symbol_overlap": 0.0821917808219178,
    "max_symbol_overlap": 1.0,
    "avg_side_overlap": 0.821917808219178,
    "max_side_overlap": 1.0,
    "correlation_penalty": 0.06602855793672874,
    "marginal_dd_contribution": 1.3192854498334015,
    "diversification_score": 0.91708139857279,
    "portfolio_fit_score": 0.7086066635588867,
    "cluster_membership": "CLUSTER_47"
  },
  "peer_snapshot": {
    "return_correlation_row": {
      "AUDJPY_1_3.14.146_BUY_M15": -0.14896024762039203,
      "AUDJPY_2_5.20.109_BUY_M15": -0.1336473182149382,
      "AUDJPY_3_3.19_BUY_M15": -0.14736955944137548,
      "AUDJPY_46_3.50.181_BUY_M15": -0.1280508957620883,
      "AUDJPY_47_6.30.171_BOTH_M15": -0.11101929554032691,
      "AUDJPY_56_1.14.109_BUY_M15": -0.14356733695063092,
      "AUDJPY_78_3.7.108_BUY_M15": -0.14558197842102433,
      "AUDUSD_48_5.8.189_SELL_M15": 0.24087268531689682,
      "AUDUSD_4_3.27.109_SELL_M15": 0.18965149599276757,
      "AUDUSD_5_6.3.178_SELL_M15": 0.20225958367993474,
      "AUDUSD_60_1.31.145_SELL_M15": 0.18270277223624312,
      "AUDUSD_61_6.25.174_SELL_M15": 0.12049136537653678,
      "AUDUSD_6_5.9.126_SELL_M15": 0.24361626712546375,
      "EURGBP_10_5.21.111_SELL_M15": -0.0325125379924384,
      "EURGBP_49_2.36.141_BOTH_M15": -0.051054196126529054,
      "EURGBP_62_3.31.132_BUY_M15": -0.04732737035063003,
      "EURGBP_63_4.21.189_SELL_M15": 0.036031601433309655,
      "EURGBP_70_2.27.108_SELL_M15": 0.017520012374892698,
      "EURGBP_7_3.16.177_SELL_M15": -0.04328762923712653,
      "EURGBP_8_6.1.186_SELL_M15": -0.030503264112686862,
      "EURGBP_9_5.2.127_SELL_M15": -0.028810294832755486,
      "EURUSD_11_1.42.105_SELL_M15": 0.1153012084107111,
      "EURUSD_12_3.47.124_BUY_M15": -0.08929086589434515,
      "EURUSD_13_6.46.178_BUY_M15": -0.07745145782984005,
      "EURUSD_14_5.6.167_BUY_M15": -0.07722472819762034,
      "EURUSD_18_6.6.111_SELL_M15": 0.1433531616634105,
      "EURUSD_59_2.34.129_SELL_M15": 0.21525633927539847,
      "EURUSD_64_4.34.165_BUY_M15": -0.07541756081022512,
      "EURUSD_71_5.30.159_SELL_M15": 0.19582738919235906,
      "EURUSD_72_5.42.127_SELL_M15": 0.18045717317478904,
      "EURUSD_73_5.43.181_SELL_M15": 0.13957226824869703,
      "GBPJPY_50_5.35.116_BUY_M15": -0.07663480016050854,
      "GBPJPY_65_2.14.157_BUY_M15": -0.07098634000835204,
      "GBPJPY_66_4.17.131_BOTH_M15": -0.05793879655082929,
      "GBPJPY_67_4.19.99_BOTH_M15": -0.052308987692381494,
      "GBPUSD_19_0.13205_BUY_M15": -0.09127697779001316,
      "GBPUSD_20_1.32.126_BUY_M15": -0.04571143414978752,
      "GBPUSD_21_3.3.167_BUY_M15": -0.21861257985122332,
      "GBPUSD_22_6.11.100_SELL_M15": 0.09850048550380364,
      "GBPUSD_69_3.13.113_BUY_M15": 0.0826670979497395,
      "GBPUSD_74_6.52.179_SELL_M15": 0.18234733527921423,
      "NZDUSD_23_2.12.147_SELL_M15": 0.14032645863796628,
      "NZDUSD_24_4.41.120_SELL_M15": 0.06581738169830655,
      "NZDUSD_25_5.7.105_SELL_M15": 0.18810571313375832,
      "NZDUSD_26_2.6.180_SELL_M15": 0.2360565552075342,
      "NZDUSD_27_6.16.107_SELL_M15": 0.21736469204078143,
      "NZDUSD_75_4.73.120_SELL_M15": 0.15253345938702628,
      "NZDUSD_76_5.71.164_BUY_M15": -0.1163462116710605,
      "US500.cash_28_3.8.114_BUY_M15": -0.04612753794854509,
      "US500.cash_29_3.32.156_BUY_M15": 0.011986596541661279,
      "USDCAD_30_2.34.141_BUY_M15": 0.34048204946662824,
      "USDCAD_31_3.2.189_BUY_M15": 0.4159840530080215,
      "USDCAD_32_4.16.175_BUY_M15": 0.41421007528923043,
      "USDCAD_33_5.11.180_BUY_M15": 0.26515644984279485,
      "USDCAD_34_1.8.187_BUY_M15": 0.47311298327675116,
      "USDCAD_51_6.27.122_BUY_M15": 1.0,
      "USDCAD_77_3.51.113_SELL_M15": -0.1237138044434846,
      "USDCHF_35_3.1.133_SELL_M15": -0.04634612127654254,
      "USDCHF_36_4.5.112_SELL_M15": 0.17198845421094736,
      "USDCHF_52_3.17.186_BOTH_M15": -0.0982560907216927,
      "USDCHF_53_6.47.153_BOTH_M15": 0.15203355495656717,
      "USDCHF_55_6.23.134_BUY_M15": 0.11294746687686978,
      "USDJPY_37_0.18430_BUY_M15": 0.07242547515436501,
      "USDJPY_38_1.35.168_BUY_M15": 0.05158214254642934,
      "USDJPY_39_6.27.190_BUY_M15": 0.1003416082171695,
      "USDJPY_40_2.4.138_BUY_M15": 0.07666530538514707,
      "USDJPY_41_2.5.172_BUY_M15": 0.11180847642731491,
      "USDJPY_57_4.8.181_BUY_M15": 0.1207044220998357,
      "USOIL.cash_42_1.25.121_BUY_M15": -0.05908554841717714,
      "USOIL.cash_43_5.11.112_BUY_M15": -0.07319781519393817,
      "USOIL.cash_44_6.17.127_BUY_M15": -0.09887856302747319,
      "USOIL.cash_54_4.18.190_BOTH_M15": -0.09887856302747319,
      "XAUUSD_45_2.13.130_BUY_M15": -0.08967657730099834,
      "XAUUSD_58_5.6.136_BUY_M15": -0.0590366026130353
    },
    "drawdown_correlation_row": {
      "AUDJPY_1_3.14.146_BUY_M15": -0.06974930054244455,
      "AUDJPY_2_5.20.109_BUY_M15": 0.5119685227304103,
      "AUDJPY_3_3.19_BUY_M15": -0.184208129559935,
      "AUDJPY_46_3.50.181_BUY_M15": -0.0036052432631119655,
      "AUDJPY_47_6.30.171_BOTH_M15": -0.045373907519823516,
      "AUDJPY_56_1.14.109_BUY_M15": 0.2512704522176699,
      "AUDJPY_78_3.7.108_BUY_M15": -0.18533454599624338,
      "AUDUSD_48_5.8.189_SELL_M15": 0.21623369050550792,
      "AUDUSD_4_3.27.109_SELL_M15": 0.1611266571874776,
      "AUDUSD_5_6.3.178_SELL_M15": 0.1449890800645268,
      "AUDUSD_60_1.31.145_SELL_M15": 0.20110498098343393,
      "AUDUSD_61_6.25.174_SELL_M15": 0.22481255501311884,
      "AUDUSD_6_5.9.126_SELL_M15": 0.023237852602631847,
      "EURGBP_10_5.21.111_SELL_M15": -0.04554229560546807,
      "EURGBP_49_2.36.141_BOTH_M15": -0.04513362640834582,
      "EURGBP_62_3.31.132_BUY_M15": 0.21222233512940908,
      "EURGBP_63_4.21.189_SELL_M15": 0.18049841320790497,
      "EURGBP_70_2.27.108_SELL_M15": -0.04520489266156821,
      "EURGBP_7_3.16.177_SELL_M15": 0.18931717870409973,
      "EURGBP_8_6.1.186_SELL_M15": -0.40440603166773437,
      "EURGBP_9_5.2.127_SELL_M15": -0.24349661660798524,
      "EURUSD_11_1.42.105_SELL_M15": -0.09226324455052268,
      "EURUSD_12_3.47.124_BUY_M15": 0.5006736247592554,
      "EURUSD_13_6.46.178_BUY_M15": 0.4798650772322909,
      "EURUSD_14_5.6.167_BUY_M15": 0.20870836580045046,
      "EURUSD_18_6.6.111_SELL_M15": -0.16112797096742357,
      "EURUSD_59_2.34.129_SELL_M15": 0.5628881193062586,
      "EURUSD_64_4.34.165_BUY_M15": 0.19316915397324583,
      "EURUSD_71_5.30.159_SELL_M15": 0.3002383870836686,
      "EURUSD_72_5.42.127_SELL_M15": 0.07701774530899018,
      "EURUSD_73_5.43.181_SELL_M15": -0.15880570624967927,
      "GBPJPY_50_5.35.116_BUY_M15": -0.093844409562216,
      "GBPJPY_65_2.14.157_BUY_M15": -0.07934101101766154,
      "GBPJPY_66_4.17.131_BOTH_M15": 0.3553926480155938,
      "GBPJPY_67_4.19.99_BOTH_M15": 0.2916753868815736,
      "GBPUSD_19_0.13205_BUY_M15": 0.22548608105932116,
      "GBPUSD_20_1.32.126_BUY_M15": -0.1809335542212172,
      "GBPUSD_21_3.3.167_BUY_M15": -0.06935891945565065,
      "GBPUSD_22_6.11.100_SELL_M15": -0.02510333073186269,
      "GBPUSD_69_3.13.113_BUY_M15": -0.1596529184394339,
      "GBPUSD_74_6.52.179_SELL_M15": 0.01148114421087758,
      "NZDUSD_23_2.12.147_SELL_M15": 0.2260460262574044,
      "NZDUSD_24_4.41.120_SELL_M15": 0.05167626567360435,
      "NZDUSD_25_5.7.105_SELL_M15": 0.11695297017090478,
      "NZDUSD_26_2.6.180_SELL_M15": 0.2841171729232922,
      "NZDUSD_27_6.16.107_SELL_M15": 0.3514817323573432,
      "NZDUSD_75_4.73.120_SELL_M15": 0.39557584031773024,
      "NZDUSD_76_5.71.164_BUY_M15": 0.022277487570185554,