{
  "strategy_id": "USDCHF_52_3.17.186_BOTH_M15",
  "summary": {
    "strategy_id": "USDCHF_52_3.17.186_BOTH_M15",
    "symbol_count": 1,
    "side_mix": null,
    "trade_count": 562,
    "avg_return_correlation": -0.021447046869924817,
    "max_return_correlation": 0.11592715227494131,
    "avg_drawdown_correlation": 0.02651701336944588,
    "max_drawdown_correlation": 0.5949686324418076,
    "avg_stress_overlap": 0.052063206023469755,
    "max_stress_overlap": 0.08444444444444445,
    "avg_symbol_overlap": 0.0547945205479452,
    "max_symbol_overlap": 1.0,
    "avg_side_overlap": 0.821917808219178,
    "max_side_overlap": 1.0,
    "correlation_penalty": 0.023982030119685346,
    "marginal_dd_contribution": -0.8394816734542587,
    "diversification_score": 0.9490639363091763,
    "portfolio_fit_score": 0.7244899940709154,
    "cluster_membership": "CLUSTER_51"
  },
  "peer_snapshot": {
    "return_correlation_row": {
      "AUDJPY_1_3.14.146_BUY_M15": -0.014316729389823243,
      "AUDJPY_2_5.20.109_BUY_M15": 0.007546565805665458,
      "AUDJPY_3_3.19_BUY_M15": 0.0022382707372255715,
      "AUDJPY_46_3.50.181_BUY_M15": -0.0237106256081749,
      "AUDJPY_47_6.30.171_BOTH_M15": 0.02719769016723411,
      "AUDJPY_56_1.14.109_BUY_M15": -0.012698520771774375,
      "AUDJPY_78_3.7.108_BUY_M15": 0.004148862794982857,
      "AUDUSD_48_5.8.189_SELL_M15": -0.042972890098989865,
      "AUDUSD_4_3.27.109_SELL_M15": -0.025187496978623686,
      "AUDUSD_5_6.3.178_SELL_M15": -0.08509200274816285,
      "AUDUSD_60_1.31.145_SELL_M15": -0.04147651250792754,
      "AUDUSD_61_6.25.174_SELL_M15": 0.04741007728489519,
      "AUDUSD_6_5.9.126_SELL_M15": -0.049288172074137646,
      "EURGBP_10_5.21.111_SELL_M15": -0.015067224088326966,
      "EURGBP_49_2.36.141_BOTH_M15": -0.023766012112612835,
      "EURGBP_62_3.31.132_BUY_M15": 0.04236306603509517,
      "EURGBP_63_4.21.189_SELL_M15": -0.02011668386290284,
      "EURGBP_70_2.27.108_SELL_M15": -0.021367307194364367,
      "EURGBP_7_3.16.177_SELL_M15": 0.008862089613577628,
      "EURGBP_8_6.1.186_SELL_M15": -0.034696209128656195,
      "EURGBP_9_5.2.127_SELL_M15": -0.030967890269879006,
      "EURUSD_11_1.42.105_SELL_M15": -0.04996394603014819,
      "EURUSD_12_3.47.124_BUY_M15": 0.022056009459274654,
      "EURUSD_13_6.46.178_BUY_M15": 0.11592715227494131,
      "EURUSD_14_5.6.167_BUY_M15": 0.04623706991176797,
      "EURUSD_18_6.6.111_SELL_M15": -0.04818452312640659,
      "EURUSD_59_2.34.129_SELL_M15": -0.105129523944488,
      "EURUSD_64_4.34.165_BUY_M15": 0.0008895370550328046,
      "EURUSD_71_5.30.159_SELL_M15": -0.06896478901930002,
      "EURUSD_72_5.42.127_SELL_M15": -0.036392624196213745,
      "EURUSD_73_5.43.181_SELL_M15": -0.06137443601191868,
      "GBPJPY_50_5.35.116_BUY_M15": -0.023317087821769746,
      "GBPJPY_65_2.14.157_BUY_M15": 0.0027218482225887224,
      "GBPJPY_66_4.17.131_BOTH_M15": 0.01115434437105175,
      "GBPJPY_67_4.19.99_BOTH_M15": -0.0005750693653718894,
      "GBPUSD_19_0.13205_BUY_M15": 0.007391588277964305,
      "GBPUSD_20_1.32.126_BUY_M15": -0.028668901607108867,
      "GBPUSD_21_3.3.167_BUY_M15": 0.07091414641333198,
      "GBPUSD_22_6.11.100_SELL_M15": -0.030219425690972836,
      "GBPUSD_69_3.13.113_BUY_M15": -0.06012916044571985,
      "GBPUSD_74_6.52.179_SELL_M15": -0.04528158488948353,
      "NZDUSD_23_2.12.147_SELL_M15": -0.03960116949383054,
      "NZDUSD_24_4.41.120_SELL_M15": -0.0030778190335602096,
      "NZDUSD_25_5.7.105_SELL_M15": -0.0656986198741579,
      "NZDUSD_26_2.6.180_SELL_M15": -0.06705002291341974,
      "NZDUSD_27_6.16.107_SELL_M15": -0.1266905076801287,
      "NZDUSD_75_4.73.120_SELL_M15": -0.048004289338620415,
      "NZDUSD_76_5.71.164_BUY_M15": 0.0016977871107088237,
      "US500.cash_28_3.8.114_BUY_M15": 0.0523347904240128,
      "US500.cash_29_3.32.156_BUY_M15": 0.03704974077183331,
      "USDCAD_30_2.34.141_BUY_M15": -0.016757918047257382,
      "USDCAD_31_3.2.189_BUY_M15": -0.07241127308492243,
      "USDCAD_32_4.16.175_BUY_M15": -0.08634942994841907,
      "USDCAD_33_5.11.180_BUY_M15": -0.052413771650373885,
      "USDCAD_34_1.8.187_BUY_M15": -0.03637236943404109,
      "USDCAD_51_6.27.122_BUY_M15": -0.0982560907216927,
      "USDCAD_77_3.51.113_SELL_M15": 0.026324291652651544,
      "USDCHF_35_3.1.133_SELL_M15": -0.026357782167236738,
      "USDCHF_36_4.5.112_SELL_M15": -0.13299961960790324,
      "USDCHF_52_3.17.186_BOTH_M15": 1.0,
      "USDCHF_53_6.47.153_BOTH_M15": 0.07687800224979162,
      "USDCHF_55_6.23.134_BUY_M15": -0.006002653027920334,
      "USDJPY_37_0.18430_BUY_M15": 0.0039039170610174617,
      "USDJPY_38_1.35.168_BUY_M15": 0.004213863419208086,
      "USDJPY_39_6.27.190_BUY_M15": -0.045961325964658,
      "USDJPY_40_2.4.138_BUY_M15": -0.002349862403391455,
      "USDJPY_41_2.5.172_BUY_M15": -0.05603648277965877,
      "USDJPY_57_4.8.181_BUY_M15": -0.028766405722778058,
      "USOIL.cash_42_1.25.121_BUY_M15": -0.07527124996651356,
      "USOIL.cash_43_5.11.112_BUY_M15": -0.026003813307004943,
      "USOIL.cash_44_6.17.127_BUY_M15": -0.048659790837733245,
      "USOIL.cash_54_4.18.190_BOTH_M15": -0.048659790837733245,
      "XAUUSD_45_2.13.130_BUY_M15": 0.002864528979631796,
      "XAUUSD_58_5.6.136_BUY_M15": 0.02071774522821745
    },
    "drawdown_correlation_row": {
      "AUDJPY_1_3.14.146_BUY_M15": -0.11868895638665004,
      "AUDJPY_2_5.20.109_BUY_M15": 0.4994048235027748,
      "AUDJPY_3_3.19_BUY_M15": -0.1846896605641132,
      "AUDJPY_46_3.50.181_BUY_M15": 0.15037631907890248,
      "AUDJPY_47_6.30.171_BOTH_M15": 0.06450992436778775,
      "AUDJPY_56_1.14.109_BUY_M15": 0.20102699989308823,
      "AUDJPY_78_3.7.108_BUY_M15": -0.18113703869953846,
      "AUDUSD_48_5.8.189_SELL_M15": 0.11858977369443822,
      "AUDUSD_4_3.27.109_SELL_M15": -0.0674067440971552,
      "AUDUSD_5_6.3.178_SELL_M15": -0.009832985388288229,
      "AUDUSD_60_1.31.145_SELL_M15": -0.048420200890322375,
      "AUDUSD_61_6.25.174_SELL_M15": 0.1964723044092601,
      "AUDUSD_6_5.9.126_SELL_M15": 0.055587612326888566,
      "EURGBP_10_5.21.111_SELL_M15": -0.30573653630741665,
      "EURGBP_49_2.36.141_BOTH_M15": -0.03600134205283694,
      "EURGBP_62_3.31.132_BUY_M15": 0.1344117191887264,
      "EURGBP_63_4.21.189_SELL_M15": 0.1796768123077781,
      "EURGBP_70_2.27.108_SELL_M15": -0.1106776724378331,
      "EURGBP_7_3.16.177_SELL_M15": 0.3447487305938886,
      "EURGBP_8_6.1.186_SELL_M15": -0.32521759648465204,
      "EURGBP_9_5.2.127_SELL_M15": -0.32439717850076233,
      "EURUSD_11_1.42.105_SELL_M15": -0.31729100273111305,
      "EURUSD_12_3.47.124_BUY_M15": 0.34912875875571875,
      "EURUSD_13_6.46.178_BUY_M15": 0.4369470272704629,
      "EURUSD_14_5.6.167_BUY_M15": 0.256780660859961,
      "EURUSD_18_6.6.111_SELL_M15": -0.2551919553339275,
      "EURUSD_59_2.34.129_SELL_M15": 0.2585478423973284,
      "EURUSD_64_4.34.165_BUY_M15": 0.13307643367953978,
      "EURUSD_71_5.30.159_SELL_M15": 0.23920258364878744,
      "EURUSD_72_5.42.127_SELL_M15": 0.33743188141338243,
      "EURUSD_73_5.43.181_SELL_M15": -0.12627666011285138,
      "GBPJPY_50_5.35.116_BUY_M15": -0.10249463610613031,
      "GBPJPY_65_2.14.157_BUY_M15": -0.0029828988633565584,
      "GBPJPY_66_4.17.131_BOTH_M15": 0.3393869664241618,
      "GBPJPY_67_4.19.99_BOTH_M15": 0.267536277936907,
      "GBPUSD_19_0.13205_BUY_M15": 0.1619059313904625,
      "GBPUSD_20_1.32.126_BUY_M15": -0.14335252445669974,
      "GBPUSD_21_3.3.167_BUY_M15": 0.14752031367100996,
      "GBPUSD_22_6.11.100_SELL_M15": -0.06856608057637455,
      "GBPUSD_69_3.13.113_BUY_M15": -0.12501008270892733,
      "GBPUSD_74_6.52.179_SELL_M15": -0.031418670788972376,
      "NZDUSD_23_2.12.147_SELL_M15": 0.2810156797479193,
      "NZDUSD_24_4.41.120_SELL_M15": -0.06994005437480369,
      "NZDUSD_25_5.7.105_SELL_M15": -0.19553385839977108,
      "NZDUSD_26_2.6.180_SELL_M15": -0.19975601320131872,
      "NZDUSD_27_6.16.107_SELL_M15": 0.07557524324607644,
      "NZDUSD_75_4.73.120_SELL_M15": 0.30934651590163303,