{
  "strategy_id": "USDJPY_57_4.8.181_BUY_M15",
  "summary": {
    "strategy_id": "USDJPY_57_4.8.181_BUY_M15",
    "symbol_count": 1,
    "side_mix": null,
    "trade_count": 953,
    "avg_return_correlation": 0.09148957970245405,
    "max_return_correlation": 0.6464179646936425,
    "avg_drawdown_correlation": 0.0568279059075412,
    "max_drawdown_correlation": 0.6958773369823925,
    "avg_stress_overlap": 0.08271084233073095,
    "max_stress_overlap": 0.2978723404255319,
    "avg_symbol_overlap": 0.0684931506849315,
    "max_symbol_overlap": 1.0,
    "avg_side_overlap": 0.821917808219178,
    "max_side_overlap": 1.0,
    "correlation_penalty": 0.07415874280499762,
    "marginal_dd_contribution": 1.2243539429840808,
    "diversification_score": 0.8997465399791628,
    "portfolio_fit_score": 0.6999344876867306,
    "cluster_membership": "CLUSTER_54"
  },
  "peer_snapshot": {
    "return_correlation_row": {
      "AUDJPY_1_3.14.146_BUY_M15": 0.13110720989384636,
      "AUDJPY_2_5.20.109_BUY_M15": 0.11555327811039831,
      "AUDJPY_3_3.19_BUY_M15": 0.1297048476652342,
      "AUDJPY_46_3.50.181_BUY_M15": 0.13694997881420465,
      "AUDJPY_47_6.30.171_BOTH_M15": 0.06731842244324726,
      "AUDJPY_56_1.14.109_BUY_M15": 0.16387805220497348,
      "AUDJPY_78_3.7.108_BUY_M15": 0.12780880552947038,
      "AUDUSD_48_5.8.189_SELL_M15": 0.11384195881083237,
      "AUDUSD_4_3.27.109_SELL_M15": 0.06057993786983525,
      "AUDUSD_5_6.3.178_SELL_M15": 0.09201083556236853,
      "AUDUSD_60_1.31.145_SELL_M15": 0.04550699735318998,
      "AUDUSD_61_6.25.174_SELL_M15": 0.05995682685623526,
      "AUDUSD_6_5.9.126_SELL_M15": 0.12470083896780679,
      "EURGBP_10_5.21.111_SELL_M15": -0.005101344142322932,
      "EURGBP_49_2.36.141_BOTH_M15": 0.026162870448229486,
      "EURGBP_62_3.31.132_BUY_M15": -0.04220252831479771,
      "EURGBP_63_4.21.189_SELL_M15": 0.020380940912090157,
      "EURGBP_70_2.27.108_SELL_M15": -0.00317782174415536,
      "EURGBP_7_3.16.177_SELL_M15": -0.032913970755447455,
      "EURGBP_8_6.1.186_SELL_M15": -0.04761663128598777,
      "EURGBP_9_5.2.127_SELL_M15": -0.007010126550143771,
      "EURUSD_11_1.42.105_SELL_M15": 0.0835181946393822,
      "EURUSD_12_3.47.124_BUY_M15": -0.10879218142516403,
      "EURUSD_13_6.46.178_BUY_M15": -0.17073643353820708,
      "EURUSD_14_5.6.167_BUY_M15": -0.08377946896954008,
      "EURUSD_18_6.6.111_SELL_M15": 0.13191311846857962,
      "EURUSD_59_2.34.129_SELL_M15": 0.1650518645817506,
      "EURUSD_64_4.34.165_BUY_M15": -0.05502596419788639,
      "EURUSD_71_5.30.159_SELL_M15": 0.14376155965887716,
      "EURUSD_72_5.42.127_SELL_M15": 0.14502511153537667,
      "EURUSD_73_5.43.181_SELL_M15": 0.15596170048664149,
      "GBPJPY_50_5.35.116_BUY_M15": 0.16821723255876436,
      "GBPJPY_65_2.14.157_BUY_M15": 0.26347341767070026,
      "GBPJPY_66_4.17.131_BOTH_M15": 0.2778564630667893,
      "GBPJPY_67_4.19.99_BOTH_M15": 0.292200611931706,
      "GBPUSD_19_0.13205_BUY_M15": -0.10963059000623071,
      "GBPUSD_20_1.32.126_BUY_M15": -0.05751834282628323,
      "GBPUSD_21_3.3.167_BUY_M15": -0.16172951489772594,
      "GBPUSD_22_6.11.100_SELL_M15": 0.08716570970027623,
      "GBPUSD_69_3.13.113_BUY_M15": 0.0850668897309457,
      "GBPUSD_74_6.52.179_SELL_M15": 0.15356326922611718,
      "NZDUSD_23_2.12.147_SELL_M15": 0.08654388216781539,
      "NZDUSD_24_4.41.120_SELL_M15": 0.0761589472873116,
      "NZDUSD_25_5.7.105_SELL_M15": 0.1469801875998363,
      "NZDUSD_26_2.6.180_SELL_M15": 0.2086670293334358,
      "NZDUSD_27_6.16.107_SELL_M15": 0.18338128410250004,
      "NZDUSD_75_4.73.120_SELL_M15": 0.09079842798807557,
      "NZDUSD_76_5.71.164_BUY_M15": -0.1435376039621907,
      "US500.cash_28_3.8.114_BUY_M15": -0.05596185171670963,
      "US500.cash_29_3.32.156_BUY_M15": -0.00418056323864469,
      "USDCAD_30_2.34.141_BUY_M15": 0.07554863600917644,
      "USDCAD_31_3.2.189_BUY_M15": 0.0930495455999088,
      "USDCAD_32_4.16.175_BUY_M15": 0.1350330731156728,
      "USDCAD_33_5.11.180_BUY_M15": 0.11997827461046595,
      "USDCAD_34_1.8.187_BUY_M15": 0.14893915209822106,
      "USDCAD_51_6.27.122_BUY_M15": 0.1207044220998357,
      "USDCAD_77_3.51.113_SELL_M15": -0.08810903776051401,
      "USDCHF_35_3.1.133_SELL_M15": -0.07072115765701062,
      "USDCHF_36_4.5.112_SELL_M15": 0.10558198734538511,
      "USDCHF_52_3.17.186_BOTH_M15": -0.028766405722778058,
      "USDCHF_53_6.47.153_BOTH_M15": 0.2169792640398945,
      "USDCHF_55_6.23.134_BUY_M15": 0.13386210347234612,
      "USDJPY_37_0.18430_BUY_M15": 0.46450111222741025,
      "USDJPY_38_1.35.168_BUY_M15": 0.3914735983978238,
      "USDJPY_39_6.27.190_BUY_M15": 0.6464179646936425,
      "USDJPY_40_2.4.138_BUY_M15": 0.49334478373284246,
      "USDJPY_41_2.5.172_BUY_M15": 0.5568473997999243,
      "USDJPY_57_4.8.181_BUY_M15": 1.0,
      "USOIL.cash_42_1.25.121_BUY_M15": 0.0330062004933387,
      "USOIL.cash_43_5.11.112_BUY_M15": 0.03044144782349293,
      "USOIL.cash_44_6.17.127_BUY_M15": 0.04820953145646589,
      "USOIL.cash_54_4.18.190_BOTH_M15": 0.04820953145646589,
      "XAUUSD_45_2.13.130_BUY_M15": -0.21303050525013892,
      "XAUUSD_58_5.6.136_BUY_M15": -0.05461336940813114
    },
    "drawdown_correlation_row": {
      "AUDJPY_1_3.14.146_BUY_M15": 0.26183709003416533,
      "AUDJPY_2_5.20.109_BUY_M15": 0.09512473066313282,
      "AUDJPY_3_3.19_BUY_M15": 0.4280075165513232,
      "AUDJPY_46_3.50.181_BUY_M15": -0.020216991296226738,
      "AUDJPY_47_6.30.171_BOTH_M15": 0.12934353083523412,
      "AUDJPY_56_1.14.109_BUY_M15": 0.2547852475422451,
      "AUDJPY_78_3.7.108_BUY_M15": 0.4294433876337397,
      "AUDUSD_48_5.8.189_SELL_M15": -0.10285770163000967,
      "AUDUSD_4_3.27.109_SELL_M15": 0.09482650987250411,
      "AUDUSD_5_6.3.178_SELL_M15": -0.16331365477165255,
      "AUDUSD_60_1.31.145_SELL_M15": 0.0977712592139907,
      "AUDUSD_61_6.25.174_SELL_M15": -0.026984247573842414,
      "AUDUSD_6_5.9.126_SELL_M15": 0.031087982241556213,
      "EURGBP_10_5.21.111_SELL_M15": 0.06175277996814508,
      "EURGBP_49_2.36.141_BOTH_M15": -0.0737340605265423,
      "EURGBP_62_3.31.132_BUY_M15": 0.16196006022747794,
      "EURGBP_63_4.21.189_SELL_M15": -0.07496177537237884,
      "EURGBP_70_2.27.108_SELL_M15": -0.02613787680518099,
      "EURGBP_7_3.16.177_SELL_M15": -0.15737349445214063,
      "EURGBP_8_6.1.186_SELL_M15": 0.07112245959727931,
      "EURGBP_9_5.2.127_SELL_M15": 0.008264923153227875,
      "EURUSD_11_1.42.105_SELL_M15": 0.2921780114270972,
      "EURUSD_12_3.47.124_BUY_M15": 0.015029875823522134,
      "EURUSD_13_6.46.178_BUY_M15": 0.14653386218857103,
      "EURUSD_14_5.6.167_BUY_M15": -0.40783887616217174,
      "EURUSD_18_6.6.111_SELL_M15": 0.4335988071169888,
      "EURUSD_59_2.34.129_SELL_M15": 0.24208792984226882,
      "EURUSD_64_4.34.165_BUY_M15": -0.28230932833445743,
      "EURUSD_71_5.30.159_SELL_M15": -0.16343395325926702,
      "EURUSD_72_5.42.127_SELL_M15": -0.176743374243145,
      "EURUSD_73_5.43.181_SELL_M15": 0.17815911102380905,
      "GBPJPY_50_5.35.116_BUY_M15": -0.14293750652103734,
      "GBPJPY_65_2.14.157_BUY_M15": -0.1483942122311272,
      "GBPJPY_66_4.17.131_BOTH_M15": -0.07957921673201723,
      "GBPJPY_67_4.19.99_BOTH_M15": -0.19205323484222991,
      "GBPUSD_19_0.13205_BUY_M15": -0.01043793607570402,
      "GBPUSD_20_1.32.126_BUY_M15": -0.3474889388914056,
      "GBPUSD_21_3.3.167_BUY_M15": -0.3502747290211061,
      "GBPUSD_22_6.11.100_SELL_M15": -0.021165161244418473,
      "GBPUSD_69_3.13.113_BUY_M15": 0.009560841925134662,
      "GBPUSD_74_6.52.179_SELL_M15": 0.29339134666492783,
      "NZDUSD_23_2.12.147_SELL_M15": -0.020389391135422645,
      "NZDUSD_24_4.41.120_SELL_M15": -0.26176185558628345,
      "NZDUSD_25_5.7.105_SELL_M15": 0.2647905507145923,
      "NZDUSD_26_2.6.180_SELL_M15": 0.5801029738383366,
      "NZDUSD_27_6.16.107_SELL_M15": 0.4470581001924087,
      "NZDUSD_75_4.73.120_SELL_M15": 0.07020608252797382,
      "NZDUSD_76_5.71.164_BUY_M15": 0.18687079120850483,