{
  "strategy_id": "USDJPY_41_2.5.172_BUY_M15",
  "summary": {
    "strategy_id": "USDJPY_41_2.5.172_BUY_M15",
    "symbol_count": 1,
    "side_mix": null,
    "trade_count": 748,
    "avg_return_correlation": 0.09348167187788019,
    "max_return_correlation": 0.6028506581221899,
    "avg_drawdown_correlation": 0.02190199868898015,
    "max_drawdown_correlation": 0.5799167731162472,
    "avg_stress_overlap": 0.07555579302632418,
    "max_stress_overlap": 0.19607843137254902,
    "avg_symbol_overlap": 0.0684931506849315,
    "max_symbol_overlap": 1.0,
    "avg_side_overlap": 0.821917808219178,
    "max_side_overlap": 1.0,
    "correlation_penalty": 0.057691835283430165,
    "marginal_dd_contribution": 0.8310662717512542,
    "diversification_score": 0.9020411875920432,
    "portfolio_fit_score": 0.7010621471096092,
    "cluster_membership": "CLUSTER_54"
  },
  "peer_snapshot": {
    "return_correlation_row": {
      "AUDJPY_1_3.14.146_BUY_M15": 0.09464562978758222,
      "AUDJPY_2_5.20.109_BUY_M15": 0.11101286166893345,
      "AUDJPY_3_3.19_BUY_M15": 0.14007026311688509,
      "AUDJPY_46_3.50.181_BUY_M15": 0.1442431159498222,
      "AUDJPY_47_6.30.171_BOTH_M15": 0.12924875067460379,
      "AUDJPY_56_1.14.109_BUY_M15": 0.12557742226624186,
      "AUDJPY_78_3.7.108_BUY_M15": 0.14087807699546753,
      "AUDUSD_48_5.8.189_SELL_M15": 0.11908727572015741,
      "AUDUSD_4_3.27.109_SELL_M15": 0.09273765566685435,
      "AUDUSD_5_6.3.178_SELL_M15": 0.12622012114084408,
      "AUDUSD_60_1.31.145_SELL_M15": 0.10338899695076677,
      "AUDUSD_61_6.25.174_SELL_M15": 0.030332382405513246,
      "AUDUSD_6_5.9.126_SELL_M15": 0.14844248334680293,
      "EURGBP_10_5.21.111_SELL_M15": -0.016425241413421086,
      "EURGBP_49_2.36.141_BOTH_M15": -0.0016163141769736128,
      "EURGBP_62_3.31.132_BUY_M15": 0.014565742767079531,
      "EURGBP_63_4.21.189_SELL_M15": 0.012944116330430402,
      "EURGBP_70_2.27.108_SELL_M15": -0.012749372821238756,
      "EURGBP_7_3.16.177_SELL_M15": 0.0449491903563618,
      "EURGBP_8_6.1.186_SELL_M15": -0.041241745917715546,
      "EURGBP_9_5.2.127_SELL_M15": 0.009546585214136953,
      "EURUSD_11_1.42.105_SELL_M15": 0.09333488425365782,
      "EURUSD_12_3.47.124_BUY_M15": -0.06895436947435894,
      "EURUSD_13_6.46.178_BUY_M15": -0.07947291582221278,
      "EURUSD_14_5.6.167_BUY_M15": -0.08077790454348517,
      "EURUSD_18_6.6.111_SELL_M15": 0.1389217727481282,
      "EURUSD_59_2.34.129_SELL_M15": 0.1860224380803043,
      "EURUSD_64_4.34.165_BUY_M15": -0.04945068957789711,
      "EURUSD_71_5.30.159_SELL_M15": 0.1132788391608304,
      "EURUSD_72_5.42.127_SELL_M15": 0.14241507344526158,
      "EURUSD_73_5.43.181_SELL_M15": 0.14334603336947543,
      "GBPJPY_50_5.35.116_BUY_M15": 0.11615270155393197,
      "GBPJPY_65_2.14.157_BUY_M15": 0.2962323894760088,
      "GBPJPY_66_4.17.131_BOTH_M15": 0.25299758841032244,
      "GBPJPY_67_4.19.99_BOTH_M15": 0.2732990455195554,
      "GBPUSD_19_0.13205_BUY_M15": -0.05555756989095421,
      "GBPUSD_20_1.32.126_BUY_M15": -0.08137818386494947,
      "GBPUSD_21_3.3.167_BUY_M15": -0.1514052588560585,
      "GBPUSD_22_6.11.100_SELL_M15": 0.0541887384232825,
      "GBPUSD_69_3.13.113_BUY_M15": 0.06512495796429157,
      "GBPUSD_74_6.52.179_SELL_M15": 0.08653992504398543,
      "NZDUSD_23_2.12.147_SELL_M15": 0.07289206078055023,
      "NZDUSD_24_4.41.120_SELL_M15": 0.062486974796473735,
      "NZDUSD_25_5.7.105_SELL_M15": 0.18577347135505087,
      "NZDUSD_26_2.6.180_SELL_M15": 0.1669915265229059,
      "NZDUSD_27_6.16.107_SELL_M15": 0.13128592118939592,
      "NZDUSD_75_4.73.120_SELL_M15": 0.0900966178561833,
      "NZDUSD_76_5.71.164_BUY_M15": -0.1631945712792456,
      "US500.cash_28_3.8.114_BUY_M15": -0.0477585486294001,
      "US500.cash_29_3.32.156_BUY_M15": -0.022833605115762656,
      "USDCAD_30_2.34.141_BUY_M15": 0.0655521938421027,
      "USDCAD_31_3.2.189_BUY_M15": 0.11899556318976992,
      "USDCAD_32_4.16.175_BUY_M15": 0.12283116869029666,
      "USDCAD_33_5.11.180_BUY_M15": 0.10068845077619136,
      "USDCAD_34_1.8.187_BUY_M15": 0.12783613922986498,
      "USDCAD_51_6.27.122_BUY_M15": 0.11180847642731491,
      "USDCAD_77_3.51.113_SELL_M15": -0.06358839078870017,
      "USDCHF_35_3.1.133_SELL_M15": -0.04701561143520277,
      "USDCHF_36_4.5.112_SELL_M15": 0.11979233628185292,
      "USDCHF_52_3.17.186_BOTH_M15": -0.05603648277965877,
      "USDCHF_53_6.47.153_BOTH_M15": 0.20996288846893282,
      "USDCHF_55_6.23.134_BUY_M15": 0.1619902070618474,
      "USDJPY_37_0.18430_BUY_M15": 0.3538505580319026,
      "USDJPY_38_1.35.168_BUY_M15": 0.49923950031652153,
      "USDJPY_39_6.27.190_BUY_M15": 0.5598719767731908,
      "USDJPY_40_2.4.138_BUY_M15": 0.6028506581221899,
      "USDJPY_41_2.5.172_BUY_M15": 1.0,
      "USDJPY_57_4.8.181_BUY_M15": 0.5568473997999243,
      "USOIL.cash_42_1.25.121_BUY_M15": 0.006907209011505396,
      "USOIL.cash_43_5.11.112_BUY_M15": 0.022301065803783313,
      "USOIL.cash_44_6.17.127_BUY_M15": 0.04289995979671717,
      "USOIL.cash_54_4.18.190_BOTH_M15": 0.04289995979671717,
      "XAUUSD_45_2.13.130_BUY_M15": -0.1724359783728684,
      "XAUUSD_58_5.6.136_BUY_M15": -0.050342539883348685
    },
    "drawdown_correlation_row": {
      "AUDJPY_1_3.14.146_BUY_M15": 0.3909070521400436,
      "AUDJPY_2_5.20.109_BUY_M15": -0.3126468360000419,
      "AUDJPY_3_3.19_BUY_M15": 0.060313282511304404,
      "AUDJPY_46_3.50.181_BUY_M15": 0.26150013259356897,
      "AUDJPY_47_6.30.171_BOTH_M15": 0.08794612923877788,
      "AUDJPY_56_1.14.109_BUY_M15": -0.16927690247966268,
      "AUDJPY_78_3.7.108_BUY_M15": 0.06369921086846847,
      "AUDUSD_48_5.8.189_SELL_M15": -0.2866881250070866,
      "AUDUSD_4_3.27.109_SELL_M15": -0.05651324205009756,
      "AUDUSD_5_6.3.178_SELL_M15": -0.00675874589839395,
      "AUDUSD_60_1.31.145_SELL_M15": -0.028018417417883378,
      "AUDUSD_61_6.25.174_SELL_M15": 0.21367819153243572,
      "AUDUSD_6_5.9.126_SELL_M15": 0.001330467438352704,
      "EURGBP_10_5.21.111_SELL_M15": 0.09970213522587457,
      "EURGBP_49_2.36.141_BOTH_M15": -0.0469056439509103,
      "EURGBP_62_3.31.132_BUY_M15": -0.186372366739271,
      "EURGBP_63_4.21.189_SELL_M15": -0.017992378042749828,
      "EURGBP_70_2.27.108_SELL_M15": 0.0007985251274760986,
      "EURGBP_7_3.16.177_SELL_M15": 0.1140070642777633,
      "EURGBP_8_6.1.186_SELL_M15": 0.13041990100615727,
      "EURGBP_9_5.2.127_SELL_M15": 0.2613969222364351,
      "EURUSD_11_1.42.105_SELL_M15": 0.32074418001998134,
      "EURUSD_12_3.47.124_BUY_M15": -0.3700673016758539,
      "EURUSD_13_6.46.178_BUY_M15": -0.3209535505832052,
      "EURUSD_14_5.6.167_BUY_M15": -0.14259790375054004,
      "EURUSD_18_6.6.111_SELL_M15": 0.06171150081708185,
      "EURUSD_59_2.34.129_SELL_M15": -0.10532001268971862,
      "EURUSD_64_4.34.165_BUY_M15": -0.26296704443600977,
      "EURUSD_71_5.30.159_SELL_M15": 0.03170259688009527,
      "EURUSD_72_5.42.127_SELL_M15": 0.3488191439535983,
      "EURUSD_73_5.43.181_SELL_M15": 0.09613916181535109,
      "GBPJPY_50_5.35.116_BUY_M15": -0.04027585443062196,
      "GBPJPY_65_2.14.157_BUY_M15": 0.08866192770641776,
      "GBPJPY_66_4.17.131_BOTH_M15": -0.24510494945698577,
      "GBPJPY_67_4.19.99_BOTH_M15": -0.14834628922903637,
      "GBPUSD_19_0.13205_BUY_M15": -0.16573582596629108,
      "GBPUSD_20_1.32.126_BUY_M15": -0.09773535114782081,
      "GBPUSD_21_3.3.167_BUY_M15": 0.08236382212105152,
      "GBPUSD_22_6.11.100_SELL_M15": 0.36912077709667446,
      "GBPUSD_69_3.13.113_BUY_M15": 0.03205763203435486,
      "GBPUSD_74_6.52.179_SELL_M15": 0.24113885962169843,
      "NZDUSD_23_2.12.147_SELL_M15": 0.07247207796262169,
      "NZDUSD_24_4.41.120_SELL_M15": 0.287527236158651,
      "NZDUSD_25_5.7.105_SELL_M15": 0.044217640165464873,
      "NZDUSD_26_2.6.180_SELL_M15": -0.08651754716789913,
      "NZDUSD_27_6.16.107_SELL_M15": -0.049964007166965696,
      "NZDUSD_75_4.73.120_SELL_M15": -0.10811773313190988,
      "NZDUSD_76_5.71.164_BUY_M15": 0.06675899049695973,