{
  "strategy_id": "USDJPY_37_0.18430_BUY_M15",
  "summary": {
    "strategy_id": "USDJPY_37_0.18430_BUY_M15",
    "symbol_count": 1,
    "side_mix": null,
    "trade_count": 1138,
    "avg_return_correlation": 0.06519686565975115,
    "max_return_correlation": 0.5386059257837966,
    "avg_drawdown_correlation": 0.06021871666306464,
    "max_drawdown_correlation": 0.39408379175751584,
    "avg_stress_overlap": 0.06734623772733132,
    "max_stress_overlap": 0.23232323232323232,
    "avg_symbol_overlap": 0.0684931506849315,
    "max_symbol_overlap": 1.0,
    "avg_side_overlap": 0.821917808219178,
    "max_side_overlap": 1.0,
    "correlation_penalty": 0.0627077911614079,
    "marginal_dd_contribution": -8.762906330988486,
    "diversification_score": 0.9182609038218751,
    "portfolio_fit_score": 0.7086923065943881,
    "cluster_membership": "CLUSTER_54"
  },
  "peer_snapshot": {
    "return_correlation_row": {
      "AUDJPY_1_3.14.146_BUY_M15": 0.0401831675621395,
      "AUDJPY_2_5.20.109_BUY_M15": 0.04084696326554132,
      "AUDJPY_3_3.19_BUY_M15": 0.06854175373437679,
      "AUDJPY_46_3.50.181_BUY_M15": 0.10521199976970758,
      "AUDJPY_47_6.30.171_BOTH_M15": 0.06162672184764168,
      "AUDJPY_56_1.14.109_BUY_M15": 0.09419456839919,
      "AUDJPY_78_3.7.108_BUY_M15": 0.06801703480691235,
      "AUDUSD_48_5.8.189_SELL_M15": 0.07278594530358157,
      "AUDUSD_4_3.27.109_SELL_M15": 0.06706133804429716,
      "AUDUSD_5_6.3.178_SELL_M15": 0.07109670935176962,
      "AUDUSD_60_1.31.145_SELL_M15": 0.08013693615142738,
      "AUDUSD_61_6.25.174_SELL_M15": 0.013606847965380092,
      "AUDUSD_6_5.9.126_SELL_M15": 0.12592968469225327,
      "EURGBP_10_5.21.111_SELL_M15": 0.027227706899062797,
      "EURGBP_49_2.36.141_BOTH_M15": 0.042430822670941074,
      "EURGBP_62_3.31.132_BUY_M15": -0.045916968843140345,
      "EURGBP_63_4.21.189_SELL_M15": 0.03543082307129054,
      "EURGBP_70_2.27.108_SELL_M15": 0.0017303772710768634,
      "EURGBP_7_3.16.177_SELL_M15": -0.02819306533337921,
      "EURGBP_8_6.1.186_SELL_M15": 0.023960952011587138,
      "EURGBP_9_5.2.127_SELL_M15": 0.033533634137016835,
      "EURUSD_11_1.42.105_SELL_M15": 0.03050069527659324,
      "EURUSD_12_3.47.124_BUY_M15": -0.10120313834440119,
      "EURUSD_13_6.46.178_BUY_M15": -0.09350168375255645,
      "EURUSD_14_5.6.167_BUY_M15": -0.1164478240342241,
      "EURUSD_18_6.6.111_SELL_M15": 0.11658553227849773,
      "EURUSD_59_2.34.129_SELL_M15": 0.083686304252236,
      "EURUSD_64_4.34.165_BUY_M15": -0.076069464663794,
      "EURUSD_71_5.30.159_SELL_M15": 0.0934900445384605,
      "EURUSD_72_5.42.127_SELL_M15": 0.0819924219557594,
      "EURUSD_73_5.43.181_SELL_M15": 0.08735869700751422,
      "GBPJPY_50_5.35.116_BUY_M15": 0.100256709446118,
      "GBPJPY_65_2.14.157_BUY_M15": 0.19667668409465822,
      "GBPJPY_66_4.17.131_BOTH_M15": 0.20124236392268346,
      "GBPJPY_67_4.19.99_BOTH_M15": 0.20255426062760795,
      "GBPUSD_19_0.13205_BUY_M15": -0.04972895275449336,
      "GBPUSD_20_1.32.126_BUY_M15": -0.04302883108211504,
      "GBPUSD_21_3.3.167_BUY_M15": -0.09089086933957581,
      "GBPUSD_22_6.11.100_SELL_M15": 0.049270603114092905,
      "GBPUSD_69_3.13.113_BUY_M15": 0.038146723912354116,
      "GBPUSD_74_6.52.179_SELL_M15": 0.06263119891076745,
      "NZDUSD_23_2.12.147_SELL_M15": 0.0471880409270832,
      "NZDUSD_24_4.41.120_SELL_M15": 0.06569888710705171,
      "NZDUSD_25_5.7.105_SELL_M15": 0.13194998041566958,
      "NZDUSD_26_2.6.180_SELL_M15": 0.11079540821450681,
      "NZDUSD_27_6.16.107_SELL_M15": 0.10469279939979032,
      "NZDUSD_75_4.73.120_SELL_M15": 0.04168079438454324,
      "NZDUSD_76_5.71.164_BUY_M15": -0.09997762091014392,
      "US500.cash_28_3.8.114_BUY_M15": -0.017895469172479733,
      "US500.cash_29_3.32.156_BUY_M15": -0.0006876414500558579,
      "USDCAD_30_2.34.141_BUY_M15": 0.04725516555194971,
      "USDCAD_31_3.2.189_BUY_M15": 0.047542575723493366,
      "USDCAD_32_4.16.175_BUY_M15": 0.0597999663990046,
      "USDCAD_33_5.11.180_BUY_M15": 0.12922167286396016,
      "USDCAD_34_1.8.187_BUY_M15": 0.08489673052425063,
      "USDCAD_51_6.27.122_BUY_M15": 0.07242547515436501,
      "USDCAD_77_3.51.113_SELL_M15": -0.09982021929582215,
      "USDCHF_35_3.1.133_SELL_M15": -0.07198518246164419,
      "USDCHF_36_4.5.112_SELL_M15": 0.07982670008108941,
      "USDCHF_52_3.17.186_BOTH_M15": 0.0039039170610174617,
      "USDCHF_53_6.47.153_BOTH_M15": 0.1645312253174911,
      "USDCHF_55_6.23.134_BUY_M15": 0.16583405391255007,
      "USDJPY_37_0.18430_BUY_M15": 1.0,
      "USDJPY_38_1.35.168_BUY_M15": 0.15430997652117429,
      "USDJPY_39_6.27.190_BUY_M15": 0.5386059257837966,
      "USDJPY_40_2.4.138_BUY_M15": 0.457315817733285,
      "USDJPY_41_2.5.172_BUY_M15": 0.3538505580319026,
      "USDJPY_57_4.8.181_BUY_M15": 0.46450111222741025,
      "USOIL.cash_42_1.25.121_BUY_M15": 0.002041575952075592,
      "USOIL.cash_43_5.11.112_BUY_M15": 0.005306230087734153,
      "USOIL.cash_44_6.17.127_BUY_M15": 0.03505571408388438,
      "USOIL.cash_54_4.18.190_BOTH_M15": 0.03505571408388438,
      "XAUUSD_45_2.13.130_BUY_M15": -0.09822967471071317,
      "XAUUSD_58_5.6.136_BUY_M15": -0.02828444452512798
    },
    "drawdown_correlation_row": {
      "AUDJPY_1_3.14.146_BUY_M15": -0.026970123876363973,
      "AUDJPY_2_5.20.109_BUY_M15": 0.3233447015833715,
      "AUDJPY_3_3.19_BUY_M15": 0.01366273094246523,
      "AUDJPY_46_3.50.181_BUY_M15": 0.06686631744067167,
      "AUDJPY_47_6.30.171_BOTH_M15": 0.06340401336490685,
      "AUDJPY_56_1.14.109_BUY_M15": 0.26723887324168205,
      "AUDJPY_78_3.7.108_BUY_M15": 0.014060214503073818,
      "AUDUSD_48_5.8.189_SELL_M15": 0.2441546039185766,
      "AUDUSD_4_3.27.109_SELL_M15": 0.09936162045119312,
      "AUDUSD_5_6.3.178_SELL_M15": 0.10760671337947049,
      "AUDUSD_60_1.31.145_SELL_M15": 0.04708400437403955,
      "AUDUSD_61_6.25.174_SELL_M15": -0.04881720760983927,
      "AUDUSD_6_5.9.126_SELL_M15": 0.0337879708911103,
      "EURGBP_10_5.21.111_SELL_M15": -0.008677218215697448,
      "EURGBP_49_2.36.141_BOTH_M15": 0.21269491667136753,
      "EURGBP_62_3.31.132_BUY_M15": 0.023767062062436516,
      "EURGBP_63_4.21.189_SELL_M15": 0.2780271172286523,
      "EURGBP_70_2.27.108_SELL_M15": -0.01744212693897487,
      "EURGBP_7_3.16.177_SELL_M15": -0.12323732459591086,
      "EURGBP_8_6.1.186_SELL_M15": -0.11406503379537485,
      "EURGBP_9_5.2.127_SELL_M15": -0.003483210626770449,
      "EURUSD_11_1.42.105_SELL_M15": -0.0641207568532699,
      "EURUSD_12_3.47.124_BUY_M15": 0.25612387659932345,
      "EURUSD_13_6.46.178_BUY_M15": 0.27989422690704957,
      "EURUSD_14_5.6.167_BUY_M15": -0.14979097874975514,
      "EURUSD_18_6.6.111_SELL_M15": -0.08115234277238578,
      "EURUSD_59_2.34.129_SELL_M15": 0.2828140776395728,
      "EURUSD_64_4.34.165_BUY_M15": 0.1990677812729362,
      "EURUSD_71_5.30.159_SELL_M15": 0.1122402287707089,
      "EURUSD_72_5.42.127_SELL_M15": -0.03696378154881449,
      "EURUSD_73_5.43.181_SELL_M15": 0.08334736579871466,
      "GBPJPY_50_5.35.116_BUY_M15": 0.21638676857018738,
      "GBPJPY_65_2.14.157_BUY_M15": 0.18834870992947475,
      "GBPJPY_66_4.17.131_BOTH_M15": 0.16958452895961493,
      "GBPJPY_67_4.19.99_BOTH_M15": 0.12293913116502182,
      "GBPUSD_19_0.13205_BUY_M15": 0.39408379175751584,
      "GBPUSD_20_1.32.126_BUY_M15": 0.10774444959748225,
      "GBPUSD_21_3.3.167_BUY_M15": 0.07311060451896678,
      "GBPUSD_22_6.11.100_SELL_M15": -0.2393970506431422,
      "GBPUSD_69_3.13.113_BUY_M15": 0.06134038946653695,
      "GBPUSD_74_6.52.179_SELL_M15": 0.14260291036583206,
      "NZDUSD_23_2.12.147_SELL_M15": 0.014254458098247701,
      "NZDUSD_24_4.41.120_SELL_M15": -0.07934769632101656,
      "NZDUSD_25_5.7.105_SELL_M15": 0.21458726362475522,
      "NZDUSD_26_2.6.180_SELL_M15": 0.12174797558562578,
      "NZDUSD_27_6.16.107_SELL_M15": 0.04927680204422515,
      "NZDUSD_75_4.73.120_SELL_M15": 0.16191676178548653,
      "NZDUSD_76_5.71.164_BUY_M15": -0.06705688975375337,