{
  "strategy_id": "USDJPY_39_6.27.190_BUY_M15",
  "summary": {
    "strategy_id": "USDJPY_39_6.27.190_BUY_M15",
    "symbol_count": 1,
    "side_mix": "BUY",
    "trade_count": 1727,
    "avg_return_correlation": 0.09342157878618276,
    "max_return_correlation": 0.6464179646936425,
    "avg_drawdown_correlation": 0.0658914598427923,
    "max_drawdown_correlation": 0.6958773369823925,
    "avg_stress_overlap": 0.08091494474001161,
    "max_stress_overlap": 0.2978723404255319,
    "avg_symbol_overlap": 0.0684931506849315,
    "max_symbol_overlap": 1.0,
    "avg_side_overlap": 0.08904109589041095,
    "max_side_overlap": 1.0,
    "correlation_penalty": 0.07965651931448753,
    "marginal_dd_contribution": 7.015723805997808,
    "diversification_score": 0.8996860504267142,
    "portfolio_fit_score": 0.700193811403657,
    "cluster_membership": "CLUSTER_54"
  },
  "peer_snapshot": {
    "return_correlation_row": {
      "AUDJPY_1_3.14.146_BUY_M15": 0.11554387623271095,
      "AUDJPY_2_5.20.109_BUY_M15": 0.08933806191811595,
      "AUDJPY_3_3.19_BUY_M15": 0.12881091757910243,
      "AUDJPY_46_3.50.181_BUY_M15": 0.19668082860529634,
      "AUDJPY_47_6.30.171_BOTH_M15": 0.11834220124234067,
      "AUDJPY_56_1.14.109_BUY_M15": 0.18676598303580733,
      "AUDJPY_78_3.7.108_BUY_M15": 0.12777106523801895,
      "AUDUSD_48_5.8.189_SELL_M15": 0.12160374369730848,
      "AUDUSD_4_3.27.109_SELL_M15": 0.04532179842655221,
      "AUDUSD_5_6.3.178_SELL_M15": 0.08674154774717037,
      "AUDUSD_60_1.31.145_SELL_M15": 0.05842902644040147,
      "AUDUSD_61_6.25.174_SELL_M15": 0.036059020695873044,
      "AUDUSD_6_5.9.126_SELL_M15": 0.11205143878450897,
      "EURGBP_10_5.21.111_SELL_M15": 0.01931631415612923,
      "EURGBP_49_2.36.141_BOTH_M15": 0.037872990185067484,
      "EURGBP_62_3.31.132_BUY_M15": -0.03575479284000215,
      "EURGBP_63_4.21.189_SELL_M15": 0.04133438695140722,
      "EURGBP_70_2.27.108_SELL_M15": 0.021743728606417757,
      "EURGBP_7_3.16.177_SELL_M15": -0.005440312821001854,
      "EURGBP_8_6.1.186_SELL_M15": -0.001015236680596893,
      "EURGBP_9_5.2.127_SELL_M15": 0.018769322038088468,
      "EURUSD_11_1.42.105_SELL_M15": 0.08772965935522511,
      "EURUSD_12_3.47.124_BUY_M15": -0.09689573183928621,
      "EURUSD_13_6.46.178_BUY_M15": -0.134523861046509,
      "EURUSD_14_5.6.167_BUY_M15": -0.15181777435581242,
      "EURUSD_18_6.6.111_SELL_M15": 0.13380507410482434,
      "EURUSD_59_2.34.129_SELL_M15": 0.17993740356412338,
      "EURUSD_64_4.34.165_BUY_M15": -0.02853128008760104,
      "EURUSD_71_5.30.159_SELL_M15": 0.1115186704328839,
      "EURUSD_72_5.42.127_SELL_M15": 0.13766121558877797,
      "EURUSD_73_5.43.181_SELL_M15": 0.15270867543264902,
      "GBPJPY_50_5.35.116_BUY_M15": 0.11217838714180511,
      "GBPJPY_65_2.14.157_BUY_M15": 0.3317511250291156,
      "GBPJPY_66_4.17.131_BOTH_M15": 0.2679400266151958,
      "GBPJPY_67_4.19.99_BOTH_M15": 0.29625804633310987,
      "GBPUSD_19_0.13205_BUY_M15": -0.09549992640148697,
      "GBPUSD_20_1.32.126_BUY_M15": -0.07042365633889308,
      "GBPUSD_21_3.3.167_BUY_M15": -0.15327603447194,
      "GBPUSD_22_6.11.100_SELL_M15": 0.06880676916190588,
      "GBPUSD_69_3.13.113_BUY_M15": 0.07867834475412935,
      "GBPUSD_74_6.52.179_SELL_M15": 0.12492457663071603,
      "NZDUSD_23_2.12.147_SELL_M15": 0.06755729830074224,
      "NZDUSD_24_4.41.120_SELL_M15": 0.08503623014347339,
      "NZDUSD_25_5.7.105_SELL_M15": 0.1600659802407403,
      "NZDUSD_26_2.6.180_SELL_M15": 0.1577833732336362,
      "NZDUSD_27_6.16.107_SELL_M15": 0.1254329993499224,
      "NZDUSD_75_4.73.120_SELL_M15": 0.10781498436255073,
      "NZDUSD_76_5.71.164_BUY_M15": -0.17554474629166023,
      "US500.cash_28_3.8.114_BUY_M15": 0.009314318724738388,
      "US500.cash_29_3.32.156_BUY_M15": 0.02407407621893166,
      "USDCAD_30_2.34.141_BUY_M15": 0.04281718522511189,
      "USDCAD_31_3.2.189_BUY_M15": 0.06985253771791256,
      "USDCAD_32_4.16.175_BUY_M15": 0.09817241444022602,
      "USDCAD_33_5.11.180_BUY_M15": 0.1223560815327883,
      "USDCAD_34_1.8.187_BUY_M15": 0.1082339396164028,
      "USDCAD_51_6.27.122_BUY_M15": 0.1003416082171695,
      "USDCAD_77_3.51.113_SELL_M15": -0.08446989860499833,
      "USDCHF_35_3.1.133_SELL_M15": -0.06877644359954399,
      "USDCHF_36_4.5.112_SELL_M15": 0.15120529861967635,
      "USDCHF_52_3.17.186_BOTH_M15": -0.045961325964658,
      "USDCHF_53_6.47.153_BOTH_M15": 0.20603380197906399,
      "USDCHF_55_6.23.134_BUY_M15": 0.13510484641548912,
      "USDJPY_37_0.18430_BUY_M15": 0.5386059257837966,
      "USDJPY_38_1.35.168_BUY_M15": 0.3488237720728154,
      "USDJPY_39_6.27.190_BUY_M15": 1.0,
      "USDJPY_40_2.4.138_BUY_M15": 0.582888960645724,
      "USDJPY_41_2.5.172_BUY_M15": 0.5598719767731908,
      "USDJPY_57_4.8.181_BUY_M15": 0.6464179646936425,
      "USOIL.cash_42_1.25.121_BUY_M15": 0.0420239495392421,
      "USOIL.cash_43_5.11.112_BUY_M15": 0.014097280729652826,
      "USOIL.cash_44_6.17.127_BUY_M15": 0.03176453559431435,
      "USOIL.cash_54_4.18.190_BOTH_M15": 0.03176453559431435,
      "XAUUSD_45_2.13.130_BUY_M15": -0.17097090643714594,
      "XAUUSD_58_5.6.136_BUY_M15": -0.07517292231756995
    },
    "drawdown_correlation_row": {
      "AUDJPY_1_3.14.146_BUY_M15": 0.26887672772155247,
      "AUDJPY_2_5.20.109_BUY_M15": 0.13453640968596745,
      "AUDJPY_3_3.19_BUY_M15": 0.4683258316782997,
      "AUDJPY_46_3.50.181_BUY_M15": 0.3045717832237619,
      "AUDJPY_47_6.30.171_BOTH_M15": 0.32552183208959135,
      "AUDJPY_56_1.14.109_BUY_M15": 0.37202739244851574,
      "AUDJPY_78_3.7.108_BUY_M15": 0.4696925222914864,
      "AUDUSD_48_5.8.189_SELL_M15": -0.10895552760991316,
      "AUDUSD_4_3.27.109_SELL_M15": -0.04122085173828406,
      "AUDUSD_5_6.3.178_SELL_M15": -0.1010146936131166,
      "AUDUSD_60_1.31.145_SELL_M15": -0.08033618809616905,
      "AUDUSD_61_6.25.174_SELL_M15": 0.09606117210246844,
      "AUDUSD_6_5.9.126_SELL_M15": -0.09225223801493662,
      "EURGBP_10_5.21.111_SELL_M15": -0.0339248986413175,
      "EURGBP_49_2.36.141_BOTH_M15": -0.050074746748537347,
      "EURGBP_62_3.31.132_BUY_M15": -0.16342326939503152,
      "EURGBP_63_4.21.189_SELL_M15": 0.050489052984148894,
      "EURGBP_70_2.27.108_SELL_M15": 0.021153049166465567,
      "EURGBP_7_3.16.177_SELL_M15": -0.19407755975303498,
      "EURGBP_8_6.1.186_SELL_M15": -0.1436248630675604,
      "EURGBP_9_5.2.127_SELL_M15": 0.02477291461134301,
      "EURUSD_11_1.42.105_SELL_M15": 0.4667525349974458,
      "EURUSD_12_3.47.124_BUY_M15": -0.11030344728926383,
      "EURUSD_13_6.46.178_BUY_M15": 0.19655365692610446,
      "EURUSD_14_5.6.167_BUY_M15": -0.3477575107890179,
      "EURUSD_18_6.6.111_SELL_M15": 0.3870493588512442,
      "EURUSD_59_2.34.129_SELL_M15": 0.19418471283342398,
      "EURUSD_64_4.34.165_BUY_M15": -0.3148671759442062,
      "EURUSD_71_5.30.159_SELL_M15": -0.018970054877229418,
      "EURUSD_72_5.42.127_SELL_M15": 0.12058666182498438,
      "EURUSD_73_5.43.181_SELL_M15": 0.15497401506214126,
      "GBPJPY_50_5.35.116_BUY_M15": 0.11040413688938357,
      "GBPJPY_65_2.14.157_BUY_M15": -0.0802472387706271,
      "GBPJPY_66_4.17.131_BOTH_M15": 0.14913793291419974,
      "GBPJPY_67_4.19.99_BOTH_M15": 0.11499500161248437,
      "GBPUSD_19_0.13205_BUY_M15": -0.035056087514169575,
      "GBPUSD_20_1.32.126_BUY_M15": -0.342943325340493,
      "GBPUSD_21_3.3.167_BUY_M15": -0.1606266238714888,
      "GBPUSD_22_6.11.100_SELL_M15": 0.08164910797452285,
      "GBPUSD_69_3.13.113_BUY_M15": 0.13496863242617202,
      "GBPUSD_74_6.52.179_SELL_M15": 0.30051091080066755,
      "NZDUSD_23_2.12.147_SELL_M15": -0.10261584857420811,
      "NZDUSD_24_4.41.120_SELL_M15": -0.06743663135949331,
      "NZDUSD_25_5.7.105_SELL_M15": 0.06333625593840338,
      "NZDUSD_26_2.6.180_SELL_M15": 0.27707748891606915,
      "NZDUSD_27_6.16.107_SELL_M15": 0.1494413091775902,
      "NZDUSD_75_4.73.120_SELL_M15": -0.011601807920754853,
      "NZDUSD_76_5.71.164_BUY_M15": -0.052460674865447504,