{
  "strategy_id": "USDJPY_40_2.4.138_BUY_M15",
  "summary": {
    "strategy_id": "USDJPY_40_2.4.138_BUY_M15",
    "symbol_count": 1,
    "side_mix": "BUY",
    "trade_count": 585,
    "avg_return_correlation": 0.08839478258114669,
    "max_return_correlation": 0.6028506581221899,
    "avg_drawdown_correlation": 0.06058569465683683,
    "max_drawdown_correlation": 0.6329593951446325,
    "avg_stress_overlap": 0.07816781941018423,
    "max_stress_overlap": 0.23232323232323232,
    "avg_symbol_overlap": 0.0684931506849315,
    "max_symbol_overlap": 1.0,
    "avg_side_overlap": 0.08904109589041095,
    "max_side_overlap": 1.0,
    "correlation_penalty": 0.07449023861899176,
    "marginal_dd_contribution": 1.452710107367679,
    "diversification_score": 0.9031411266644312,
    "portfolio_fit_score": 0.701643198837584,
    "cluster_membership": "CLUSTER_54"
  },
  "peer_snapshot": {
    "return_correlation_row": {
      "AUDJPY_1_3.14.146_BUY_M15": 0.07133283890804837,
      "AUDJPY_2_5.20.109_BUY_M15": 0.09338051001323178,
      "AUDJPY_3_3.19_BUY_M15": 0.12286279685503136,
      "AUDJPY_46_3.50.181_BUY_M15": 0.16793224043193675,
      "AUDJPY_47_6.30.171_BOTH_M15": 0.1151661392950739,
      "AUDJPY_56_1.14.109_BUY_M15": 0.13475405967888926,
      "AUDJPY_78_3.7.108_BUY_M15": 0.12354011438735824,
      "AUDUSD_48_5.8.189_SELL_M15": 0.10927434403211514,
      "AUDUSD_4_3.27.109_SELL_M15": 0.0615711472162349,
      "AUDUSD_5_6.3.178_SELL_M15": 0.07619907451809119,
      "AUDUSD_60_1.31.145_SELL_M15": 0.0833114505242471,
      "AUDUSD_61_6.25.174_SELL_M15": 0.0030948599775707753,
      "AUDUSD_6_5.9.126_SELL_M15": 0.0912008579504017,
      "EURGBP_10_5.21.111_SELL_M15": 0.003243863995281576,
      "EURGBP_49_2.36.141_BOTH_M15": 0.06246806177177965,
      "EURGBP_62_3.31.132_BUY_M15": -0.01238425008340622,
      "EURGBP_63_4.21.189_SELL_M15": 0.06304505577344795,
      "EURGBP_70_2.27.108_SELL_M15": -0.00016265353145456063,
      "EURGBP_7_3.16.177_SELL_M15": -0.0001571001724788541,
      "EURGBP_8_6.1.186_SELL_M15": -0.007957457561226126,
      "EURGBP_9_5.2.127_SELL_M15": 0.015131907403235768,
      "EURUSD_11_1.42.105_SELL_M15": 0.0410363379762182,
      "EURUSD_12_3.47.124_BUY_M15": -0.06317230497613768,
      "EURUSD_13_6.46.178_BUY_M15": -0.06337501498870357,
      "EURUSD_14_5.6.167_BUY_M15": -0.08868712569142777,
      "EURUSD_18_6.6.111_SELL_M15": 0.07190284761563284,
      "EURUSD_59_2.34.129_SELL_M15": 0.14842598563586526,
      "EURUSD_64_4.34.165_BUY_M15": -0.010750688850615456,
      "EURUSD_71_5.30.159_SELL_M15": 0.06728477071193888,
      "EURUSD_72_5.42.127_SELL_M15": 0.08752125877756751,
      "EURUSD_73_5.43.181_SELL_M15": 0.11575321168469394,
      "GBPJPY_50_5.35.116_BUY_M15": 0.11185952889821926,
      "GBPJPY_65_2.14.157_BUY_M15": 0.3112219486993509,
      "GBPJPY_66_4.17.131_BOTH_M15": 0.2955682181839276,
      "GBPJPY_67_4.19.99_BOTH_M15": 0.30285503291876054,
      "GBPUSD_19_0.13205_BUY_M15": -0.07933182857120237,
      "GBPUSD_20_1.32.126_BUY_M15": -0.0672424559101952,
      "GBPUSD_21_3.3.167_BUY_M15": -0.11516747820876724,
      "GBPUSD_22_6.11.100_SELL_M15": 0.03459183962135561,
      "GBPUSD_69_3.13.113_BUY_M15": 0.04518485265618847,
      "GBPUSD_74_6.52.179_SELL_M15": 0.06348628619089267,
      "NZDUSD_23_2.12.147_SELL_M15": 0.07675914553588797,
      "NZDUSD_24_4.41.120_SELL_M15": 0.07883713276382534,
      "NZDUSD_25_5.7.105_SELL_M15": 0.14051391129438512,
      "NZDUSD_26_2.6.180_SELL_M15": 0.11227113094276976,
      "NZDUSD_27_6.16.107_SELL_M15": 0.0964579851962248,
      "NZDUSD_75_4.73.120_SELL_M15": 0.04772183583032214,
      "NZDUSD_76_5.71.164_BUY_M15": -0.1336201157313642,
      "US500.cash_28_3.8.114_BUY_M15": -0.02888371843862837,
      "US500.cash_29_3.32.156_BUY_M15": 0.007127969709761363,
      "USDCAD_30_2.34.141_BUY_M15": 0.045953732687326734,
      "USDCAD_31_3.2.189_BUY_M15": 0.07945434941301732,
      "USDCAD_32_4.16.175_BUY_M15": 0.09537570864493837,
      "USDCAD_33_5.11.180_BUY_M15": 0.08714604158781514,
      "USDCAD_34_1.8.187_BUY_M15": 0.10992637692230792,
      "USDCAD_51_6.27.122_BUY_M15": 0.07666530538514707,
      "USDCAD_77_3.51.113_SELL_M15": -0.07535549110237777,
      "USDCHF_35_3.1.133_SELL_M15": 0.010326151028025667,
      "USDCHF_36_4.5.112_SELL_M15": 0.11373573468071053,
      "USDCHF_52_3.17.186_BOTH_M15": -0.002349862403391455,
      "USDCHF_53_6.47.153_BOTH_M15": 0.2008958775812958,
      "USDCHF_55_6.23.134_BUY_M15": 0.1429731859732797,
      "USDJPY_37_0.18430_BUY_M15": 0.457315817733285,
      "USDJPY_38_1.35.168_BUY_M15": 0.4836225954819429,
      "USDJPY_39_6.27.190_BUY_M15": 0.582888960645724,
      "USDJPY_40_2.4.138_BUY_M15": 1.0,
      "USDJPY_41_2.5.172_BUY_M15": 0.6028506581221899,
      "USDJPY_57_4.8.181_BUY_M15": 0.49334478373284246,
      "USOIL.cash_42_1.25.121_BUY_M15": 0.05116224960426065,
      "USOIL.cash_43_5.11.112_BUY_M15": 0.028997815274097567,
      "USOIL.cash_44_6.17.127_BUY_M15": 0.014775656279248792,
      "USOIL.cash_54_4.18.190_BOTH_M15": 0.014775656279248792,
      "XAUUSD_45_2.13.130_BUY_M15": -0.10145399851800956,
      "XAUUSD_58_5.6.136_BUY_M15": -0.04320653746937411
    },
    "drawdown_correlation_row": {
      "AUDJPY_1_3.14.146_BUY_M15": 0.18185981272782212,
      "AUDJPY_2_5.20.109_BUY_M15": 0.07612986595677478,
      "AUDJPY_3_3.19_BUY_M15": 0.46672175922873754,
      "AUDJPY_46_3.50.181_BUY_M15": 0.09020645216164927,
      "AUDJPY_47_6.30.171_BOTH_M15": 0.25665788105549503,
      "AUDJPY_56_1.14.109_BUY_M15": 0.2857219235959797,
      "AUDJPY_78_3.7.108_BUY_M15": 0.4695521722115738,
      "AUDUSD_48_5.8.189_SELL_M15": -0.02200605651704854,
      "AUDUSD_4_3.27.109_SELL_M15": -0.068521391494082,
      "AUDUSD_5_6.3.178_SELL_M15": -0.12532987307158125,
      "AUDUSD_60_1.31.145_SELL_M15": -0.1228186505390584,
      "AUDUSD_61_6.25.174_SELL_M15": -0.1372455687016178,
      "AUDUSD_6_5.9.126_SELL_M15": 0.10242573741946996,
      "EURGBP_10_5.21.111_SELL_M15": 0.03458409960286212,
      "EURGBP_49_2.36.141_BOTH_M15": 0.04668941153332334,
      "EURGBP_62_3.31.132_BUY_M15": 0.0318624742778131,
      "EURGBP_63_4.21.189_SELL_M15": -0.004757280050441939,
      "EURGBP_70_2.27.108_SELL_M15": 0.09498975767339164,
      "EURGBP_7_3.16.177_SELL_M15": -0.15333189210332462,
      "EURGBP_8_6.1.186_SELL_M15": 0.14170278516150675,
      "EURGBP_9_5.2.127_SELL_M15": -0.019673710394956627,
      "EURUSD_11_1.42.105_SELL_M15": 0.1795066759305347,
      "EURUSD_12_3.47.124_BUY_M15": -0.0568789099889744,
      "EURUSD_13_6.46.178_BUY_M15": 0.2223105079919931,
      "EURUSD_14_5.6.167_BUY_M15": -0.2950695425247668,
      "EURUSD_18_6.6.111_SELL_M15": 0.4555229743488066,
      "EURUSD_59_2.34.129_SELL_M15": 0.07933431270154134,
      "EURUSD_64_4.34.165_BUY_M15": -0.22454467542794473,
      "EURUSD_71_5.30.159_SELL_M15": -0.16451719682014987,
      "EURUSD_72_5.42.127_SELL_M15": -0.024779596847001414,
      "EURUSD_73_5.43.181_SELL_M15": 0.33805399636521394,
      "GBPJPY_50_5.35.116_BUY_M15": 0.08823746147610646,
      "GBPJPY_65_2.14.157_BUY_M15": -0.023404425516582075,
      "GBPJPY_66_4.17.131_BOTH_M15": 0.18236395552392232,
      "GBPJPY_67_4.19.99_BOTH_M15": 0.10686771575510609,
      "GBPUSD_19_0.13205_BUY_M15": -0.1065930890104741,
      "GBPUSD_20_1.32.126_BUY_M15": -0.20463637973960647,
      "GBPUSD_21_3.3.167_BUY_M15": -0.1787228218913166,
      "GBPUSD_22_6.11.100_SELL_M15": -0.20903694970155354,
      "GBPUSD_69_3.13.113_BUY_M15": 0.11631048277726122,
      "GBPUSD_74_6.52.179_SELL_M15": 0.1632167114509224,
      "NZDUSD_23_2.12.147_SELL_M15": -0.0143236253895354,
      "NZDUSD_24_4.41.120_SELL_M15": -0.26829428452857423,
      "NZDUSD_25_5.7.105_SELL_M15": 0.1427034623070439,
      "NZDUSD_26_2.6.180_SELL_M15": 0.21633663029471895,
      "NZDUSD_27_6.16.107_SELL_M15": 0.15635996377491357,
      "NZDUSD_75_4.73.120_SELL_M15": 0.06721786789181812,
      "NZDUSD_76_5.71.164_BUY_M15": 0.17652154590257654,