{
  "strategy_id": "USDJPY_38_1.35.168_BUY_M15",
  "summary": {
    "strategy_id": "USDJPY_38_1.35.168_BUY_M15",
    "symbol_count": 1,
    "side_mix": null,
    "trade_count": 363,
    "avg_return_correlation": 0.06754586998215675,
    "max_return_correlation": 0.49923950031652153,
    "avg_drawdown_correlation": -0.005448943502108755,
    "max_drawdown_correlation": 0.5799167731162472,
    "avg_stress_overlap": 0.06706344056649159,
    "max_stress_overlap": 0.14553990610328638,
    "avg_symbol_overlap": 0.0684931506849315,
    "max_symbol_overlap": 1.0,
    "avg_side_overlap": 0.821917808219178,
    "max_side_overlap": 1.0,
    "correlation_penalty": 0.036497406742132754,
    "marginal_dd_contribution": 1.3479155868196955,
    "diversification_score": 0.9173425895278458,
    "portfolio_fit_score": 0.7087386905432639,
    "cluster_membership": "CLUSTER_55"
  },
  "peer_snapshot": {
    "return_correlation_row": {
      "AUDJPY_1_3.14.146_BUY_M15": 0.10964923052631426,
      "AUDJPY_2_5.20.109_BUY_M15": 0.08401873099270131,
      "AUDJPY_3_3.19_BUY_M15": 0.09675002209962309,
      "AUDJPY_46_3.50.181_BUY_M15": 0.11453428307969012,
      "AUDJPY_47_6.30.171_BOTH_M15": 0.08726748746253682,
      "AUDJPY_56_1.14.109_BUY_M15": 0.1292410277090403,
      "AUDJPY_78_3.7.108_BUY_M15": 0.09647381874837221,
      "AUDUSD_48_5.8.189_SELL_M15": 0.06699059798969689,
      "AUDUSD_4_3.27.109_SELL_M15": 0.025329485750318553,
      "AUDUSD_5_6.3.178_SELL_M15": 0.08652494713591612,
      "AUDUSD_60_1.31.145_SELL_M15": 0.025283092915221114,
      "AUDUSD_61_6.25.174_SELL_M15": 0.03365892171681126,
      "AUDUSD_6_5.9.126_SELL_M15": 0.05789198834751245,
      "EURGBP_10_5.21.111_SELL_M15": 0.007056092334248619,
      "EURGBP_49_2.36.141_BOTH_M15": 0.04203260264481578,
      "EURGBP_62_3.31.132_BUY_M15": -0.029546702091172296,
      "EURGBP_63_4.21.189_SELL_M15": 0.04128301295378254,
      "EURGBP_70_2.27.108_SELL_M15": -0.011332583022922392,
      "EURGBP_7_3.16.177_SELL_M15": 0.02463002517839261,
      "EURGBP_8_6.1.186_SELL_M15": -0.01778371240838798,
      "EURGBP_9_5.2.127_SELL_M15": 0.011509244346528131,
      "EURUSD_11_1.42.105_SELL_M15": 0.04632774169834456,
      "EURUSD_12_3.47.124_BUY_M15": -0.003283291442119809,
      "EURUSD_13_6.46.178_BUY_M15": -0.028638027505300093,
      "EURUSD_14_5.6.167_BUY_M15": -0.03355855911753545,
      "EURUSD_18_6.6.111_SELL_M15": 0.08295336091191784,
      "EURUSD_59_2.34.129_SELL_M15": 0.10298769563224007,
      "EURUSD_64_4.34.165_BUY_M15": -0.03485979814361614,
      "EURUSD_71_5.30.159_SELL_M15": 0.06063095127210827,
      "EURUSD_72_5.42.127_SELL_M15": 0.03364441577841986,
      "EURUSD_73_5.43.181_SELL_M15": 0.09584336185090997,
      "GBPJPY_50_5.35.116_BUY_M15": 0.09381284377918733,
      "GBPJPY_65_2.14.157_BUY_M15": 0.30083250722788085,
      "GBPJPY_66_4.17.131_BOTH_M15": 0.23889166040688053,
      "GBPJPY_67_4.19.99_BOTH_M15": 0.2248098656149477,
      "GBPUSD_19_0.13205_BUY_M15": -0.039646496552060255,
      "GBPUSD_20_1.32.126_BUY_M15": -0.0275492874854274,
      "GBPUSD_21_3.3.167_BUY_M15": -0.10115644194602645,
      "GBPUSD_22_6.11.100_SELL_M15": 0.025811849305137073,
      "GBPUSD_69_3.13.113_BUY_M15": -0.0054465336169883015,
      "GBPUSD_74_6.52.179_SELL_M15": 0.07475672143665628,
      "NZDUSD_23_2.12.147_SELL_M15": 0.047953349123127036,
      "NZDUSD_24_4.41.120_SELL_M15": 0.039652585337792624,
      "NZDUSD_25_5.7.105_SELL_M15": 0.08092121014247548,
      "NZDUSD_26_2.6.180_SELL_M15": 0.12879280867028206,
      "NZDUSD_27_6.16.107_SELL_M15": 0.06398148021422607,
      "NZDUSD_75_4.73.120_SELL_M15": 0.04727041613084773,
      "NZDUSD_76_5.71.164_BUY_M15": -0.08091519041906405,
      "US500.cash_28_3.8.114_BUY_M15": -0.02822198518684381,
      "US500.cash_29_3.32.156_BUY_M15": -0.002165728137341555,
      "USDCAD_30_2.34.141_BUY_M15": 0.03530893016611353,
      "USDCAD_31_3.2.189_BUY_M15": 0.03990645027072319,
      "USDCAD_32_4.16.175_BUY_M15": 0.060683712161661504,
      "USDCAD_33_5.11.180_BUY_M15": 0.04799803938953988,
      "USDCAD_34_1.8.187_BUY_M15": 0.08052444449737395,
      "USDCAD_51_6.27.122_BUY_M15": 0.05158214254642934,
      "USDCAD_77_3.51.113_SELL_M15": -0.005249806076821677,
      "USDCHF_35_3.1.133_SELL_M15": -0.03407122801560504,
      "USDCHF_36_4.5.112_SELL_M15": 0.06238765782748942,
      "USDCHF_52_3.17.186_BOTH_M15": 0.004213863419208086,
      "USDCHF_53_6.47.153_BOTH_M15": 0.11195456951308905,
      "USDCHF_55_6.23.134_BUY_M15": 0.1094011464196486,
      "USDJPY_37_0.18430_BUY_M15": 0.15430997652117429,
      "USDJPY_38_1.35.168_BUY_M15": 1.0,
      "USDJPY_39_6.27.190_BUY_M15": 0.3488237720728154,
      "USDJPY_40_2.4.138_BUY_M15": 0.4836225954819429,
      "USDJPY_41_2.5.172_BUY_M15": 0.49923950031652153,
      "USDJPY_57_4.8.181_BUY_M15": 0.3914735983978238,
      "USOIL.cash_42_1.25.121_BUY_M15": 0.035909808509060503,
      "USOIL.cash_43_5.11.112_BUY_M15": 0.03168633804875708,
      "USOIL.cash_44_6.17.127_BUY_M15": 0.007574251512762791,
      "USOIL.cash_54_4.18.190_BOTH_M15": 0.007574251512762791,
      "XAUUSD_45_2.13.130_BUY_M15": -0.05506722264396158,
      "XAUUSD_58_5.6.136_BUY_M15": -0.024833382541164538
    },
    "drawdown_correlation_row": {
      "AUDJPY_1_3.14.146_BUY_M15": 0.4100210918130742,
      "AUDJPY_2_5.20.109_BUY_M15": -0.2084792659552389,
      "AUDJPY_3_3.19_BUY_M15": -0.023461984021925453,
      "AUDJPY_46_3.50.181_BUY_M15": 0.2893263235089615,
      "AUDJPY_47_6.30.171_BOTH_M15": 0.26620235937989073,
      "AUDJPY_56_1.14.109_BUY_M15": -0.13235397182593825,
      "AUDJPY_78_3.7.108_BUY_M15": -0.022515619957522548,
      "AUDUSD_48_5.8.189_SELL_M15": -0.3368670160693575,
      "AUDUSD_4_3.27.109_SELL_M15": -0.1918352465190699,
      "AUDUSD_5_6.3.178_SELL_M15": -0.0766730403627515,
      "AUDUSD_60_1.31.145_SELL_M15": -0.3273299054092583,
      "AUDUSD_61_6.25.174_SELL_M15": 0.12436865602705127,
      "AUDUSD_6_5.9.126_SELL_M15": -0.030052583483092275,
      "EURGBP_10_5.21.111_SELL_M15": 0.027741563811356413,
      "EURGBP_49_2.36.141_BOTH_M15": -0.01605666544369106,
      "EURGBP_62_3.31.132_BUY_M15": -0.12907847108544113,
      "EURGBP_63_4.21.189_SELL_M15": 0.011318478595598588,
      "EURGBP_70_2.27.108_SELL_M15": -0.14099425340870125,
      "EURGBP_7_3.16.177_SELL_M15": 0.07965595621134862,
      "EURGBP_8_6.1.186_SELL_M15": 0.15989234627536567,
      "EURGBP_9_5.2.127_SELL_M15": 0.1835163200316879,
      "EURUSD_11_1.42.105_SELL_M15": 0.11099788556495715,
      "EURUSD_12_3.47.124_BUY_M15": -0.2906727312253792,
      "EURUSD_13_6.46.178_BUY_M15": -0.21558223773678759,
      "EURUSD_14_5.6.167_BUY_M15": 0.1258573347354413,
      "EURUSD_18_6.6.111_SELL_M15": -0.14362845740224095,
      "EURUSD_59_2.34.129_SELL_M15": -0.1633655847674254,
      "EURUSD_64_4.34.165_BUY_M15": -0.14024978672847982,
      "EURUSD_71_5.30.159_SELL_M15": -0.06595142240498823,
      "EURUSD_72_5.42.127_SELL_M15": 0.2945494164009965,
      "EURUSD_73_5.43.181_SELL_M15": -0.05816330386021934,
      "GBPJPY_50_5.35.116_BUY_M15": 0.17009736556894367,
      "GBPJPY_65_2.14.157_BUY_M15": 0.24826613975095446,
      "GBPJPY_66_4.17.131_BOTH_M15": -0.20063801378403343,
      "GBPJPY_67_4.19.99_BOTH_M15": -0.09013126019297887,
      "GBPUSD_19_0.13205_BUY_M15": -0.18151418682972403,
      "GBPUSD_20_1.32.126_BUY_M15": -0.06240681959299978,
      "GBPUSD_21_3.3.167_BUY_M15": 0.23481436858269758,
      "GBPUSD_22_6.11.100_SELL_M15": 0.33835471087690877,
      "GBPUSD_69_3.13.113_BUY_M15": 0.20392271036249268,
      "GBPUSD_74_6.52.179_SELL_M15": 0.15201628954888513,
      "NZDUSD_23_2.12.147_SELL_M15": -0.07058142522096376,
      "NZDUSD_24_4.41.120_SELL_M15": 0.28425190820885177,
      "NZDUSD_25_5.7.105_SELL_M15": -0.16764650357364033,
      "NZDUSD_26_2.6.180_SELL_M15": -0.25646009047975044,
      "NZDUSD_27_6.16.107_SELL_M15": -0.10448364335240973,
      "NZDUSD_75_4.73.120_SELL_M15": -0.2203623117360861,
      "NZDUSD_76_5.71.164_BUY_M15": 0.1642085569594903,