{
  "strategy_id": "USOIL.cash_42_1.25.121_BUY_M15",
  "summary": {
    "strategy_id": "USOIL.cash_42_1.25.121_BUY_M15",
    "symbol_count": 1,
    "side_mix": null,
    "trade_count": 837,
    "avg_return_correlation": 0.025083584346406746,
    "max_return_correlation": 0.3866065552576255,
    "avg_drawdown_correlation": 0.03320736876286314,
    "max_drawdown_correlation": 0.7221013939010589,
    "avg_stress_overlap": 0.06989157014389907,
    "max_stress_overlap": 0.2054794520547945,
    "avg_symbol_overlap": 0.0410958904109589,
    "max_symbol_overlap": 1.0,
    "avg_side_overlap": 0.821917808219178,
    "max_side_overlap": 1.0,
    "correlation_penalty": 0.029145476554634946,
    "marginal_dd_contribution": 1.964764901888202,
    "diversification_score": 0.9440901900895445,
    "portfolio_fit_score": 0.7221433332898667,
    "cluster_membership": "CLUSTER_56"
  },
  "peer_snapshot": {
    "return_correlation_row": {
      "AUDJPY_1_3.14.146_BUY_M15": 0.047044313375168546,
      "AUDJPY_2_5.20.109_BUY_M15": -0.002532350639375014,
      "AUDJPY_3_3.19_BUY_M15": 0.04395999292374338,
      "AUDJPY_46_3.50.181_BUY_M15": -0.0009148973547071384,
      "AUDJPY_47_6.30.171_BOTH_M15": 0.0047907315838066344,
      "AUDJPY_56_1.14.109_BUY_M15": 0.02283631049324411,
      "AUDJPY_78_3.7.108_BUY_M15": 0.04484523705425196,
      "AUDUSD_48_5.8.189_SELL_M15": 0.002638883191760264,
      "AUDUSD_4_3.27.109_SELL_M15": 0.016056742418724314,
      "AUDUSD_5_6.3.178_SELL_M15": -0.04793609350404789,
      "AUDUSD_60_1.31.145_SELL_M15": 0.005074110510236608,
      "AUDUSD_61_6.25.174_SELL_M15": 0.00973774334591362,
      "AUDUSD_6_5.9.126_SELL_M15": 0.016999026817121243,
      "EURGBP_10_5.21.111_SELL_M15": -0.017784554183622642,
      "EURGBP_49_2.36.141_BOTH_M15": 0.005538329638337045,
      "EURGBP_62_3.31.132_BUY_M15": -0.01194724123421929,
      "EURGBP_63_4.21.189_SELL_M15": 0.07302816278947373,
      "EURGBP_70_2.27.108_SELL_M15": 0.0642971234099641,
      "EURGBP_7_3.16.177_SELL_M15": 0.010792016512244873,
      "EURGBP_8_6.1.186_SELL_M15": 0.03010388002839467,
      "EURGBP_9_5.2.127_SELL_M15": 0.09043082864802084,
      "EURUSD_11_1.42.105_SELL_M15": 0.014060954241445408,
      "EURUSD_12_3.47.124_BUY_M15": -0.012665462811879904,
      "EURUSD_13_6.46.178_BUY_M15": 0.011650239685233875,
      "EURUSD_14_5.6.167_BUY_M15": -0.02693031766693773,
      "EURUSD_18_6.6.111_SELL_M15": -0.022257795134929963,
      "EURUSD_59_2.34.129_SELL_M15": 0.03475136840135251,
      "EURUSD_64_4.34.165_BUY_M15": 0.016858422885003298,
      "EURUSD_71_5.30.159_SELL_M15": 0.023139998389477494,
      "EURUSD_72_5.42.127_SELL_M15": 0.04429678975475474,
      "EURUSD_73_5.43.181_SELL_M15": 0.03258210681592043,
      "GBPJPY_50_5.35.116_BUY_M15": 0.04558513102839756,
      "GBPJPY_65_2.14.157_BUY_M15": 0.03760921471930312,
      "GBPJPY_66_4.17.131_BOTH_M15": 0.025398219490186363,
      "GBPJPY_67_4.19.99_BOTH_M15": 0.028602848281903296,
      "GBPUSD_19_0.13205_BUY_M15": 0.046406511487160525,
      "GBPUSD_20_1.32.126_BUY_M15": -0.012655011190248791,
      "GBPUSD_21_3.3.167_BUY_M15": -0.0018695706551163905,
      "GBPUSD_22_6.11.100_SELL_M15": -0.003757080719975433,
      "GBPUSD_69_3.13.113_BUY_M15": 0.003925157508452744,
      "GBPUSD_74_6.52.179_SELL_M15": 0.029437681372649,
      "NZDUSD_23_2.12.147_SELL_M15": 0.040783720273791464,
      "NZDUSD_24_4.41.120_SELL_M15": 0.02080476071242656,
      "NZDUSD_25_5.7.105_SELL_M15": 0.04120204222279351,
      "NZDUSD_26_2.6.180_SELL_M15": 0.02724754420490432,
      "NZDUSD_27_6.16.107_SELL_M15": 0.0066937389215951165,
      "NZDUSD_75_4.73.120_SELL_M15": 0.08589000130878158,
      "NZDUSD_76_5.71.164_BUY_M15": 0.01825335089583798,
      "US500.cash_28_3.8.114_BUY_M15": 0.02927525069091196,
      "US500.cash_29_3.32.156_BUY_M15": -0.03976531929433914,
      "USDCAD_30_2.34.141_BUY_M15": -0.03143184021526022,
      "USDCAD_31_3.2.189_BUY_M15": -0.050427279496112386,
      "USDCAD_32_4.16.175_BUY_M15": -0.0597320309654325,
      "USDCAD_33_5.11.180_BUY_M15": -0.04748628355699042,
      "USDCAD_34_1.8.187_BUY_M15": -0.06974347058693482,
      "USDCAD_51_6.27.122_BUY_M15": -0.05908554841717714,
      "USDCAD_77_3.51.113_SELL_M15": 0.04841430770737267,
      "USDCHF_35_3.1.133_SELL_M15": 0.0021885176774235084,
      "USDCHF_36_4.5.112_SELL_M15": 0.05619333791429888,
      "USDCHF_52_3.17.186_BOTH_M15": -0.07527124996651356,
      "USDCHF_53_6.47.153_BOTH_M15": 0.005603497935981536,
      "USDCHF_55_6.23.134_BUY_M15": -0.016020835107799013,
      "USDJPY_37_0.18430_BUY_M15": 0.002041575952075592,
      "USDJPY_38_1.35.168_BUY_M15": 0.035909808509060503,
      "USDJPY_39_6.27.190_BUY_M15": 0.0420239495392421,
      "USDJPY_40_2.4.138_BUY_M15": 0.05116224960426065,
      "USDJPY_41_2.5.172_BUY_M15": 0.006907209011505396,
      "USDJPY_57_4.8.181_BUY_M15": 0.0330062004933387,
      "USOIL.cash_42_1.25.121_BUY_M15": 1.0,
      "USOIL.cash_43_5.11.112_BUY_M15": 0.3866065552576255,
      "USOIL.cash_44_6.17.127_BUY_M15": 0.3286819927755985,
      "USOIL.cash_54_4.18.190_BOTH_M15": 0.3286819927755985,
      "XAUUSD_45_2.13.130_BUY_M15": -0.021731018523256526,
      "XAUUSD_58_5.6.136_BUY_M15": -0.01700277267350219
    },
    "drawdown_correlation_row": {
      "AUDJPY_1_3.14.146_BUY_M15": -0.040306566112691934,
      "AUDJPY_2_5.20.109_BUY_M15": -0.3139457213835681,
      "AUDJPY_3_3.19_BUY_M15": 0.1435255061119852,
      "AUDJPY_46_3.50.181_BUY_M15": -0.25375179936257974,
      "AUDJPY_47_6.30.171_BOTH_M15": -0.31104278000649616,
      "AUDJPY_56_1.14.109_BUY_M15": -0.08627992917797948,
      "AUDJPY_78_3.7.108_BUY_M15": 0.14193377499174092,
      "AUDUSD_48_5.8.189_SELL_M15": -0.18313732008167788,
      "AUDUSD_4_3.27.109_SELL_M15": 0.018931774200326643,
      "AUDUSD_5_6.3.178_SELL_M15": -0.09559965631285129,
      "AUDUSD_60_1.31.145_SELL_M15": 0.05919257027487812,
      "AUDUSD_61_6.25.174_SELL_M15": -0.18838191629012643,
      "AUDUSD_6_5.9.126_SELL_M15": 0.5511288360194159,
      "EURGBP_10_5.21.111_SELL_M15": 0.19889794776285888,
      "EURGBP_49_2.36.141_BOTH_M15": -0.07667356311874933,
      "EURGBP_62_3.31.132_BUY_M15": 0.07140679171472358,
      "EURGBP_63_4.21.189_SELL_M15": 0.0943873575539387,
      "EURGBP_70_2.27.108_SELL_M15": 0.10682114039336957,
      "EURGBP_7_3.16.177_SELL_M15": 0.2687805335245306,
      "EURGBP_8_6.1.186_SELL_M15": 0.39516858490237816,
      "EURGBP_9_5.2.127_SELL_M15": 0.2735585444206556,
      "EURUSD_11_1.42.105_SELL_M15": 0.12595833038156415,
      "EURUSD_12_3.47.124_BUY_M15": -0.09819165375610693,
      "EURUSD_13_6.46.178_BUY_M15": -0.22333190449732337,
      "EURUSD_14_5.6.167_BUY_M15": -0.023342549625496735,
      "EURUSD_18_6.6.111_SELL_M15": 0.35996783671104154,
      "EURUSD_59_2.34.129_SELL_M15": -0.26223447649898146,
      "EURUSD_64_4.34.165_BUY_M15": -0.25704283144646334,
      "EURUSD_71_5.30.159_SELL_M15": -0.38518857796922856,
      "EURUSD_72_5.42.127_SELL_M15": -0.13570410898787752,
      "EURUSD_73_5.43.181_SELL_M15": -0.0040385371067860505,
      "GBPJPY_50_5.35.116_BUY_M15": -0.37129720225640517,
      "GBPJPY_65_2.14.157_BUY_M15": -0.2498454351017881,
      "GBPJPY_66_4.17.131_BOTH_M15": -0.37911550469455335,
      "GBPJPY_67_4.19.99_BOTH_M15": -0.39061149794785816,
      "GBPUSD_19_0.13205_BUY_M15": 0.03840421059017587,
      "GBPUSD_20_1.32.126_BUY_M15": 0.08638954618990703,
      "GBPUSD_21_3.3.167_BUY_M15": 0.03148647845849685,
      "GBPUSD_22_6.11.100_SELL_M15": -0.15836893132978846,
      "GBPUSD_69_3.13.113_BUY_M15": 0.18108018493332073,
      "GBPUSD_74_6.52.179_SELL_M15": 0.010539402137954375,
      "NZDUSD_23_2.12.147_SELL_M15": 0.06113344411567855,
      "NZDUSD_24_4.41.120_SELL_M15": 0.04993840147741792,
      "NZDUSD_25_5.7.105_SELL_M15": 0.40788732918407494,
      "NZDUSD_26_2.6.180_SELL_M15": 0.3151748308608689,
      "NZDUSD_27_6.16.107_SELL_M15": 0.4558646788344957,
      "NZDUSD_75_4.73.120_SELL_M15": 0.02853075405405835,