{
  "strategy_id": "USOIL.cash_43_5.11.112_BUY_M15",
  "summary": {
    "strategy_id": "USOIL.cash_43_5.11.112_BUY_M15",
    "symbol_count": 1,
    "side_mix": null,
    "trade_count": 547,
    "avg_return_correlation": 0.011923556915791793,
    "max_return_correlation": 0.3866065552576255,
    "avg_drawdown_correlation": -0.007898019754163741,
    "max_drawdown_correlation": 0.5239568965978735,
    "avg_stress_overlap": 0.09303108679752643,
    "max_stress_overlap": 0.3247311827956989,
    "avg_symbol_overlap": 0.0410958904109589,
    "max_symbol_overlap": 1.0,
    "avg_side_overlap": 0.821917808219178,
    "max_side_overlap": 1.0,
    "correlation_penalty": 0.009910788334977768,
    "marginal_dd_contribution": 2.2433950388745245,
    "diversification_score": 0.9396548615459833,
    "portfolio_fit_score": 0.7199396005249354,
    "cluster_membership": "CLUSTER_57"
  },
  "peer_snapshot": {
    "return_correlation_row": {
      "AUDJPY_1_3.14.146_BUY_M15": 0.04669071283656837,
      "AUDJPY_2_5.20.109_BUY_M15": 0.009352511998984268,
      "AUDJPY_3_3.19_BUY_M15": 0.05812295183135763,
      "AUDJPY_46_3.50.181_BUY_M15": 0.020172966966535134,
      "AUDJPY_47_6.30.171_BOTH_M15": 0.03618776102827187,
      "AUDJPY_56_1.14.109_BUY_M15": 0.04822631723524152,
      "AUDJPY_78_3.7.108_BUY_M15": 0.06105191044417729,
      "AUDUSD_48_5.8.189_SELL_M15": -0.05994017397932644,
      "AUDUSD_4_3.27.109_SELL_M15": -0.030412500665241458,
      "AUDUSD_5_6.3.178_SELL_M15": -0.08365247705388512,
      "AUDUSD_60_1.31.145_SELL_M15": -0.061550652580205555,
      "AUDUSD_61_6.25.174_SELL_M15": -0.04294393579488511,
      "AUDUSD_6_5.9.126_SELL_M15": -0.05509613165433693,
      "EURGBP_10_5.21.111_SELL_M15": -0.022704814421237552,
      "EURGBP_49_2.36.141_BOTH_M15": 0.040700640152000624,
      "EURGBP_62_3.31.132_BUY_M15": -0.004801184554455686,
      "EURGBP_63_4.21.189_SELL_M15": 0.03157409464788877,
      "EURGBP_70_2.27.108_SELL_M15": 0.031935745141052775,
      "EURGBP_7_3.16.177_SELL_M15": -0.004106002668688193,
      "EURGBP_8_6.1.186_SELL_M15": 0.02833230101014122,
      "EURGBP_9_5.2.127_SELL_M15": 0.06264878081299674,
      "EURUSD_11_1.42.105_SELL_M15": -0.03039492727298759,
      "EURUSD_12_3.47.124_BUY_M15": 0.031269983146297864,
      "EURUSD_13_6.46.178_BUY_M15": 0.0006187682484881136,
      "EURUSD_14_5.6.167_BUY_M15": -0.0030373136778553463,
      "EURUSD_18_6.6.111_SELL_M15": -0.022457906678872763,
      "EURUSD_59_2.34.129_SELL_M15": -0.027249059396747898,
      "EURUSD_64_4.34.165_BUY_M15": 0.00462670126046526,
      "EURUSD_71_5.30.159_SELL_M15": -0.023159548952169047,
      "EURUSD_72_5.42.127_SELL_M15": -0.033606849008931954,
      "EURUSD_73_5.43.181_SELL_M15": -0.022443323021937384,
      "GBPJPY_50_5.35.116_BUY_M15": 0.03754105469834057,
      "GBPJPY_65_2.14.157_BUY_M15": 0.04695515833000787,
      "GBPJPY_66_4.17.131_BOTH_M15": 0.04705357722092648,
      "GBPJPY_67_4.19.99_BOTH_M15": 0.06093354364428425,
      "GBPUSD_19_0.13205_BUY_M15": 0.042017585089085034,
      "GBPUSD_20_1.32.126_BUY_M15": 0.053338817183558415,
      "GBPUSD_21_3.3.167_BUY_M15": 0.019696131295338933,
      "GBPUSD_22_6.11.100_SELL_M15": -0.027908576172909524,
      "GBPUSD_69_3.13.113_BUY_M15": -0.03790594572880853,
      "GBPUSD_74_6.52.179_SELL_M15": -0.011004192658473827,
      "NZDUSD_23_2.12.147_SELL_M15": -0.006069843272054382,
      "NZDUSD_24_4.41.120_SELL_M15": 0.01992311965623805,
      "NZDUSD_25_5.7.105_SELL_M15": -0.00625615800492919,
      "NZDUSD_26_2.6.180_SELL_M15": -0.01080323144996089,
      "NZDUSD_27_6.16.107_SELL_M15": -0.029257888347004057,
      "NZDUSD_75_4.73.120_SELL_M15": 0.0029852263528083465,
      "NZDUSD_76_5.71.164_BUY_M15": -0.005442569818636247,
      "US500.cash_28_3.8.114_BUY_M15": 0.058546835609494544,
      "US500.cash_29_3.32.156_BUY_M15": -0.044308981200806605,
      "USDCAD_30_2.34.141_BUY_M15": -0.05777461870022518,
      "USDCAD_31_3.2.189_BUY_M15": -0.056353834900360236,
      "USDCAD_32_4.16.175_BUY_M15": -0.08803886839111306,
      "USDCAD_33_5.11.180_BUY_M15": -0.05923094556031158,
      "USDCAD_34_1.8.187_BUY_M15": -0.04792867002954145,
      "USDCAD_51_6.27.122_BUY_M15": -0.07319781519393817,
      "USDCAD_77_3.51.113_SELL_M15": 0.022227062969732245,
      "USDCHF_35_3.1.133_SELL_M15": -0.01413790362430405,
      "USDCHF_36_4.5.112_SELL_M15": 0.00825630562190467,
      "USDCHF_52_3.17.186_BOTH_M15": -0.026003813307004943,
      "USDCHF_53_6.47.153_BOTH_M15": -0.04428286080485495,
      "USDCHF_55_6.23.134_BUY_M15": -0.06052914451167171,
      "USDJPY_37_0.18430_BUY_M15": 0.005306230087734153,
      "USDJPY_38_1.35.168_BUY_M15": 0.03168633804875708,
      "USDJPY_39_6.27.190_BUY_M15": 0.014097280729652826,
      "USDJPY_40_2.4.138_BUY_M15": 0.028997815274097567,
      "USDJPY_41_2.5.172_BUY_M15": 0.022301065803783313,
      "USDJPY_57_4.8.181_BUY_M15": 0.03044144782349293,
      "USOIL.cash_42_1.25.121_BUY_M15": 0.3866065552576255,
      "USOIL.cash_43_5.11.112_BUY_M15": 1.0,
      "USOIL.cash_44_6.17.127_BUY_M15": 0.30550803298496615,
      "USOIL.cash_54_4.18.190_BOTH_M15": 0.30550803298496615,
      "XAUUSD_45_2.13.130_BUY_M15": 0.02403891652271224,
      "XAUUSD_58_5.6.136_BUY_M15": 0.018934037961498795
    },
    "drawdown_correlation_row": {
      "AUDJPY_1_3.14.146_BUY_M15": -0.10820210206798994,
      "AUDJPY_2_5.20.109_BUY_M15": -0.13952710952962089,
      "AUDJPY_3_3.19_BUY_M15": 0.103092486166641,
      "AUDJPY_46_3.50.181_BUY_M15": -0.1333198574791309,
      "AUDJPY_47_6.30.171_BOTH_M15": 0.0021085395800199834,
      "AUDJPY_56_1.14.109_BUY_M15": -0.061248052129090756,
      "AUDJPY_78_3.7.108_BUY_M15": 0.10302192305900255,
      "AUDUSD_48_5.8.189_SELL_M15": -0.15118720078585482,
      "AUDUSD_4_3.27.109_SELL_M15": 0.03722504825727898,
      "AUDUSD_5_6.3.178_SELL_M15": -0.23233531337913435,
      "AUDUSD_60_1.31.145_SELL_M15": 0.09652541601642127,
      "AUDUSD_61_6.25.174_SELL_M15": -0.04684456468842793,
      "AUDUSD_6_5.9.126_SELL_M15": 0.1927225774847952,
      "EURGBP_10_5.21.111_SELL_M15": 0.07826039149897134,
      "EURGBP_49_2.36.141_BOTH_M15": 0.2845941100334898,
      "EURGBP_62_3.31.132_BUY_M15": 0.09071281774052578,
      "EURGBP_63_4.21.189_SELL_M15": -0.0440992869769912,
      "EURGBP_70_2.27.108_SELL_M15": -0.1016367408723264,
      "EURGBP_7_3.16.177_SELL_M15": -0.17615640091609516,
      "EURGBP_8_6.1.186_SELL_M15": 0.4559140911198478,
      "EURGBP_9_5.2.127_SELL_M15": 0.36580477070561407,
      "EURUSD_11_1.42.105_SELL_M15": 0.18644738383465362,
      "EURUSD_12_3.47.124_BUY_M15": -0.0726153965149398,
      "EURUSD_13_6.46.178_BUY_M15": -0.2011552438208913,
      "EURUSD_14_5.6.167_BUY_M15": -0.27922295308045886,
      "EURUSD_18_6.6.111_SELL_M15": 0.22344364206354073,
      "EURUSD_59_2.34.129_SELL_M15": -0.012162898825912743,
      "EURUSD_64_4.34.165_BUY_M15": -0.06271720427979885,
      "EURUSD_71_5.30.159_SELL_M15": -0.3700546819106893,
      "EURUSD_72_5.42.127_SELL_M15": -0.4281578924399358,
      "EURUSD_73_5.43.181_SELL_M15": -0.04859571488457749,
      "GBPJPY_50_5.35.116_BUY_M15": -0.19659429964536465,
      "GBPJPY_65_2.14.157_BUY_M15": -0.07153925826262528,
      "GBPJPY_66_4.17.131_BOTH_M15": -0.39274484127520054,
      "GBPJPY_67_4.19.99_BOTH_M15": -0.4340082827948552,
      "GBPUSD_19_0.13205_BUY_M15": 0.1042084346669615,
      "GBPUSD_20_1.32.126_BUY_M15": 0.056390031711569394,
      "GBPUSD_21_3.3.167_BUY_M15": -0.14895992884858827,
      "GBPUSD_22_6.11.100_SELL_M15": -0.18861378419941968,
      "GBPUSD_69_3.13.113_BUY_M15": 0.1716953432280085,
      "GBPUSD_74_6.52.179_SELL_M15": 0.15262245883311695,
      "NZDUSD_23_2.12.147_SELL_M15": -0.2651070283112485,
      "NZDUSD_24_4.41.120_SELL_M15": -0.11341214129777093,
      "NZDUSD_25_5.7.105_SELL_M15": 0.3550523033124967,
      "NZDUSD_26_2.6.180_SELL_M15": 0.425622853199792,
      "NZDUSD_27_6.16.107_SELL_M15": 0.3598054290807708,
      "NZDUSD_75_4.73.120_SELL_M15": -0.08790940316963296,