{
  "strategy_id": "USOIL.cash_44_6.17.127_BUY_M15",
  "summary": {
    "strategy_id": "USOIL.cash_44_6.17.127_BUY_M15",
    "symbol_count": 1,
    "side_mix": null,
    "trade_count": 689,
    "avg_return_correlation": 0.022357915799787517,
    "max_return_correlation": 1.0,
    "avg_drawdown_correlation": 0.0030539570625803115,
    "max_drawdown_correlation": 1.0,
    "avg_stress_overlap": 0.0971618721616619,
    "max_stress_overlap": 1.0,
    "avg_symbol_overlap": 0.0410958904109589,
    "max_symbol_overlap": 1.0,
    "avg_side_overlap": 0.821917808219178,
    "max_side_overlap": 1.0,
    "correlation_penalty": 0.012705936431183914,
    "marginal_dd_contribution": 1.9031210662717655,
    "diversification_score": 0.9331814641023696,
    "portfolio_fit_score": 0.7166858881044984,
    "cluster_membership": "CLUSTER_58"
  },
  "peer_snapshot": {
    "return_correlation_row": {
      "AUDJPY_1_3.14.146_BUY_M15": 0.0675641333523929,
      "AUDJPY_2_5.20.109_BUY_M15": 0.018805282734223935,
      "AUDJPY_3_3.19_BUY_M15": 0.041759924190194725,
      "AUDJPY_46_3.50.181_BUY_M15": 0.026148846385257198,
      "AUDJPY_47_6.30.171_BOTH_M15": -0.02248293870880378,
      "AUDJPY_56_1.14.109_BUY_M15": 0.02416134646642751,
      "AUDJPY_78_3.7.108_BUY_M15": 0.043687980762287026,
      "AUDUSD_48_5.8.189_SELL_M15": -0.0017134176378265128,
      "AUDUSD_4_3.27.109_SELL_M15": -0.02861714674764295,
      "AUDUSD_5_6.3.178_SELL_M15": -0.03708496113933085,
      "AUDUSD_60_1.31.145_SELL_M15": -0.03832158360552126,
      "AUDUSD_61_6.25.174_SELL_M15": -0.000902510863282689,
      "AUDUSD_6_5.9.126_SELL_M15": -0.0458514278724605,
      "EURGBP_10_5.21.111_SELL_M15": 0.008494851858719284,
      "EURGBP_49_2.36.141_BOTH_M15": -0.00431913953915241,
      "EURGBP_62_3.31.132_BUY_M15": -0.04675914032082149,
      "EURGBP_63_4.21.189_SELL_M15": 0.03633178411818856,
      "EURGBP_70_2.27.108_SELL_M15": 0.003240082577412087,
      "EURGBP_7_3.16.177_SELL_M15": 0.02873996072761971,
      "EURGBP_8_6.1.186_SELL_M15": 0.001683440374376218,
      "EURGBP_9_5.2.127_SELL_M15": 0.044586921792212665,
      "EURUSD_11_1.42.105_SELL_M15": 6.09733612875368e-05,
      "EURUSD_12_3.47.124_BUY_M15": -0.016871628963194062,
      "EURUSD_13_6.46.178_BUY_M15": -0.00353977559928329,
      "EURUSD_14_5.6.167_BUY_M15": 0.002181227879247114,
      "EURUSD_18_6.6.111_SELL_M15": 0.008981158413294284,
      "EURUSD_59_2.34.129_SELL_M15": -0.019636971826497773,
      "EURUSD_64_4.34.165_BUY_M15": -0.04307309984276222,
      "EURUSD_71_5.30.159_SELL_M15": -0.008627613174770891,
      "EURUSD_72_5.42.127_SELL_M15": 0.027121507359425947,
      "EURUSD_73_5.43.181_SELL_M15": -0.001067347821688934,
      "GBPJPY_50_5.35.116_BUY_M15": 0.052406146527107914,
      "GBPJPY_65_2.14.157_BUY_M15": 0.04430997852421848,
      "GBPJPY_66_4.17.131_BOTH_M15": 0.046454679154911485,
      "GBPJPY_67_4.19.99_BOTH_M15": 0.06980251911176738,
      "GBPUSD_19_0.13205_BUY_M15": 0.03722573812018415,
      "GBPUSD_20_1.32.126_BUY_M15": -0.01836733926383659,
      "GBPUSD_21_3.3.167_BUY_M15": 0.02361342413074111,
      "GBPUSD_22_6.11.100_SELL_M15": -0.014518996012938065,
      "GBPUSD_69_3.13.113_BUY_M15": -0.018373883890666808,
      "GBPUSD_74_6.52.179_SELL_M15": -0.013170915553384028,
      "NZDUSD_23_2.12.147_SELL_M15": 0.0008882040343689642,
      "NZDUSD_24_4.41.120_SELL_M15": -0.020287971107857187,
      "NZDUSD_25_5.7.105_SELL_M15": -0.02647615936882168,
      "NZDUSD_26_2.6.180_SELL_M15": -0.03101910655526649,
      "NZDUSD_27_6.16.107_SELL_M15": -0.010398710044356323,
      "NZDUSD_75_4.73.120_SELL_M15": 0.029334762159360116,
      "NZDUSD_76_5.71.164_BUY_M15": -0.007084501290371851,
      "US500.cash_28_3.8.114_BUY_M15": 0.002296583048462625,
      "US500.cash_29_3.32.156_BUY_M15": 0.018293028381192317,
      "USDCAD_30_2.34.141_BUY_M15": -0.036556154470161,
      "USDCAD_31_3.2.189_BUY_M15": -0.05694078600686493,
      "USDCAD_32_4.16.175_BUY_M15": -0.03650875144048131,
      "USDCAD_33_5.11.180_BUY_M15": -0.0490125168012431,
      "USDCAD_34_1.8.187_BUY_M15": -0.07649688078440062,
      "USDCAD_51_6.27.122_BUY_M15": -0.09887856302747319,
      "USDCAD_77_3.51.113_SELL_M15": -0.009210003829390287,
      "USDCHF_35_3.1.133_SELL_M15": -0.012755829350914731,
      "USDCHF_36_4.5.112_SELL_M15": -0.0015546001618971686,
      "USDCHF_52_3.17.186_BOTH_M15": -0.048659790837733245,
      "USDCHF_53_6.47.153_BOTH_M15": 0.02649779521177531,
      "USDCHF_55_6.23.134_BUY_M15": 0.001444281855399277,
      "USDJPY_37_0.18430_BUY_M15": 0.03505571408388438,
      "USDJPY_38_1.35.168_BUY_M15": 0.007574251512762791,
      "USDJPY_39_6.27.190_BUY_M15": 0.03176453559431435,
      "USDJPY_40_2.4.138_BUY_M15": 0.014775656279248792,
      "USDJPY_41_2.5.172_BUY_M15": 0.04289995979671717,
      "USDJPY_57_4.8.181_BUY_M15": 0.04820953145646589,
      "USOIL.cash_42_1.25.121_BUY_M15": 0.3286819927755985,
      "USOIL.cash_43_5.11.112_BUY_M15": 0.30550803298496615,
      "USOIL.cash_44_6.17.127_BUY_M15": 1.0,
      "USOIL.cash_54_4.18.190_BOTH_M15": 1.0,
      "XAUUSD_45_2.13.130_BUY_M15": 0.00849227897402885,
      "XAUUSD_58_5.6.136_BUY_M15": -0.021810499224455767
    },
    "drawdown_correlation_row": {
      "AUDJPY_1_3.14.146_BUY_M15": 0.22321997712597905,
      "AUDJPY_2_5.20.109_BUY_M15": 0.23030142285169836,
      "AUDJPY_3_3.19_BUY_M15": 0.015419797290983556,
      "AUDJPY_46_3.50.181_BUY_M15": 0.1009820016463321,
      "AUDJPY_47_6.30.171_BOTH_M15": 0.05206556194660604,
      "AUDJPY_56_1.14.109_BUY_M15": 0.05517630639994273,
      "AUDJPY_78_3.7.108_BUY_M15": 0.015199465658455032,
      "AUDUSD_48_5.8.189_SELL_M15": 0.062249631973160774,
      "AUDUSD_4_3.27.109_SELL_M15": 0.09044709218406279,
      "AUDUSD_5_6.3.178_SELL_M15": -0.20622299428606597,
      "AUDUSD_60_1.31.145_SELL_M15": -0.05500613318919016,
      "AUDUSD_61_6.25.174_SELL_M15": 0.0023593623257332796,
      "AUDUSD_6_5.9.126_SELL_M15": -0.2862071486212637,
      "EURGBP_10_5.21.111_SELL_M15": -0.30825964997630323,
      "EURGBP_49_2.36.141_BOTH_M15": -0.028209705082844597,
      "EURGBP_62_3.31.132_BUY_M15": 0.09124176687642747,
      "EURGBP_63_4.21.189_SELL_M15": -0.09286092730283238,
      "EURGBP_70_2.27.108_SELL_M15": -0.3722527735871222,
      "EURGBP_7_3.16.177_SELL_M15": -0.10068288958902641,
      "EURGBP_8_6.1.186_SELL_M15": -0.14956562857613745,
      "EURGBP_9_5.2.127_SELL_M15": -0.16195297256163868,
      "EURUSD_11_1.42.105_SELL_M15": -0.053847766802444325,
      "EURUSD_12_3.47.124_BUY_M15": 0.11534324958515291,
      "EURUSD_13_6.46.178_BUY_M15": 0.3036332906902799,
      "EURUSD_14_5.6.167_BUY_M15": -0.3373824526239637,
      "EURUSD_18_6.6.111_SELL_M15": -0.06642451736304013,
      "EURUSD_59_2.34.129_SELL_M15": 0.09860161116384274,
      "EURUSD_64_4.34.165_BUY_M15": 0.01274029252128729,
      "EURUSD_71_5.30.159_SELL_M15": -0.007616784393420508,
      "EURUSD_72_5.42.127_SELL_M15": 0.15178390574748304,
      "EURUSD_73_5.43.181_SELL_M15": -0.010093486943250298,
      "GBPJPY_50_5.35.116_BUY_M15": -0.07802559383931736,
      "GBPJPY_65_2.14.157_BUY_M15": -0.24583702362378712,
      "GBPJPY_66_4.17.131_BOTH_M15": -0.1402898394752385,
      "GBPJPY_67_4.19.99_BOTH_M15": -0.23148753257440746,
      "GBPUSD_19_0.13205_BUY_M15": 0.15754235591380594,
      "GBPUSD_20_1.32.126_BUY_M15": -0.32773893259436165,
      "GBPUSD_21_3.3.167_BUY_M15": -0.04857855312924506,
      "GBPUSD_22_6.11.100_SELL_M15": 0.08113449548475513,
      "GBPUSD_69_3.13.113_BUY_M15": -0.12237552604066641,
      "GBPUSD_74_6.52.179_SELL_M15": 0.2642739544743091,
      "NZDUSD_23_2.12.147_SELL_M15": 0.08230820575946962,
      "NZDUSD_24_4.41.120_SELL_M15": -0.13512723109980065,
      "NZDUSD_25_5.7.105_SELL_M15": -0.1517966987758206,
      "NZDUSD_26_2.6.180_SELL_M15": 0.1872414768963219,
      "NZDUSD_27_6.16.107_SELL_M15": 0.23186845060847905,
      "NZDUSD_75_4.73.120_SELL_M15": 0.18241901727304816,
      "NZDUSD_76_5.71.164_BUY_M15": 0.18448646731305532,