{
  "strategy_id": "XAUUSD_58_5.6.136_BUY_M15",
  "summary": {
    "strategy_id": "XAUUSD_58_5.6.136_BUY_M15",
    "symbol_count": 1,
    "side_mix": null,
    "trade_count": 1190,
    "avg_return_correlation": -0.013942973315340817,
    "max_return_correlation": 0.3069814800939466,
    "avg_drawdown_correlation": -0.014373521104939424,
    "max_drawdown_correlation": 0.2501001084133482,
    "avg_stress_overlap": 0.05396026140251003,
    "max_stress_overlap": 0.23394495412844038,
    "avg_symbol_overlap": 0.0136986301369863,
    "max_symbol_overlap": 1.0,
    "avg_side_overlap": 0.821917808219178,
    "max_side_overlap": 1.0,
    "correlation_penalty": 0.01415824721014012,
    "marginal_dd_contribution": 10.074216956682747,
    "diversification_score": 0.965254574524182,
    "portfolio_fit_score": 0.7331309981099251,
    "cluster_membership": "CLUSTER_60"
  },
  "peer_snapshot": {
    "return_correlation_row": {
      "AUDJPY_1_3.14.146_BUY_M15": 0.011397357756700569,
      "AUDJPY_2_5.20.109_BUY_M15": 0.018816911162700036,
      "AUDJPY_3_3.19_BUY_M15": -0.027599540106564544,
      "AUDJPY_46_3.50.181_BUY_M15": 0.013410425951680979,
      "AUDJPY_47_6.30.171_BOTH_M15": -0.0009476875893542881,
      "AUDJPY_56_1.14.109_BUY_M15": -0.0025997970457796653,
      "AUDJPY_78_3.7.108_BUY_M15": -0.03444252382705935,
      "AUDUSD_48_5.8.189_SELL_M15": -0.05346665480582825,
      "AUDUSD_4_3.27.109_SELL_M15": -0.006320111836033266,
      "AUDUSD_5_6.3.178_SELL_M15": -0.04968389203538551,
      "AUDUSD_60_1.31.145_SELL_M15": -0.00681885282840909,
      "AUDUSD_61_6.25.174_SELL_M15": -0.031239619787206352,
      "AUDUSD_6_5.9.126_SELL_M15": -0.04558943681803256,
      "EURGBP_10_5.21.111_SELL_M15": 0.004213824704919297,
      "EURGBP_49_2.36.141_BOTH_M15": 0.031116505068631752,
      "EURGBP_62_3.31.132_BUY_M15": -0.013039247690000174,
      "EURGBP_63_4.21.189_SELL_M15": 0.019701897483103893,
      "EURGBP_70_2.27.108_SELL_M15": 0.023319759063110023,
      "EURGBP_7_3.16.177_SELL_M15": -0.01962998696232092,
      "EURGBP_8_6.1.186_SELL_M15": -0.023921608500189116,
      "EURGBP_9_5.2.127_SELL_M15": -0.0009487854558463035,
      "EURUSD_11_1.42.105_SELL_M15": -0.02783458361337421,
      "EURUSD_12_3.47.124_BUY_M15": 0.005502235580222403,
      "EURUSD_13_6.46.178_BUY_M15": 0.04365175976259138,
      "EURUSD_14_5.6.167_BUY_M15": 0.05560426274707005,
      "EURUSD_18_6.6.111_SELL_M15": -0.03857751991225457,
      "EURUSD_59_2.34.129_SELL_M15": -0.03413024378432381,
      "EURUSD_64_4.34.165_BUY_M15": 0.009792763395812053,
      "EURUSD_71_5.30.159_SELL_M15": -0.10607831340670519,
      "EURUSD_72_5.42.127_SELL_M15": -0.06554117060772167,
      "EURUSD_73_5.43.181_SELL_M15": -0.05285941632423571,
      "GBPJPY_50_5.35.116_BUY_M15": 0.0014233432030756553,
      "GBPJPY_65_2.14.157_BUY_M15": -0.024877778778899007,
      "GBPJPY_66_4.17.131_BOTH_M15": -0.03465552365548643,
      "GBPJPY_67_4.19.99_BOTH_M15": -0.024511835259962828,
      "GBPUSD_19_0.13205_BUY_M15": 0.027025343071849558,
      "GBPUSD_20_1.32.126_BUY_M15": 0.011426030308651835,
      "GBPUSD_21_3.3.167_BUY_M15": 0.026237089472644182,
      "GBPUSD_22_6.11.100_SELL_M15": -0.016483731947674038,
      "GBPUSD_69_3.13.113_BUY_M15": -0.05642202568377967,
      "GBPUSD_74_6.52.179_SELL_M15": -0.025210696145266536,
      "NZDUSD_23_2.12.147_SELL_M15": 0.01010228462922091,
      "NZDUSD_24_4.41.120_SELL_M15": -0.038738338568625144,
      "NZDUSD_25_5.7.105_SELL_M15": -0.04358627490983626,
      "NZDUSD_26_2.6.180_SELL_M15": -0.07639767593131931,
      "NZDUSD_27_6.16.107_SELL_M15": -0.018058180367516163,
      "NZDUSD_75_4.73.120_SELL_M15": -0.006401291809462106,
      "NZDUSD_76_5.71.164_BUY_M15": 0.00505981531084137,
      "US500.cash_28_3.8.114_BUY_M15": 0.0346511612553469,
      "US500.cash_29_3.32.156_BUY_M15": 0.021383886026776416,
      "USDCAD_30_2.34.141_BUY_M15": -0.01151869606344048,
      "USDCAD_31_3.2.189_BUY_M15": -0.0675187360185069,
      "USDCAD_32_4.16.175_BUY_M15": -0.027478924609978004,
      "USDCAD_33_5.11.180_BUY_M15": -0.041161093632400884,
      "USDCAD_34_1.8.187_BUY_M15": -0.09886642047155937,
      "USDCAD_51_6.27.122_BUY_M15": -0.0590366026130353,
      "USDCAD_77_3.51.113_SELL_M15": 0.022965685770851937,
      "USDCHF_35_3.1.133_SELL_M15": -0.00676657885944621,
      "USDCHF_36_4.5.112_SELL_M15": -0.04775334611644269,
      "USDCHF_52_3.17.186_BOTH_M15": 0.02071774522821745,
      "USDCHF_53_6.47.153_BOTH_M15": -0.03680235990920576,
      "USDCHF_55_6.23.134_BUY_M15": -0.02068058547374578,
      "USDJPY_37_0.18430_BUY_M15": -0.02828444452512798,
      "USDJPY_38_1.35.168_BUY_M15": -0.024833382541164538,
      "USDJPY_39_6.27.190_BUY_M15": -0.07517292231756995,
      "USDJPY_40_2.4.138_BUY_M15": -0.04320653746937411,
      "USDJPY_41_2.5.172_BUY_M15": -0.050342539883348685,
      "USDJPY_57_4.8.181_BUY_M15": -0.05461336940813114,
      "USOIL.cash_42_1.25.121_BUY_M15": -0.01700277267350219,
      "USOIL.cash_43_5.11.112_BUY_M15": 0.018934037961498795,
      "USOIL.cash_44_6.17.127_BUY_M15": -0.021810499224455767,
      "USOIL.cash_54_4.18.190_BOTH_M15": -0.021810499224455767,
      "XAUUSD_45_2.13.130_BUY_M15": 0.3069814800939466,
      "XAUUSD_58_5.6.136_BUY_M15": 1.0
    },
    "drawdown_correlation_row": {
      "AUDJPY_1_3.14.146_BUY_M15": -0.06498766809630863,
      "AUDJPY_2_5.20.109_BUY_M15": -0.12338842318217351,
      "AUDJPY_3_3.19_BUY_M15": -0.14787261963535797,
      "AUDJPY_46_3.50.181_BUY_M15": 0.1000300166657542,
      "AUDJPY_47_6.30.171_BOTH_M15": -0.09399170394160486,
      "AUDJPY_56_1.14.109_BUY_M15": 0.03157423941089369,
      "AUDJPY_78_3.7.108_BUY_M15": -0.14923851744102062,
      "AUDUSD_48_5.8.189_SELL_M15": -0.1725579773337137,
      "AUDUSD_4_3.27.109_SELL_M15": -0.018875806251491843,
      "AUDUSD_5_6.3.178_SELL_M15": -0.2764136108275146,
      "AUDUSD_60_1.31.145_SELL_M15": 0.07708496308038738,
      "AUDUSD_61_6.25.174_SELL_M15": 0.06669296584776761,
      "AUDUSD_6_5.9.126_SELL_M15": 0.06754627957905794,
      "EURGBP_10_5.21.111_SELL_M15": -0.15569757413311014,
      "EURGBP_49_2.36.141_BOTH_M15": 0.01848014097332358,
      "EURGBP_62_3.31.132_BUY_M15": -0.05788229560892658,
      "EURGBP_63_4.21.189_SELL_M15": 0.019873971589208537,
      "EURGBP_70_2.27.108_SELL_M15": -0.04901809775158412,
      "EURGBP_7_3.16.177_SELL_M15": 0.15092262222444927,
      "EURGBP_8_6.1.186_SELL_M15": -0.011728112385451092,
      "EURGBP_9_5.2.127_SELL_M15": 0.12546098400878267,
      "EURUSD_11_1.42.105_SELL_M15": 0.1837070393116546,
      "EURUSD_12_3.47.124_BUY_M15": -0.03019008185495124,
      "EURUSD_13_6.46.178_BUY_M15": -0.028672221528639446,
      "EURUSD_14_5.6.167_BUY_M15": -0.0007176646038298041,
      "EURUSD_18_6.6.111_SELL_M15": 0.1765097479201229,
      "EURUSD_59_2.34.129_SELL_M15": -0.09179844766908692,
      "EURUSD_64_4.34.165_BUY_M15": -0.14476885259769337,
      "EURUSD_71_5.30.159_SELL_M15": -0.11730242243623713,
      "EURUSD_72_5.42.127_SELL_M15": 0.09881060226909767,
      "EURUSD_73_5.43.181_SELL_M15": -0.0833086098868005,
      "GBPJPY_50_5.35.116_BUY_M15": -0.16975579010030156,
      "GBPJPY_65_2.14.157_BUY_M15": -0.16750177319820442,
      "GBPJPY_66_4.17.131_BOTH_M15": -0.1822903421564299,
      "GBPJPY_67_4.19.99_BOTH_M15": -0.2190323554332496,
      "GBPUSD_19_0.13205_BUY_M15": -0.1248043108617152,
      "GBPUSD_20_1.32.126_BUY_M15": -0.16742194305496574,
      "GBPUSD_21_3.3.167_BUY_M15": 0.14562695319170618,
      "GBPUSD_22_6.11.100_SELL_M15": -0.02889450247979492,
      "GBPUSD_69_3.13.113_BUY_M15": 0.009553515954028955,
      "GBPUSD_74_6.52.179_SELL_M15": -0.011227156927826873,
      "NZDUSD_23_2.12.147_SELL_M15": -0.02509001199176585,
      "NZDUSD_24_4.41.120_SELL_M15": 0.04107925251757895,
      "NZDUSD_25_5.7.105_SELL_M15": -0.022994653465104913,
      "NZDUSD_26_2.6.180_SELL_M15": 0.016728554581563866,
      "NZDUSD_27_6.16.107_SELL_M15": 0.04224317661399587,
      "NZDUSD_75_4.73.120_SELL_M15": -0.09754646074779981,