{
  "strategy_id": "XAUUSD_45_2.13.130_BUY_M15",
  "summary": {
    "strategy_id": "XAUUSD_45_2.13.130_BUY_M15",
    "symbol_count": 1,
    "side_mix": null,
    "trade_count": 1570,
    "avg_return_correlation": -0.028116005548273697,
    "max_return_correlation": 0.3069814800939466,
    "avg_drawdown_correlation": 0.013415932846535592,
    "max_drawdown_correlation": 0.5770332213150297,
    "avg_stress_overlap": 0.050739480223823095,
    "max_stress_overlap": 0.23394495412844038,
    "avg_symbol_overlap": 0.0136986301369863,
    "max_symbol_overlap": 1.0,
    "avg_side_overlap": 0.821917808219178,
    "max_side_overlap": 1.0,
    "correlation_penalty": 0.020765969197404643,
    "marginal_dd_contribution": -12.35770085153645,
    "diversification_score": 0.9603869073889615,
    "portfolio_fit_score": 0.7295755686519039,
    "cluster_membership": "CLUSTER_59"
  },
  "peer_snapshot": {
    "return_correlation_row": {
      "AUDJPY_1_3.14.146_BUY_M15": 0.004058378825836223,
      "AUDJPY_2_5.20.109_BUY_M15": 0.005526351290521095,
      "AUDJPY_3_3.19_BUY_M15": -0.05470918242000508,
      "AUDJPY_46_3.50.181_BUY_M15": 0.003323442673297409,
      "AUDJPY_47_6.30.171_BOTH_M15": 0.023849248834955386,
      "AUDJPY_56_1.14.109_BUY_M15": -0.0048783244057982655,
      "AUDJPY_78_3.7.108_BUY_M15": -0.05473701571388018,
      "AUDUSD_48_5.8.189_SELL_M15": -0.07394350550619815,
      "AUDUSD_4_3.27.109_SELL_M15": -0.0660282838611906,
      "AUDUSD_5_6.3.178_SELL_M15": -0.08448883904311631,
      "AUDUSD_60_1.31.145_SELL_M15": -0.07748887704603491,
      "AUDUSD_61_6.25.174_SELL_M15": -0.04591205301384288,
      "AUDUSD_6_5.9.126_SELL_M15": -0.10176549581363635,
      "EURGBP_10_5.21.111_SELL_M15": 0.036512000936927545,
      "EURGBP_49_2.36.141_BOTH_M15": 0.08909554881453988,
      "EURGBP_62_3.31.132_BUY_M15": -0.011497165278461164,
      "EURGBP_63_4.21.189_SELL_M15": 0.01133191559787474,
      "EURGBP_70_2.27.108_SELL_M15": 0.027821664989491072,
      "EURGBP_7_3.16.177_SELL_M15": -0.0009460062548304878,
      "EURGBP_8_6.1.186_SELL_M15": 0.04512956516457416,
      "EURGBP_9_5.2.127_SELL_M15": 0.04230194270388985,
      "EURUSD_11_1.42.105_SELL_M15": -0.03656019249506475,
      "EURUSD_12_3.47.124_BUY_M15": 0.1112597704694636,
      "EURUSD_13_6.46.178_BUY_M15": 0.077805845946853,
      "EURUSD_14_5.6.167_BUY_M15": 0.0614050676618033,
      "EURUSD_18_6.6.111_SELL_M15": -0.08917735690827842,
      "EURUSD_59_2.34.129_SELL_M15": -0.07151695282028757,
      "EURUSD_64_4.34.165_BUY_M15": 0.026690780089951977,
      "EURUSD_71_5.30.159_SELL_M15": -0.0908032567692751,
      "EURUSD_72_5.42.127_SELL_M15": -0.10336442653482539,
      "EURUSD_73_5.43.181_SELL_M15": -0.09778796743981978,
      "GBPJPY_50_5.35.116_BUY_M15": 0.009320811729254804,
      "GBPJPY_65_2.14.157_BUY_M15": -0.03208383932479137,
      "GBPJPY_66_4.17.131_BOTH_M15": -0.06675690663847224,
      "GBPJPY_67_4.19.99_BOTH_M15": -0.06520016003497842,
      "GBPUSD_19_0.13205_BUY_M15": 0.03604374506073706,
      "GBPUSD_20_1.32.126_BUY_M15": 0.10194404531875388,
      "GBPUSD_21_3.3.167_BUY_M15": 0.09818670083530015,
      "GBPUSD_22_6.11.100_SELL_M15": -0.04127839741305075,
      "GBPUSD_69_3.13.113_BUY_M15": -0.09535012789932237,
      "GBPUSD_74_6.52.179_SELL_M15": -0.15219268415489765,
      "NZDUSD_23_2.12.147_SELL_M15": -0.007962576158599943,
      "NZDUSD_24_4.41.120_SELL_M15": -0.02088327085145715,
      "NZDUSD_25_5.7.105_SELL_M15": -0.07265957565062661,
      "NZDUSD_26_2.6.180_SELL_M15": -0.07428856178511489,
      "NZDUSD_27_6.16.107_SELL_M15": -0.07115820520880554,
      "NZDUSD_75_4.73.120_SELL_M15": -0.07353760525208475,
      "NZDUSD_76_5.71.164_BUY_M15": 0.0642677455724139,
      "US500.cash_28_3.8.114_BUY_M15": 0.04796435472017811,
      "US500.cash_29_3.32.156_BUY_M15": 0.007246117157330931,
      "USDCAD_30_2.34.141_BUY_M15": -0.02908890668434223,
      "USDCAD_31_3.2.189_BUY_M15": -0.10093762372082311,
      "USDCAD_32_4.16.175_BUY_M15": -0.055864676248516786,
      "USDCAD_33_5.11.180_BUY_M15": -0.0853010048820736,
      "USDCAD_34_1.8.187_BUY_M15": -0.13260525229978434,
      "USDCAD_51_6.27.122_BUY_M15": -0.08967657730099834,
      "USDCAD_77_3.51.113_SELL_M15": 0.07353428527670587,
      "USDCHF_35_3.1.133_SELL_M15": -0.007087072677706371,
      "USDCHF_36_4.5.112_SELL_M15": -0.07471537731477759,
      "USDCHF_52_3.17.186_BOTH_M15": 0.002864528979631796,
      "USDCHF_53_6.47.153_BOTH_M15": -0.1050352253020288,
      "USDCHF_55_6.23.134_BUY_M15": -0.05576938565509015,
      "USDJPY_37_0.18430_BUY_M15": -0.09822967471071317,
      "USDJPY_38_1.35.168_BUY_M15": -0.05506722264396158,
      "USDJPY_39_6.27.190_BUY_M15": -0.17097090643714594,
      "USDJPY_40_2.4.138_BUY_M15": -0.10145399851800956,
      "USDJPY_41_2.5.172_BUY_M15": -0.1724359783728684,
      "USDJPY_57_4.8.181_BUY_M15": -0.21303050525013892,
      "USOIL.cash_42_1.25.121_BUY_M15": -0.021731018523256526,
      "USOIL.cash_43_5.11.112_BUY_M15": 0.02403891652271224,
      "USOIL.cash_44_6.17.127_BUY_M15": 0.00849227897402885,
      "USOIL.cash_54_4.18.190_BOTH_M15": 0.00849227897402885,
      "XAUUSD_45_2.13.130_BUY_M15": 1.0,
      "XAUUSD_58_5.6.136_BUY_M15": 0.3069814800939466
    },
    "drawdown_correlation_row": {
      "AUDJPY_1_3.14.146_BUY_M15": 0.16843679870536635,
      "AUDJPY_2_5.20.109_BUY_M15": 0.16953876781677815,
      "AUDJPY_3_3.19_BUY_M15": -0.1493855464939257,
      "AUDJPY_46_3.50.181_BUY_M15": 0.43036991893455667,
      "AUDJPY_47_6.30.171_BOTH_M15": 0.13025367342922625,
      "AUDJPY_56_1.14.109_BUY_M15": 0.10207841297447988,
      "AUDJPY_78_3.7.108_BUY_M15": -0.1462514661263822,
      "AUDUSD_48_5.8.189_SELL_M15": -0.15783195296569213,
      "AUDUSD_4_3.27.109_SELL_M15": -0.20683160297316833,
      "AUDUSD_5_6.3.178_SELL_M15": -0.19804043171648858,
      "AUDUSD_60_1.31.145_SELL_M15": -0.3604329740991077,
      "AUDUSD_61_6.25.174_SELL_M15": 0.24229280671814127,
      "AUDUSD_6_5.9.126_SELL_M15": -0.03228640183369299,
      "EURGBP_10_5.21.111_SELL_M15": -0.2566630870780053,
      "EURGBP_49_2.36.141_BOTH_M15": 0.07406792384837049,
      "EURGBP_62_3.31.132_BUY_M15": -0.2429258075016503,
      "EURGBP_63_4.21.189_SELL_M15": 0.052106590965257917,
      "EURGBP_70_2.27.108_SELL_M15": -0.1816520699462047,
      "EURGBP_7_3.16.177_SELL_M15": 0.38715704342175133,
      "EURGBP_8_6.1.186_SELL_M15": -0.25441935052572123,
      "EURGBP_9_5.2.127_SELL_M15": 0.0026468208898631444,
      "EURUSD_11_1.42.105_SELL_M15": 0.04482250389134108,
      "EURUSD_12_3.47.124_BUY_M15": -0.005284489888024402,
      "EURUSD_13_6.46.178_BUY_M15": 0.12910530516982072,
      "EURUSD_14_5.6.167_BUY_M15": 0.08784647682869537,
      "EURUSD_18_6.6.111_SELL_M15": -0.023076087599544114,
      "EURUSD_59_2.34.129_SELL_M15": 0.12884709819204662,
      "EURUSD_64_4.34.165_BUY_M15": -0.09234485514309905,
      "EURUSD_71_5.30.159_SELL_M15": 0.06262685913115298,
      "EURUSD_72_5.42.127_SELL_M15": 0.5284335381627672,
      "EURUSD_73_5.43.181_SELL_M15": -0.010179970412928195,
      "GBPJPY_50_5.35.116_BUY_M15": 0.081872565070553,
      "GBPJPY_65_2.14.157_BUY_M15": 0.04132923553753547,
      "GBPJPY_66_4.17.131_BOTH_M15": 0.020498580185623817,
      "GBPJPY_67_4.19.99_BOTH_M15": 0.05532745450408836,
      "GBPUSD_19_0.13205_BUY_M15": -0.06144194608573912,
      "GBPUSD_20_1.32.126_BUY_M15": -0.24820564501717696,
      "GBPUSD_21_3.3.167_BUY_M15": 0.4631918207495905,
      "GBPUSD_22_6.11.100_SELL_M15": 0.07005125573666242,
      "GBPUSD_69_3.13.113_BUY_M15": -0.0025986545786168156,
      "GBPUSD_74_6.52.179_SELL_M15": -0.18774126724934614,
      "NZDUSD_23_2.12.147_SELL_M15": 0.160464244274552,
      "NZDUSD_24_4.41.120_SELL_M15": 0.18922097833115362,
      "NZDUSD_25_5.7.105_SELL_M15": -0.2152149091280787,
      "NZDUSD_26_2.6.180_SELL_M15": -0.37965273428594043,
      "NZDUSD_27_6.16.107_SELL_M15": -0.05266245253615828,
      "NZDUSD_75_4.73.120_SELL_M15": 0.08962106001176504,