{
  "strategy_id": "AUDJPY_47_6.30.171_BOTH_M15",
  "summary": {
    "strategy_id": "AUDJPY_47_6.30.171_BOTH_M15",
    "side_mix": null,
    "symbol_count": 1,
    "trade_count": 650,
    "baseline_lot": 0.1,
    "avg_trade_0_1": 1.4904615384615383,
    "avg_loss_0_1": -20.316777777777773,
    "p05_trade_0_1": -27.0965,
    "p01_trade_0_1": -36.227500000000006,
    "worst_day_0_1": -45.1,
    "p05_day_0_1": -27.125999999999998,
    "expected_dd_0_1": -223.29999999999984,
    "stress_dd_0_1": -501.437,
    "robustness_score": 1.0,
    "portfolio_fit_score": 0.7182163402084283,
    "diversification_score": 0.936237916255435,
    "regime_dependency_score": 0.5516068508750663,
    "correlation_penalty": 0.0231841789370605,
    "allowed_expected_dd_limit_abs": 1200.0,
    "allowed_stress_dd_limit_abs": 2250.0,
    "allowed_worst_day_limit_abs": 650.0,
    "allowed_day_p05_limit_abs": 450.0,
    "recommended_lot_size": 0.3,
    "max_safe_lot_size": 0.4,
    "expected_dd_at_recommended_lot": -669.8999999999994,
    "stress_dd_at_recommended_lot": -1504.311,
    "max_loss_per_day_recommendation": -81.37799999999999,
    "recommended_risk_budget": "LOW",
    "sizing_constraints": "{\"baseline_lot\": 0.1, \"recommended_lot_size\": 0.3, \"max_safe_lot_size\": 0.4, \"lot_step\": 0.1, \"max_supported_lot\": 5.0, \"max_expected_dd_abs\": 1200.0, \"max_stress_dd_abs\": 2250.0, \"max_worst_day_abs\": 650.0, \"max_daily_p05_abs\": 450.0}"
  },
  "baseline_metrics": {
    "trade_count": 650,
    "daily_count": 645,
    "net_profit_0_1": 968.8,
    "avg_trade_0_1": 1.4904615384615383,
    "median_trade_0_1": 8.105,
    "std_trade_0_1": 19.635603706393727,
    "avg_loss_0_1": -20.316777777777773,
    "p05_trade_0_1": -27.0965,
    "p01_trade_0_1": -36.227500000000006,
    "profit_factor_0_1": 1.1766100996622024,
    "historical_max_dd_0_1": -223.29999999999984,
    "mc_dd_p95_0_1": -501.437,
    "avg_day_0_1": 1.5020155038759688,
    "std_day_0_1": 19.800754047214177,
    "worst_day_0_1": -45.1,
    "p05_day_0_1": -27.125999999999998
  },
  "optional_layer_metrics": {
    "robustness_score": 1.0,
    "portfolio_fit_score": 0.7182163402084283,
    "diversification_score": 0.936237916255435,
    "correlation_penalty": 0.0231841789370605,
    "regime_dependency_score": 0.5516068508750663
  },
  "limits": {
    "stress_limit_abs": 2250.0,
    "expected_dd_limit_abs": 1200.0,
    "worst_day_limit_abs": 650.0,
    "day_p05_limit_abs": 450.0
  },
  "lot_grid_table": [
    {
      "lot_size": 0.1,
      "expected_dd_abs": -223.29999999999984,
      "stress_dd_abs": -501.437,
      "worst_day_abs": -45.1,
      "daily_p05_abs": -27.125999999999998,
      "pass_expected_dd": true,
      "pass_stress_dd": true,
      "pass_worst_day": true,
      "pass_day_p05": true,
      "pass_all": true
    },
    {
      "lot_size": 0.2,
      "expected_dd_abs": -446.5999999999997,
      "stress_dd_abs": -1002.874,
      "worst_day_abs": -90.2,
      "daily_p05_abs": -54.251999999999995,
      "pass_expected_dd": true,
      "pass_stress_dd": true,
      "pass_worst_day": true,
      "pass_day_p05": true,
      "pass_all": true
    },
    {
      "lot_size": 0.3,
      "expected_dd_abs": -669.8999999999994,
      "stress_dd_abs": -1504.311,
      "worst_day_abs": -135.29999999999998,
      "daily_p05_abs": -81.37799999999999,
      "pass_expected_dd": true,
      "pass_stress_dd": true,
      "pass_worst_day": true,
      "pass_day_p05": true,
      "pass_all": true
    },
    {
      "lot_size": 0.4,
      "expected_dd_abs": -893.1999999999994,
      "stress_dd_abs": -2005.748,
      "worst_day_abs": -180.4,
      "daily_p05_abs": -108.50399999999999,
      "pass_expected_dd": true,
      "pass_stress_dd": true,
      "pass_worst_day": true,
      "pass_day_p05": true,
      "pass_all": true
    },
    {
      "lot_size": 0.5,
      "expected_dd_abs": -1116.499999999999,
      "stress_dd_abs": -2507.185,
      "worst_day_abs": -225.5,
      "daily_p05_abs": -135.63,
      "pass_expected_dd": true,
      "pass_stress_dd": false,
      "pass_worst_day": true,
      "pass_day_p05": true,
      "pass_all": false
    },
    {
      "lot_size": 0.6,
      "expected_dd_abs": -1339.7999999999988,
      "stress_dd_abs": -3008.622,
      "worst_day_abs": -270.59999999999997,
      "daily_p05_abs": -162.75599999999997,
      "pass_expected_dd": false,
      "pass_stress_dd": false,
      "pass_worst_day": true,
      "pass_day_p05": true,
      "pass_all": false
    },
    {
      "lot_size": 0.7,
      "expected_dd_abs": -1563.0999999999988,
      "stress_dd_abs": -3510.0589999999997,
      "worst_day_abs": -315.7,
      "daily_p05_abs": -189.88199999999995,
      "pass_expected_dd": false,
      "pass_stress_dd": false,
      "pass_worst_day": true,
      "pass_day_p05": true,
      "pass_all": false
    },
    {
      "lot_size": 0.8,
      "expected_dd_abs": -1786.3999999999987,
      "stress_dd_abs": -4011.496,
      "worst_day_abs": -360.8,
      "daily_p05_abs": -217.00799999999998,
      "pass_expected_dd": false,
      "pass_stress_dd": false,
      "pass_worst_day": true,
      "pass_day_p05": true,
      "pass_all": false
    },
    {
      "lot_size": 0.9,
      "expected_dd_abs": -2009.6999999999985,
      "stress_dd_abs": -4512.933,
      "worst_day_abs": -405.90000000000003,
      "daily_p05_abs": -244.134,
      "pass_expected_dd": false,
      "pass_stress_dd": false,
      "pass_worst_day": true,
      "pass_day_p05": true,
      "pass_all": false
    },
    {
      "lot_size": 1.0,
      "expected_dd_abs": -2232.999999999998,
      "stress_dd_abs": -5014.37,
      "worst_day_abs": -451.0,
      "daily_p05_abs": -271.26,
      "pass_expected_dd": false,
      "pass_stress_dd": false,
      "pass_worst_day": true,
      "pass_day_p05": true,
      "pass_all": false
    },
    {
      "lot_size": 1.1,
      "expected_dd_abs": -2456.2999999999984,
      "stress_dd_abs": -5515.807,
      "worst_day_abs": -496.1,
      "daily_p05_abs": -298.38599999999997,
      "pass_expected_dd": false,
      "pass_stress_dd": false,
      "pass_worst_day": true,
      "pass_day_p05": true,
      "pass_all": false
    },
    {
      "lot_size": 1.2,
      "expected_dd_abs": -2679.5999999999976,
      "stress_dd_abs": -6017.244,
      "worst_day_abs": -541.1999999999999,
      "daily_p05_abs": -325.51199999999994,
      "pass_expected_dd": false,
      "pass_stress_dd": false,
      "pass_worst_day": true,
      "pass_day_p05": true,
      "pass_all": false
    },
    {
      "lot_size": 1.3,
      "expected_dd_abs": -2902.899999999998,
      "stress_dd_abs": -6518.6810000000005,
      "worst_day_abs": -586.3000000000001,
      "daily_p05_abs": -352.638,
      "pass_expected_dd": false,
      "pass_stress_dd": false,
      "pass_worst_day": true,
      "pass_day_p05": true,
      "pass_all": false
    },
    {
      "lot_size": 1.4,
      "expected_dd_abs": -3126.1999999999975,
      "stress_dd_abs": -7020.1179999999995,
      "worst_day_abs": -631.4,
      "daily_p05_abs": -379.7639999999999,
      "pass_expected_dd": false,
      "pass_stress_dd": false,
      "pass_worst_day": true,
      "pass_day_p05": true,
      "pass_all": false
    },
    {
      "lot_size": 1.5,
      "expected_dd_abs": -3349.4999999999977,
      "stress_dd_abs": -7521.555,
      "worst_day_abs": -676.5,
      "daily_p05_abs": -406.89,
      "pass_expected_dd": false,
      "pass_stress_dd": false,
      "pass_worst_day": false,
      "pass_day_p05": true,
      "pass_all": false
    },
    {
      "lot_size": 1.6,
      "expected_dd_abs": -3572.7999999999975,
      "stress_dd_abs": -8022.992,
      "worst_day_abs": -721.6,
      "daily_p05_abs": -434.01599999999996,
      "pass_expected_dd": false,
      "pass_stress_dd": false,
      "pass_worst_day": false,
      "pass_day_p05": true,
      "pass_all": false
    },
    {
      "lot_size": 1.7,
      "expected_dd_abs": -3796.099999999997,
      "stress_dd_abs": -8524.429,