{
  "strategy_id": "AUDJPY_78_3.7.108_BUY_M15",
  "summary": {
    "strategy_id": "AUDJPY_78_3.7.108_BUY_M15",
    "side_mix": "BUY",
    "symbol_count": 1,
    "trade_count": 622,
    "baseline_lot": 0.1,
    "avg_trade_0_1": 3.5334565916398706,
    "avg_loss_0_1": -24.657984790874522,
    "p05_trade_0_1": -50.427,
    "p01_trade_0_1": -55.8387,
    "worst_day_0_1": -64.86,
    "p05_day_0_1": -50.427,
    "expected_dd_0_1": -394.7700000000009,
    "stress_dd_0_1": -619.9009999999997,
    "robustness_score": 0.8,
    "portfolio_fit_score": 0.7107465365030037,
    "diversification_score": 0.9210473225432158,
    "regime_dependency_score": 0.4936799791892291,
    "correlation_penalty": 0.0484607615606952,
    "allowed_expected_dd_limit_abs": 1200.0,
    "allowed_stress_dd_limit_abs": 2250.0,
    "allowed_worst_day_limit_abs": 650.0,
    "allowed_day_p05_limit_abs": 450.0,
    "recommended_lot_size": 0.2,
    "max_safe_lot_size": 0.3,
    "expected_dd_at_recommended_lot": -789.5400000000018,
    "stress_dd_at_recommended_lot": -1239.8019999999995,
    "max_loss_per_day_recommendation": -100.854,
    "recommended_risk_budget": "VERY_LOW",
    "sizing_constraints": "{\"baseline_lot\": 0.1, \"recommended_lot_size\": 0.2, \"max_safe_lot_size\": 0.3, \"lot_step\": 0.1, \"max_supported_lot\": 5.0, \"max_expected_dd_abs\": 1200.0, \"max_stress_dd_abs\": 2250.0, \"max_worst_day_abs\": 650.0, \"max_daily_p05_abs\": 450.0}"
  },
  "baseline_metrics": {
    "trade_count": 622,
    "daily_count": 622,
    "net_profit_0_1": 2197.8099999999995,
    "avg_trade_0_1": 3.5334565916398706,
    "median_trade_0_1": 3.9,
    "std_trade_0_1": 30.414241834874367,
    "avg_loss_0_1": -24.657984790874522,
    "p05_trade_0_1": -50.427,
    "p01_trade_0_1": -55.8387,
    "profit_factor_0_1": 1.3389040948026618,
    "historical_max_dd_0_1": -394.7700000000009,
    "mc_dd_p95_0_1": -619.9009999999997,
    "avg_day_0_1": 3.5334565916398706,
    "std_day_0_1": 30.414241834874367,
    "worst_day_0_1": -64.86,
    "p05_day_0_1": -50.427
  },
  "optional_layer_metrics": {
    "robustness_score": 0.8,
    "portfolio_fit_score": 0.7107465365030037,
    "diversification_score": 0.9210473225432158,
    "correlation_penalty": 0.0484607615606952,
    "regime_dependency_score": 0.4936799791892291
  },
  "limits": {
    "stress_limit_abs": 2250.0,
    "expected_dd_limit_abs": 1200.0,
    "worst_day_limit_abs": 650.0,
    "day_p05_limit_abs": 450.0
  },
  "lot_grid_table": [
    {
      "lot_size": 0.1,
      "expected_dd_abs": -394.7700000000009,
      "stress_dd_abs": -619.9009999999997,
      "worst_day_abs": -64.86,
      "daily_p05_abs": -50.427,
      "pass_expected_dd": true,
      "pass_stress_dd": true,
      "pass_worst_day": true,
      "pass_day_p05": true,
      "pass_all": true
    },
    {
      "lot_size": 0.2,
      "expected_dd_abs": -789.5400000000018,
      "stress_dd_abs": -1239.8019999999995,
      "worst_day_abs": -129.72,
      "daily_p05_abs": -100.854,
      "pass_expected_dd": true,
      "pass_stress_dd": true,
      "pass_worst_day": true,
      "pass_day_p05": true,
      "pass_all": true
    },
    {
      "lot_size": 0.3,
      "expected_dd_abs": -1184.3100000000024,
      "stress_dd_abs": -1859.7029999999988,
      "worst_day_abs": -194.57999999999996,
      "daily_p05_abs": -151.28099999999998,
      "pass_expected_dd": true,
      "pass_stress_dd": true,
      "pass_worst_day": true,
      "pass_day_p05": true,
      "pass_all": true
    },
    {
      "lot_size": 0.4,
      "expected_dd_abs": -1579.0800000000036,
      "stress_dd_abs": -2479.603999999999,
      "worst_day_abs": -259.44,
      "daily_p05_abs": -201.708,
      "pass_expected_dd": false,
      "pass_stress_dd": false,
      "pass_worst_day": true,
      "pass_day_p05": true,
      "pass_all": false
    },
    {
      "lot_size": 0.5,
      "expected_dd_abs": -1973.8500000000045,
      "stress_dd_abs": -3099.5049999999987,
      "worst_day_abs": -324.3,
      "daily_p05_abs": -252.135,
      "pass_expected_dd": false,
      "pass_stress_dd": false,
      "pass_worst_day": true,
      "pass_day_p05": true,
      "pass_all": false
    },
    {
      "lot_size": 0.6,
      "expected_dd_abs": -2368.620000000005,
      "stress_dd_abs": -3719.4059999999977,
      "worst_day_abs": -389.1599999999999,
      "daily_p05_abs": -302.56199999999995,
      "pass_expected_dd": false,
      "pass_stress_dd": false,
      "pass_worst_day": true,
      "pass_day_p05": true,
      "pass_all": false
    },
    {
      "lot_size": 0.7,
      "expected_dd_abs": -2763.390000000006,
      "stress_dd_abs": -4339.306999999998,
      "worst_day_abs": -454.0199999999999,
      "daily_p05_abs": -352.989,
      "pass_expected_dd": false,
      "pass_stress_dd": false,
      "pass_worst_day": true,
      "pass_day_p05": true,
      "pass_all": false
    },
    {
      "lot_size": 0.8,
      "expected_dd_abs": -3158.160000000007,
      "stress_dd_abs": -4959.207999999998,
      "worst_day_abs": -518.88,
      "daily_p05_abs": -403.416,
      "pass_expected_dd": false,
      "pass_stress_dd": false,
      "pass_worst_day": true,
      "pass_day_p05": true,
      "pass_all": false
    },
    {
      "lot_size": 0.9,
      "expected_dd_abs": -3552.930000000008,
      "stress_dd_abs": -5579.108999999998,
      "worst_day_abs": -583.74,
      "daily_p05_abs": -453.843,
      "pass_expected_dd": false,
      "pass_stress_dd": false,
      "pass_worst_day": true,
      "pass_day_p05": false,
      "pass_all": false
    },
    {
      "lot_size": 1.0,
      "expected_dd_abs": -3947.700000000009,
      "stress_dd_abs": -6199.0099999999975,
      "worst_day_abs": -648.6,
      "daily_p05_abs": -504.27,
      "pass_expected_dd": false,
      "pass_stress_dd": false,
      "pass_worst_day": true,
      "pass_day_p05": false,
      "pass_all": false
    },
    {
      "lot_size": 1.1,
      "expected_dd_abs": -4342.47000000001,
      "stress_dd_abs": -6818.910999999997,
      "worst_day_abs": -713.46,
      "daily_p05_abs": -554.697,
      "pass_expected_dd": false,
      "pass_stress_dd": false,
      "pass_worst_day": false,
      "pass_day_p05": false,
      "pass_all": false
    },
    {
      "lot_size": 1.2,
      "expected_dd_abs": -4737.24000000001,
      "stress_dd_abs": -7438.811999999995,
      "worst_day_abs": -778.3199999999998,
      "daily_p05_abs": -605.1239999999999,
      "pass_expected_dd": false,
      "pass_stress_dd": false,
      "pass_worst_day": false,
      "pass_day_p05": false,
      "pass_all": false
    },
    {
      "lot_size": 1.3,
      "expected_dd_abs": -5132.010000000011,
      "stress_dd_abs": -8058.712999999996,
      "worst_day_abs": -843.18,
      "daily_p05_abs": -655.551,
      "pass_expected_dd": false,
      "pass_stress_dd": false,
      "pass_worst_day": false,
      "pass_day_p05": false,
      "pass_all": false
    },
    {
      "lot_size": 1.4,
      "expected_dd_abs": -5526.780000000012,
      "stress_dd_abs": -8678.613999999996,
      "worst_day_abs": -908.0399999999998,
      "daily_p05_abs": -705.978,
      "pass_expected_dd": false,
      "pass_stress_dd": false,
      "pass_worst_day": false,
      "pass_day_p05": false,
      "pass_all": false
    },
    {
      "lot_size": 1.5,
      "expected_dd_abs": -5921.550000000014,
      "stress_dd_abs": -9298.514999999996,
      "worst_day_abs": -972.9,
      "daily_p05_abs": -756.405,
      "pass_expected_dd": false,
      "pass_stress_dd": false,
      "pass_worst_day": false,
      "pass_day_p05": false,
      "pass_all": false
    },
    {
      "lot_size": 1.6,
      "expected_dd_abs": -6316.320000000014,
      "stress_dd_abs": -9918.415999999996,
      "worst_day_abs": -1037.76,
      "daily_p05_abs": -806.832,
      "pass_expected_dd": false,
      "pass_stress_dd": false,
      "pass_worst_day": false,
      "pass_day_p05": false,
      "pass_all": false
    },
    {
      "lot_size": 1.7,
      "expected_dd_abs": -6711.090000000015,