{
  "strategy_id": "AUDJPY_1_3.14.146_BUY_M15",
  "summary": {
    "strategy_id": "AUDJPY_1_3.14.146_BUY_M15",
    "side_mix": null,
    "symbol_count": 1,
    "trade_count": 655,
    "baseline_lot": 0.1,
    "avg_trade_0_1": 0.7496793893129773,
    "avg_loss_0_1": -14.9079012345679,
    "p05_trade_0_1": -18.52,
    "p01_trade_0_1": -19.2,
    "worst_day_0_1": -19.35,
    "p05_day_0_1": -18.52,
    "expected_dd_0_1": -420.52000000000015,
    "stress_dd_0_1": -667.9979999999999,
    "robustness_score": 0.6000000000000001,
    "portfolio_fit_score": 0.7142192451279488,
    "diversification_score": 0.92825613705338,
    "regime_dependency_score": 0.4909890515380504,
    "correlation_penalty": 0.0507573822124981,
    "allowed_expected_dd_limit_abs": 1020.0,
    "allowed_stress_dd_limit_abs": 1912.5,
    "allowed_worst_day_limit_abs": 650.0,
    "allowed_day_p05_limit_abs": 450.0,
    "recommended_lot_size": 0.1,
    "max_safe_lot_size": 0.2,
    "expected_dd_at_recommended_lot": -420.52000000000015,
    "stress_dd_at_recommended_lot": -667.9979999999999,
    "max_loss_per_day_recommendation": -18.52,
    "recommended_risk_budget": "VERY_LOW",
    "sizing_constraints": "{\"baseline_lot\": 0.1, \"recommended_lot_size\": 0.1, \"max_safe_lot_size\": 0.2, \"lot_step\": 0.1, \"max_supported_lot\": 5.0, \"max_expected_dd_abs\": 1020.0, \"max_stress_dd_abs\": 1912.5, \"max_worst_day_abs\": 650.0, \"max_daily_p05_abs\": 450.0}"
  },
  "baseline_metrics": {
    "trade_count": 655,
    "daily_count": 652,
    "net_profit_0_1": 491.04000000000013,
    "avg_trade_0_1": 0.7496793893129773,
    "median_trade_0_1": -13.97,
    "std_trade_0_1": 21.480268772367285,
    "avg_loss_0_1": -14.9079012345679,
    "p05_trade_0_1": -18.52,
    "p01_trade_0_1": -19.2,
    "profit_factor_0_1": 1.081328982890836,
    "historical_max_dd_0_1": -420.52000000000015,
    "mc_dd_p95_0_1": -667.9979999999999,
    "avg_day_0_1": 0.7531288343558283,
    "std_day_0_1": 21.51539526742026,
    "worst_day_0_1": -19.35,
    "p05_day_0_1": -18.52
  },
  "optional_layer_metrics": {
    "robustness_score": 0.6000000000000001,
    "portfolio_fit_score": 0.7142192451279488,
    "diversification_score": 0.92825613705338,
    "correlation_penalty": 0.0507573822124981,
    "regime_dependency_score": 0.4909890515380504
  },
  "limits": {
    "stress_limit_abs": 1912.5,
    "expected_dd_limit_abs": 1020.0,
    "worst_day_limit_abs": 650.0,
    "day_p05_limit_abs": 450.0
  },
  "lot_grid_table": [
    {
      "lot_size": 0.1,
      "expected_dd_abs": -420.52000000000015,
      "stress_dd_abs": -667.9979999999999,
      "worst_day_abs": -19.35,
      "daily_p05_abs": -18.52,
      "pass_expected_dd": true,
      "pass_stress_dd": true,
      "pass_worst_day": true,
      "pass_day_p05": true,
      "pass_all": true
    },
    {
      "lot_size": 0.2,
      "expected_dd_abs": -841.0400000000003,
      "stress_dd_abs": -1335.9959999999999,
      "worst_day_abs": -38.7,
      "daily_p05_abs": -37.04,
      "pass_expected_dd": true,
      "pass_stress_dd": true,
      "pass_worst_day": true,
      "pass_day_p05": true,
      "pass_all": true
    },
    {
      "lot_size": 0.3,
      "expected_dd_abs": -1261.5600000000002,
      "stress_dd_abs": -2003.9939999999995,
      "worst_day_abs": -58.05,
      "daily_p05_abs": -55.55999999999999,
      "pass_expected_dd": false,
      "pass_stress_dd": false,
      "pass_worst_day": true,
      "pass_day_p05": true,
      "pass_all": false
    },
    {
      "lot_size": 0.4,
      "expected_dd_abs": -1682.0800000000006,
      "stress_dd_abs": -2671.9919999999997,
      "worst_day_abs": -77.4,
      "daily_p05_abs": -74.08,
      "pass_expected_dd": false,
      "pass_stress_dd": false,
      "pass_worst_day": true,
      "pass_day_p05": true,
      "pass_all": false
    },
    {
      "lot_size": 0.5,
      "expected_dd_abs": -2102.600000000001,
      "stress_dd_abs": -3339.99,
      "worst_day_abs": -96.75,
      "daily_p05_abs": -92.6,
      "pass_expected_dd": false,
      "pass_stress_dd": false,
      "pass_worst_day": true,
      "pass_day_p05": true,
      "pass_all": false
    },
    {
      "lot_size": 0.6,
      "expected_dd_abs": -2523.1200000000003,
      "stress_dd_abs": -4007.987999999999,
      "worst_day_abs": -116.1,
      "daily_p05_abs": -111.11999999999998,
      "pass_expected_dd": false,
      "pass_stress_dd": false,
      "pass_worst_day": true,
      "pass_day_p05": true,
      "pass_all": false
    },
    {
      "lot_size": 0.7,
      "expected_dd_abs": -2943.640000000001,
      "stress_dd_abs": -4675.985999999999,
      "worst_day_abs": -135.45,
      "daily_p05_abs": -129.64,
      "pass_expected_dd": false,
      "pass_stress_dd": false,
      "pass_worst_day": true,
      "pass_day_p05": true,
      "pass_all": false
    },
    {
      "lot_size": 0.8,
      "expected_dd_abs": -3364.160000000001,
      "stress_dd_abs": -5343.9839999999995,
      "worst_day_abs": -154.8,
      "daily_p05_abs": -148.16,
      "pass_expected_dd": false,
      "pass_stress_dd": false,
      "pass_worst_day": true,
      "pass_day_p05": true,
      "pass_all": false
    },
    {
      "lot_size": 0.9,
      "expected_dd_abs": -3784.680000000001,
      "stress_dd_abs": -6011.981999999999,
      "worst_day_abs": -174.15,
      "daily_p05_abs": -166.68,
      "pass_expected_dd": false,
      "pass_stress_dd": false,
      "pass_worst_day": true,
      "pass_day_p05": true,
      "pass_all": false
    },
    {
      "lot_size": 1.0,
      "expected_dd_abs": -4205.200000000002,
      "stress_dd_abs": -6679.98,
      "worst_day_abs": -193.5,
      "daily_p05_abs": -185.2,
      "pass_expected_dd": false,
      "pass_stress_dd": false,
      "pass_worst_day": true,
      "pass_day_p05": true,
      "pass_all": false
    },
    {
      "lot_size": 1.1,
      "expected_dd_abs": -4625.720000000002,
      "stress_dd_abs": -7347.977999999999,
      "worst_day_abs": -212.85000000000002,
      "daily_p05_abs": -203.72,
      "pass_expected_dd": false,
      "pass_stress_dd": false,
      "pass_worst_day": true,
      "pass_day_p05": true,
      "pass_all": false
    },
    {
      "lot_size": 1.2,
      "expected_dd_abs": -5046.240000000001,
      "stress_dd_abs": -8015.975999999998,
      "worst_day_abs": -232.2,
      "daily_p05_abs": -222.23999999999995,
      "pass_expected_dd": false,
      "pass_stress_dd": false,
      "pass_worst_day": true,
      "pass_day_p05": true,
      "pass_all": false
    },
    {
      "lot_size": 1.3,
      "expected_dd_abs": -5466.760000000002,
      "stress_dd_abs": -8683.973999999998,
      "worst_day_abs": -251.55,
      "daily_p05_abs": -240.76,
      "pass_expected_dd": false,
      "pass_stress_dd": false,
      "pass_worst_day": true,
      "pass_day_p05": true,
      "pass_all": false
    },
    {
      "lot_size": 1.4,
      "expected_dd_abs": -5887.280000000002,
      "stress_dd_abs": -9351.971999999998,
      "worst_day_abs": -270.9,
      "daily_p05_abs": -259.28,
      "pass_expected_dd": false,
      "pass_stress_dd": false,
      "pass_worst_day": true,
      "pass_day_p05": true,
      "pass_all": false
    },
    {
      "lot_size": 1.5,
      "expected_dd_abs": -6307.800000000002,
      "stress_dd_abs": -10019.97,
      "worst_day_abs": -290.25,
      "daily_p05_abs": -277.8,
      "pass_expected_dd": false,
      "pass_stress_dd": false,
      "pass_worst_day": true,
      "pass_day_p05": true,
      "pass_all": false
    },
    {
      "lot_size": 1.6,
      "expected_dd_abs": -6728.320000000002,
      "stress_dd_abs": -10687.967999999999,
      "worst_day_abs": -309.6,
      "daily_p05_abs": -296.32,
      "pass_expected_dd": false,
      "pass_stress_dd": false,
      "pass_worst_day": true,
      "pass_day_p05": true,
      "pass_all": false
    },
    {
      "lot_size": 1.7,
      "expected_dd_abs": -7148.840000000003,
      "stress_dd_abs": -11355.965999999999,
      "worst_day_abs": -328.95000000000005,