{
  "strategy_id": "AUDJPY_3_3.19_BUY_M15",
  "summary": {
    "strategy_id": "AUDJPY_3_3.19_BUY_M15",
    "side_mix": "BUY",
    "symbol_count": 1,
    "trade_count": 621,
    "baseline_lot": 0.1,
    "avg_trade_0_1": 3.443768115942029,
    "avg_loss_0_1": -24.580419847328244,
    "p05_trade_0_1": -50.45,
    "p01_trade_0_1": -55.844,
    "worst_day_0_1": -64.86,
    "p05_day_0_1": -50.45,
    "expected_dd_0_1": -394.7700000000009,
    "stress_dd_0_1": -636.9345000000001,
    "robustness_score": 0.8,
    "portfolio_fit_score": 0.7106924591881074,
    "diversification_score": 0.9209190583243824,
    "regime_dependency_score": 0.49203900348768753,
    "correlation_penalty": 0.0489542932918791,
    "allowed_expected_dd_limit_abs": 1200.0,
    "allowed_stress_dd_limit_abs": 2250.0,
    "allowed_worst_day_limit_abs": 650.0,
    "allowed_day_p05_limit_abs": 450.0,
    "recommended_lot_size": 0.2,
    "max_safe_lot_size": 0.3,
    "expected_dd_at_recommended_lot": -789.5400000000018,
    "stress_dd_at_recommended_lot": -1273.8690000000001,
    "max_loss_per_day_recommendation": -100.9,
    "recommended_risk_budget": "VERY_LOW",
    "sizing_constraints": "{\"baseline_lot\": 0.1, \"recommended_lot_size\": 0.2, \"max_safe_lot_size\": 0.3, \"lot_step\": 0.1, \"max_supported_lot\": 5.0, \"max_expected_dd_abs\": 1200.0, \"max_stress_dd_abs\": 2250.0, \"max_worst_day_abs\": 650.0, \"max_daily_p05_abs\": 450.0}"
  },
  "baseline_metrics": {
    "trade_count": 621,
    "daily_count": 621,
    "net_profit_0_1": 2138.58,
    "avg_trade_0_1": 3.443768115942029,
    "median_trade_0_1": 3.71,
    "std_trade_0_1": 30.2731548113178,
    "avg_loss_0_1": -24.580419847328244,
    "p05_trade_0_1": -50.45,
    "p01_trade_0_1": -55.844,
    "profit_factor_0_1": 1.332074030251224,
    "historical_max_dd_0_1": -394.7700000000009,
    "mc_dd_p95_0_1": -636.9345000000001,
    "avg_day_0_1": 3.443768115942029,
    "std_day_0_1": 30.2731548113178,
    "worst_day_0_1": -64.86,
    "p05_day_0_1": -50.45
  },
  "optional_layer_metrics": {
    "robustness_score": 0.8,
    "portfolio_fit_score": 0.7106924591881074,
    "diversification_score": 0.9209190583243824,
    "correlation_penalty": 0.0489542932918791,
    "regime_dependency_score": 0.49203900348768753
  },
  "limits": {
    "stress_limit_abs": 2250.0,
    "expected_dd_limit_abs": 1200.0,
    "worst_day_limit_abs": 650.0,
    "day_p05_limit_abs": 450.0
  },
  "lot_grid_table": [
    {
      "lot_size": 0.1,
      "expected_dd_abs": -394.7700000000009,
      "stress_dd_abs": -636.9345000000001,
      "worst_day_abs": -64.86,
      "daily_p05_abs": -50.45,
      "pass_expected_dd": true,
      "pass_stress_dd": true,
      "pass_worst_day": true,
      "pass_day_p05": true,
      "pass_all": true
    },
    {
      "lot_size": 0.2,
      "expected_dd_abs": -789.5400000000018,
      "stress_dd_abs": -1273.8690000000001,
      "worst_day_abs": -129.72,
      "daily_p05_abs": -100.9,
      "pass_expected_dd": true,
      "pass_stress_dd": true,
      "pass_worst_day": true,
      "pass_day_p05": true,
      "pass_all": true
    },
    {
      "lot_size": 0.3,
      "expected_dd_abs": -1184.3100000000024,
      "stress_dd_abs": -1910.8035,
      "worst_day_abs": -194.57999999999996,
      "daily_p05_abs": -151.35,
      "pass_expected_dd": true,
      "pass_stress_dd": true,
      "pass_worst_day": true,
      "pass_day_p05": true,
      "pass_all": true
    },
    {
      "lot_size": 0.4,
      "expected_dd_abs": -1579.0800000000036,
      "stress_dd_abs": -2547.7380000000003,
      "worst_day_abs": -259.44,
      "daily_p05_abs": -201.8,
      "pass_expected_dd": false,
      "pass_stress_dd": false,
      "pass_worst_day": true,
      "pass_day_p05": true,
      "pass_all": false
    },
    {
      "lot_size": 0.5,
      "expected_dd_abs": -1973.8500000000045,
      "stress_dd_abs": -3184.6725000000006,
      "worst_day_abs": -324.3,
      "daily_p05_abs": -252.25,
      "pass_expected_dd": false,
      "pass_stress_dd": false,
      "pass_worst_day": true,
      "pass_day_p05": true,
      "pass_all": false
    },
    {
      "lot_size": 0.6,
      "expected_dd_abs": -2368.620000000005,
      "stress_dd_abs": -3821.607,
      "worst_day_abs": -389.1599999999999,
      "daily_p05_abs": -302.7,
      "pass_expected_dd": false,
      "pass_stress_dd": false,
      "pass_worst_day": true,
      "pass_day_p05": true,
      "pass_all": false
    },
    {
      "lot_size": 0.7,
      "expected_dd_abs": -2763.390000000006,
      "stress_dd_abs": -4458.5415,
      "worst_day_abs": -454.0199999999999,
      "daily_p05_abs": -353.15,
      "pass_expected_dd": false,
      "pass_stress_dd": false,
      "pass_worst_day": true,
      "pass_day_p05": true,
      "pass_all": false
    },
    {
      "lot_size": 0.8,
      "expected_dd_abs": -3158.160000000007,
      "stress_dd_abs": -5095.476000000001,
      "worst_day_abs": -518.88,
      "daily_p05_abs": -403.6,
      "pass_expected_dd": false,
      "pass_stress_dd": false,
      "pass_worst_day": true,
      "pass_day_p05": true,
      "pass_all": false
    },
    {
      "lot_size": 0.9,
      "expected_dd_abs": -3552.930000000008,
      "stress_dd_abs": -5732.410500000001,
      "worst_day_abs": -583.74,
      "daily_p05_abs": -454.05,
      "pass_expected_dd": false,
      "pass_stress_dd": false,
      "pass_worst_day": true,
      "pass_day_p05": false,
      "pass_all": false
    },
    {
      "lot_size": 1.0,
      "expected_dd_abs": -3947.700000000009,
      "stress_dd_abs": -6369.345000000001,
      "worst_day_abs": -648.6,
      "daily_p05_abs": -504.5,
      "pass_expected_dd": false,
      "pass_stress_dd": false,
      "pass_worst_day": true,
      "pass_day_p05": false,
      "pass_all": false
    },
    {
      "lot_size": 1.1,
      "expected_dd_abs": -4342.47000000001,
      "stress_dd_abs": -7006.279500000001,
      "worst_day_abs": -713.46,
      "daily_p05_abs": -554.95,
      "pass_expected_dd": false,
      "pass_stress_dd": false,
      "pass_worst_day": false,
      "pass_day_p05": false,
      "pass_all": false
    },
    {
      "lot_size": 1.2,
      "expected_dd_abs": -4737.24000000001,
      "stress_dd_abs": -7643.214,
      "worst_day_abs": -778.3199999999998,
      "daily_p05_abs": -605.4,
      "pass_expected_dd": false,
      "pass_stress_dd": false,
      "pass_worst_day": false,
      "pass_day_p05": false,
      "pass_all": false
    },
    {
      "lot_size": 1.3,
      "expected_dd_abs": -5132.010000000011,
      "stress_dd_abs": -8280.148500000001,
      "worst_day_abs": -843.18,
      "daily_p05_abs": -655.85,
      "pass_expected_dd": false,
      "pass_stress_dd": false,
      "pass_worst_day": false,
      "pass_day_p05": false,
      "pass_all": false
    },
    {
      "lot_size": 1.4,
      "expected_dd_abs": -5526.780000000012,
      "stress_dd_abs": -8917.083,
      "worst_day_abs": -908.0399999999998,
      "daily_p05_abs": -706.3,
      "pass_expected_dd": false,
      "pass_stress_dd": false,
      "pass_worst_day": false,
      "pass_day_p05": false,
      "pass_all": false
    },
    {
      "lot_size": 1.5,
      "expected_dd_abs": -5921.550000000014,
      "stress_dd_abs": -9554.017500000002,
      "worst_day_abs": -972.9,
      "daily_p05_abs": -756.75,
      "pass_expected_dd": false,
      "pass_stress_dd": false,
      "pass_worst_day": false,
      "pass_day_p05": false,
      "pass_all": false
    },
    {
      "lot_size": 1.6,
      "expected_dd_abs": -6316.320000000014,
      "stress_dd_abs": -10190.952000000001,
      "worst_day_abs": -1037.76,
      "daily_p05_abs": -807.2,
      "pass_expected_dd": false,
      "pass_stress_dd": false,
      "pass_worst_day": false,
      "pass_day_p05": false,
      "pass_all": false
    },
    {
      "lot_size": 1.7,
      "expected_dd_abs": -6711.090000000015,
      "stress_dd_abs": -10827.8865,
      "worst_day_abs": -1102.62,
      "daily_p05_abs": -857.6500000000001,