{
  "strategy_id": "AUDJPY_2_5.20.109_BUY_M15",
  "summary": {
    "strategy_id": "AUDJPY_2_5.20.109_BUY_M15",
    "side_mix": null,
    "symbol_count": 1,
    "trade_count": 664,
    "baseline_lot": 0.1,
    "avg_trade_0_1": 2.674789156626506,
    "avg_loss_0_1": -26.295236486486484,
    "p05_trade_0_1": -45.73,
    "p01_trade_0_1": -65.14399999999999,
    "worst_day_0_1": -96.74,
    "p05_day_0_1": -45.73,
    "expected_dd_0_1": -661.3599999999998,
    "stress_dd_0_1": -783.567999999999,
    "robustness_score": 1.0,
    "portfolio_fit_score": 0.7166291218439946,
    "diversification_score": 0.9327898904854718,
    "regime_dependency_score": 0.5208051659777775,
    "correlation_penalty": 0.0309793726799387,
    "allowed_expected_dd_limit_abs": 1200.0,
    "allowed_stress_dd_limit_abs": 2250.0,
    "allowed_worst_day_limit_abs": 650.0,
    "allowed_day_p05_limit_abs": 450.0,
    "recommended_lot_size": 0.1,
    "max_safe_lot_size": 0.1,
    "expected_dd_at_recommended_lot": -661.3599999999998,
    "stress_dd_at_recommended_lot": -783.567999999999,
    "max_loss_per_day_recommendation": -45.73,
    "recommended_risk_budget": "VERY_LOW",
    "sizing_constraints": "{\"baseline_lot\": 0.1, \"recommended_lot_size\": 0.1, \"max_safe_lot_size\": 0.1, \"lot_step\": 0.1, \"max_supported_lot\": 5.0, \"max_expected_dd_abs\": 1200.0, \"max_stress_dd_abs\": 2250.0, \"max_worst_day_abs\": 650.0, \"max_daily_p05_abs\": 450.0}"
  },
  "baseline_metrics": {
    "trade_count": 664,
    "daily_count": 663,
    "net_profit_0_1": 1776.0600000000002,
    "avg_trade_0_1": 2.674789156626506,
    "median_trade_0_1": 3.615,
    "std_trade_0_1": 32.1386392569569,
    "avg_loss_0_1": -26.295236486486484,
    "p05_trade_0_1": -45.73,
    "p01_trade_0_1": -65.14399999999999,
    "profit_factor_0_1": 1.2281859189890265,
    "historical_max_dd_0_1": -661.3599999999998,
    "mc_dd_p95_0_1": -783.567999999999,
    "avg_day_0_1": 2.6788235294117646,
    "std_day_0_1": 32.14845488486059,
    "worst_day_0_1": -96.74,
    "p05_day_0_1": -45.73
  },
  "optional_layer_metrics": {
    "robustness_score": 1.0,
    "portfolio_fit_score": 0.7166291218439946,
    "diversification_score": 0.9327898904854718,
    "correlation_penalty": 0.0309793726799387,
    "regime_dependency_score": 0.5208051659777775
  },
  "limits": {
    "stress_limit_abs": 2250.0,
    "expected_dd_limit_abs": 1200.0,
    "worst_day_limit_abs": 650.0,
    "day_p05_limit_abs": 450.0
  },
  "lot_grid_table": [
    {
      "lot_size": 0.1,
      "expected_dd_abs": -661.3599999999998,
      "stress_dd_abs": -783.567999999999,
      "worst_day_abs": -96.74,
      "daily_p05_abs": -45.73,
      "pass_expected_dd": true,
      "pass_stress_dd": true,
      "pass_worst_day": true,
      "pass_day_p05": true,
      "pass_all": true
    },
    {
      "lot_size": 0.2,
      "expected_dd_abs": -1322.7199999999996,
      "stress_dd_abs": -1567.135999999998,
      "worst_day_abs": -193.48,
      "daily_p05_abs": -91.46,
      "pass_expected_dd": false,
      "pass_stress_dd": true,
      "pass_worst_day": true,
      "pass_day_p05": true,
      "pass_all": false
    },
    {
      "lot_size": 0.3,
      "expected_dd_abs": -1984.079999999999,
      "stress_dd_abs": -2350.7039999999965,
      "worst_day_abs": -290.2199999999999,
      "daily_p05_abs": -137.18999999999997,
      "pass_expected_dd": false,
      "pass_stress_dd": false,
      "pass_worst_day": true,
      "pass_day_p05": true,
      "pass_all": false
    },
    {
      "lot_size": 0.4,
      "expected_dd_abs": -2645.439999999999,
      "stress_dd_abs": -3134.271999999996,
      "worst_day_abs": -386.96,
      "daily_p05_abs": -182.92,
      "pass_expected_dd": false,
      "pass_stress_dd": false,
      "pass_worst_day": true,
      "pass_day_p05": true,
      "pass_all": false
    },
    {
      "lot_size": 0.5,
      "expected_dd_abs": -3306.799999999999,
      "stress_dd_abs": -3917.8399999999947,
      "worst_day_abs": -483.7,
      "daily_p05_abs": -228.64999999999998,
      "pass_expected_dd": false,
      "pass_stress_dd": false,
      "pass_worst_day": true,
      "pass_day_p05": true,
      "pass_all": false
    },
    {
      "lot_size": 0.6,
      "expected_dd_abs": -3968.159999999998,
      "stress_dd_abs": -4701.407999999993,
      "worst_day_abs": -580.4399999999998,
      "daily_p05_abs": -274.37999999999994,
      "pass_expected_dd": false,
      "pass_stress_dd": false,
      "pass_worst_day": true,
      "pass_day_p05": true,
      "pass_all": false
    },
    {
      "lot_size": 0.7,
      "expected_dd_abs": -4629.519999999998,
      "stress_dd_abs": -5484.975999999992,
      "worst_day_abs": -677.1799999999998,
      "daily_p05_abs": -320.10999999999996,
      "pass_expected_dd": false,
      "pass_stress_dd": false,
      "pass_worst_day": false,
      "pass_day_p05": true,
      "pass_all": false
    },
    {
      "lot_size": 0.8,
      "expected_dd_abs": -5290.879999999998,
      "stress_dd_abs": -6268.543999999992,
      "worst_day_abs": -773.92,
      "daily_p05_abs": -365.84,
      "pass_expected_dd": false,
      "pass_stress_dd": false,
      "pass_worst_day": false,
      "pass_day_p05": true,
      "pass_all": false
    },
    {
      "lot_size": 0.9,
      "expected_dd_abs": -5952.239999999998,
      "stress_dd_abs": -7052.111999999991,
      "worst_day_abs": -870.66,
      "daily_p05_abs": -411.57,
      "pass_expected_dd": false,
      "pass_stress_dd": false,
      "pass_worst_day": false,
      "pass_day_p05": true,
      "pass_all": false
    },
    {
      "lot_size": 1.0,
      "expected_dd_abs": -6613.599999999998,
      "stress_dd_abs": -7835.679999999989,
      "worst_day_abs": -967.4,
      "daily_p05_abs": -457.29999999999995,
      "pass_expected_dd": false,
      "pass_stress_dd": false,
      "pass_worst_day": false,
      "pass_day_p05": false,
      "pass_all": false
    },
    {
      "lot_size": 1.1,
      "expected_dd_abs": -7274.959999999997,
      "stress_dd_abs": -8619.247999999989,
      "worst_day_abs": -1064.1399999999999,
      "daily_p05_abs": -503.03,
      "pass_expected_dd": false,
      "pass_stress_dd": false,
      "pass_worst_day": false,
      "pass_day_p05": false,
      "pass_all": false
    },
    {
      "lot_size": 1.2,
      "expected_dd_abs": -7936.319999999996,
      "stress_dd_abs": -9402.815999999986,
      "worst_day_abs": -1160.8799999999997,
      "daily_p05_abs": -548.7599999999999,
      "pass_expected_dd": false,
      "pass_stress_dd": false,
      "pass_worst_day": false,
      "pass_day_p05": false,
      "pass_all": false
    },
    {
      "lot_size": 1.3,
      "expected_dd_abs": -8597.679999999997,
      "stress_dd_abs": -10186.383999999987,
      "worst_day_abs": -1257.62,
      "daily_p05_abs": -594.49,
      "pass_expected_dd": false,
      "pass_stress_dd": false,
      "pass_worst_day": false,
      "pass_day_p05": false,
      "pass_all": false
    },
    {
      "lot_size": 1.4,
      "expected_dd_abs": -9259.039999999995,
      "stress_dd_abs": -10969.951999999985,
      "worst_day_abs": -1354.3599999999997,
      "daily_p05_abs": -640.2199999999999,
      "pass_expected_dd": false,
      "pass_stress_dd": false,
      "pass_worst_day": false,
      "pass_day_p05": false,
      "pass_all": false
    },
    {
      "lot_size": 1.5,
      "expected_dd_abs": -9920.399999999996,
      "stress_dd_abs": -11753.519999999984,
      "worst_day_abs": -1451.1,
      "daily_p05_abs": -685.9499999999999,
      "pass_expected_dd": false,
      "pass_stress_dd": false,
      "pass_worst_day": false,
      "pass_day_p05": false,
      "pass_all": false
    },
    {
      "lot_size": 1.6,
      "expected_dd_abs": -10581.759999999997,
      "stress_dd_abs": -12537.087999999983,
      "worst_day_abs": -1547.84,
      "daily_p05_abs": -731.68,
      "pass_expected_dd": false,
      "pass_stress_dd": false,
      "pass_worst_day": false,
      "pass_day_p05": false,