{
  "strategy_id": "AUDJPY_56_1.14.109_BUY_M15",
  "summary": {
    "strategy_id": "AUDJPY_56_1.14.109_BUY_M15",
    "side_mix": null,
    "symbol_count": 1,
    "trade_count": 684,
    "baseline_lot": 0.1,
    "avg_trade_0_1": 2.9852777777777777,
    "avg_loss_0_1": -26.406228956228954,
    "p05_trade_0_1": -49.6155,
    "p01_trade_0_1": -59.9751,
    "worst_day_0_1": -110.6,
    "p05_day_0_1": -49.652499999999996,
    "expected_dd_0_1": -409.73,
    "stress_dd_0_1": -735.3414999999983,
    "robustness_score": 1.0,
    "portfolio_fit_score": 0.7135325416124048,
    "diversification_score": 0.9270850450907848,
    "regime_dependency_score": 0.6039584931273437,
    "correlation_penalty": 0.0614640895980072,
    "allowed_expected_dd_limit_abs": 1020.0,
    "allowed_stress_dd_limit_abs": 2000.0,
    "allowed_worst_day_limit_abs": 650.0,
    "allowed_day_p05_limit_abs": 450.0,
    "recommended_lot_size": 0.1,
    "max_safe_lot_size": 0.2,
    "expected_dd_at_recommended_lot": -409.73,
    "stress_dd_at_recommended_lot": -735.3414999999983,
    "max_loss_per_day_recommendation": -49.652499999999996,
    "recommended_risk_budget": "VERY_LOW",
    "sizing_constraints": "{\"baseline_lot\": 0.1, \"recommended_lot_size\": 0.1, \"max_safe_lot_size\": 0.2, \"lot_step\": 0.1, \"max_supported_lot\": 5.0, \"max_expected_dd_abs\": 1020.0, \"max_stress_dd_abs\": 2000.0, \"max_worst_day_abs\": 650.0, \"max_daily_p05_abs\": 450.0}"
  },
  "baseline_metrics": {
    "trade_count": 684,
    "daily_count": 680,
    "net_profit_0_1": 2041.93,
    "avg_trade_0_1": 2.9852777777777777,
    "median_trade_0_1": 4.9350000000000005,
    "std_trade_0_1": 31.388038737146363,
    "avg_loss_0_1": -26.406228956228954,
    "p05_trade_0_1": -49.6155,
    "p01_trade_0_1": -59.9751,
    "profit_factor_0_1": 1.2603622500047817,
    "historical_max_dd_0_1": -409.73,
    "mc_dd_p95_0_1": -735.3414999999983,
    "avg_day_0_1": 3.0028382352941176,
    "std_day_0_1": 31.44423501210709,
    "worst_day_0_1": -110.6,
    "p05_day_0_1": -49.652499999999996
  },
  "optional_layer_metrics": {
    "robustness_score": 1.0,
    "portfolio_fit_score": 0.7135325416124048,
    "diversification_score": 0.9270850450907848,
    "correlation_penalty": 0.0614640895980072,
    "regime_dependency_score": 0.6039584931273437
  },
  "limits": {
    "stress_limit_abs": 2000.0,
    "expected_dd_limit_abs": 1020.0,
    "worst_day_limit_abs": 650.0,
    "day_p05_limit_abs": 450.0
  },
  "lot_grid_table": [
    {
      "lot_size": 0.1,
      "expected_dd_abs": -409.73,
      "stress_dd_abs": -735.3414999999983,
      "worst_day_abs": -110.6,
      "daily_p05_abs": -49.652499999999996,
      "pass_expected_dd": true,
      "pass_stress_dd": true,
      "pass_worst_day": true,
      "pass_day_p05": true,
      "pass_all": true
    },
    {
      "lot_size": 0.2,
      "expected_dd_abs": -819.46,
      "stress_dd_abs": -1470.6829999999966,
      "worst_day_abs": -221.2,
      "daily_p05_abs": -99.30499999999999,
      "pass_expected_dd": true,
      "pass_stress_dd": true,
      "pass_worst_day": true,
      "pass_day_p05": true,
      "pass_all": true
    },
    {
      "lot_size": 0.3,
      "expected_dd_abs": -1229.1899999999998,
      "stress_dd_abs": -2206.0244999999945,
      "worst_day_abs": -331.79999999999995,
      "daily_p05_abs": -148.95749999999995,
      "pass_expected_dd": false,
      "pass_stress_dd": false,
      "pass_worst_day": true,
      "pass_day_p05": true,
      "pass_all": false
    },
    {
      "lot_size": 0.4,
      "expected_dd_abs": -1638.92,
      "stress_dd_abs": -2941.365999999993,
      "worst_day_abs": -442.4,
      "daily_p05_abs": -198.60999999999999,
      "pass_expected_dd": false,
      "pass_stress_dd": false,
      "pass_worst_day": true,
      "pass_day_p05": true,
      "pass_all": false
    },
    {
      "lot_size": 0.5,
      "expected_dd_abs": -2048.65,
      "stress_dd_abs": -3676.7074999999913,
      "worst_day_abs": -553.0,
      "daily_p05_abs": -248.2625,
      "pass_expected_dd": false,
      "pass_stress_dd": false,
      "pass_worst_day": true,
      "pass_day_p05": true,
      "pass_all": false
    },
    {
      "lot_size": 0.6,
      "expected_dd_abs": -2458.3799999999997,
      "stress_dd_abs": -4412.048999999989,
      "worst_day_abs": -663.5999999999999,
      "daily_p05_abs": -297.9149999999999,
      "pass_expected_dd": false,
      "pass_stress_dd": false,
      "pass_worst_day": false,
      "pass_day_p05": true,
      "pass_all": false
    },
    {
      "lot_size": 0.7,
      "expected_dd_abs": -2868.1099999999997,
      "stress_dd_abs": -5147.390499999988,
      "worst_day_abs": -774.1999999999998,
      "daily_p05_abs": -347.56749999999994,
      "pass_expected_dd": false,
      "pass_stress_dd": false,
      "pass_worst_day": false,
      "pass_day_p05": true,
      "pass_all": false
    },
    {
      "lot_size": 0.8,
      "expected_dd_abs": -3277.84,
      "stress_dd_abs": -5882.731999999986,
      "worst_day_abs": -884.8,
      "daily_p05_abs": -397.21999999999997,
      "pass_expected_dd": false,
      "pass_stress_dd": false,
      "pass_worst_day": false,
      "pass_day_p05": true,
      "pass_all": false
    },
    {
      "lot_size": 0.9,
      "expected_dd_abs": -3687.57,
      "stress_dd_abs": -6618.073499999985,
      "worst_day_abs": -995.4,
      "daily_p05_abs": -446.87249999999995,
      "pass_expected_dd": false,
      "pass_stress_dd": false,
      "pass_worst_day": false,
      "pass_day_p05": true,
      "pass_all": false
    },
    {
      "lot_size": 1.0,
      "expected_dd_abs": -4097.3,
      "stress_dd_abs": -7353.414999999983,
      "worst_day_abs": -1106.0,
      "daily_p05_abs": -496.525,
      "pass_expected_dd": false,
      "pass_stress_dd": false,
      "pass_worst_day": false,
      "pass_day_p05": false,
      "pass_all": false
    },
    {
      "lot_size": 1.1,
      "expected_dd_abs": -4507.030000000001,
      "stress_dd_abs": -8088.756499999981,
      "worst_day_abs": -1216.6,
      "daily_p05_abs": -546.1775,
      "pass_expected_dd": false,
      "pass_stress_dd": false,
      "pass_worst_day": false,
      "pass_day_p05": false,
      "pass_all": false
    },
    {
      "lot_size": 1.2,
      "expected_dd_abs": -4916.759999999999,
      "stress_dd_abs": -8824.097999999978,
      "worst_day_abs": -1327.1999999999998,
      "daily_p05_abs": -595.8299999999998,
      "pass_expected_dd": false,
      "pass_stress_dd": false,
      "pass_worst_day": false,
      "pass_day_p05": false,
      "pass_all": false
    },
    {
      "lot_size": 1.3,
      "expected_dd_abs": -5326.49,
      "stress_dd_abs": -9559.439499999979,
      "worst_day_abs": -1437.8,
      "daily_p05_abs": -645.4825,
      "pass_expected_dd": false,
      "pass_stress_dd": false,
      "pass_worst_day": false,
      "pass_day_p05": false,
      "pass_all": false
    },
    {
      "lot_size": 1.4,
      "expected_dd_abs": -5736.219999999999,
      "stress_dd_abs": -10294.780999999975,
      "worst_day_abs": -1548.3999999999996,
      "daily_p05_abs": -695.1349999999999,
      "pass_expected_dd": false,
      "pass_stress_dd": false,
      "pass_worst_day": false,
      "pass_day_p05": false,
      "pass_all": false
    },
    {
      "lot_size": 1.5,
      "expected_dd_abs": -6145.950000000001,
      "stress_dd_abs": -11030.122499999974,
      "worst_day_abs": -1659.0,
      "daily_p05_abs": -744.7874999999999,
      "pass_expected_dd": false,
      "pass_stress_dd": false,
      "pass_worst_day": false,
      "pass_day_p05": false,
      "pass_all": false
    },
    {
      "lot_size": 1.6,
      "expected_dd_abs": -6555.68,
      "stress_dd_abs": -11765.463999999973,
      "worst_day_abs": -1769.6,
      "daily_p05_abs": -794.4399999999999,
      "pass_expected_dd": false,
      "pass_stress_dd": false,
      "pass_worst_day": false,
      "pass_day_p05": false,
      "pass_all": false
    },
    {
      "lot_size": 1.7,