{
  "strategy_id": "AUDJPY_46_3.50.181_BUY_M15",
  "summary": {
    "strategy_id": "AUDJPY_46_3.50.181_BUY_M15",
    "side_mix": null,
    "symbol_count": 1,
    "trade_count": 572,
    "baseline_lot": 0.1,
    "avg_trade_0_1": 1.9428846153846153,
    "avg_loss_0_1": -21.833187250996016,
    "p05_trade_0_1": -28.4525,
    "p01_trade_0_1": -32.7629,
    "worst_day_0_1": -33.08,
    "p05_day_0_1": -28.455,
    "expected_dd_0_1": -318.41000000000014,
    "stress_dd_0_1": -540.4559999999998,
    "robustness_score": 1.0,
    "portfolio_fit_score": 0.7147751359984116,
    "diversification_score": 0.9296003160545796,
    "regime_dependency_score": 0.5341445537113079,
    "correlation_penalty": 0.0183694154302234,
    "allowed_expected_dd_limit_abs": 1200.0,
    "allowed_stress_dd_limit_abs": 2250.0,
    "allowed_worst_day_limit_abs": 650.0,
    "allowed_day_p05_limit_abs": 450.0,
    "recommended_lot_size": 0.2,
    "max_safe_lot_size": 0.3,
    "expected_dd_at_recommended_lot": -636.8200000000003,
    "stress_dd_at_recommended_lot": -1080.9119999999996,
    "max_loss_per_day_recommendation": -56.91,
    "recommended_risk_budget": "VERY_LOW",
    "sizing_constraints": "{\"baseline_lot\": 0.1, \"recommended_lot_size\": 0.2, \"max_safe_lot_size\": 0.3, \"lot_step\": 0.1, \"max_supported_lot\": 5.0, \"max_expected_dd_abs\": 1200.0, \"max_stress_dd_abs\": 2250.0, \"max_worst_day_abs\": 650.0, \"max_daily_p05_abs\": 450.0}"
  },
  "baseline_metrics": {
    "trade_count": 572,
    "daily_count": 571,
    "net_profit_0_1": 1111.33,
    "avg_trade_0_1": 1.9428846153846153,
    "median_trade_0_1": 6.905,
    "std_trade_0_1": 23.323870086941994,
    "avg_loss_0_1": -21.833187250996016,
    "p05_trade_0_1": -28.4525,
    "p01_trade_0_1": -32.7629,
    "profit_factor_0_1": 1.2027926344812987,
    "historical_max_dd_0_1": -318.41000000000014,
    "mc_dd_p95_0_1": -540.4559999999998,
    "avg_day_0_1": 1.9462872154115585,
    "std_day_0_1": 23.343229926126956,
    "worst_day_0_1": -33.08,
    "p05_day_0_1": -28.455
  },
  "optional_layer_metrics": {
    "robustness_score": 1.0,
    "portfolio_fit_score": 0.7147751359984116,
    "diversification_score": 0.9296003160545796,
    "correlation_penalty": 0.0183694154302234,
    "regime_dependency_score": 0.5341445537113079
  },
  "limits": {
    "stress_limit_abs": 2250.0,
    "expected_dd_limit_abs": 1200.0,
    "worst_day_limit_abs": 650.0,
    "day_p05_limit_abs": 450.0
  },
  "lot_grid_table": [
    {
      "lot_size": 0.1,
      "expected_dd_abs": -318.41000000000014,
      "stress_dd_abs": -540.4559999999998,
      "worst_day_abs": -33.08,
      "daily_p05_abs": -28.455,
      "pass_expected_dd": true,
      "pass_stress_dd": true,
      "pass_worst_day": true,
      "pass_day_p05": true,
      "pass_all": true
    },
    {
      "lot_size": 0.2,
      "expected_dd_abs": -636.8200000000003,
      "stress_dd_abs": -1080.9119999999996,
      "worst_day_abs": -66.16,
      "daily_p05_abs": -56.91,
      "pass_expected_dd": true,
      "pass_stress_dd": true,
      "pass_worst_day": true,
      "pass_day_p05": true,
      "pass_all": true
    },
    {
      "lot_size": 0.3,
      "expected_dd_abs": -955.2300000000002,
      "stress_dd_abs": -1621.367999999999,
      "worst_day_abs": -99.23999999999998,
      "daily_p05_abs": -85.36499999999998,
      "pass_expected_dd": true,
      "pass_stress_dd": true,
      "pass_worst_day": true,
      "pass_day_p05": true,
      "pass_all": true
    },
    {
      "lot_size": 0.4,
      "expected_dd_abs": -1273.6400000000006,
      "stress_dd_abs": -2161.823999999999,
      "worst_day_abs": -132.32,
      "daily_p05_abs": -113.82,
      "pass_expected_dd": false,
      "pass_stress_dd": true,
      "pass_worst_day": true,
      "pass_day_p05": true,
      "pass_all": false
    },
    {
      "lot_size": 0.5,
      "expected_dd_abs": -1592.0500000000006,
      "stress_dd_abs": -2702.279999999999,
      "worst_day_abs": -165.39999999999998,
      "daily_p05_abs": -142.27499999999998,
      "pass_expected_dd": false,
      "pass_stress_dd": false,
      "pass_worst_day": true,
      "pass_day_p05": true,
      "pass_all": false
    },
    {
      "lot_size": 0.6,
      "expected_dd_abs": -1910.4600000000005,
      "stress_dd_abs": -3242.735999999998,
      "worst_day_abs": -198.47999999999996,
      "daily_p05_abs": -170.72999999999996,
      "pass_expected_dd": false,
      "pass_stress_dd": false,
      "pass_worst_day": true,
      "pass_day_p05": true,
      "pass_all": false
    },
    {
      "lot_size": 0.7,
      "expected_dd_abs": -2228.870000000001,
      "stress_dd_abs": -3783.191999999998,
      "worst_day_abs": -231.55999999999995,
      "daily_p05_abs": -199.18499999999997,
      "pass_expected_dd": false,
      "pass_stress_dd": false,
      "pass_worst_day": true,
      "pass_day_p05": true,
      "pass_all": false
    },
    {
      "lot_size": 0.8,
      "expected_dd_abs": -2547.280000000001,
      "stress_dd_abs": -4323.647999999998,
      "worst_day_abs": -264.64,
      "daily_p05_abs": -227.64,
      "pass_expected_dd": false,
      "pass_stress_dd": false,
      "pass_worst_day": true,
      "pass_day_p05": true,
      "pass_all": false
    },
    {
      "lot_size": 0.9,
      "expected_dd_abs": -2865.6900000000014,
      "stress_dd_abs": -4864.103999999998,
      "worst_day_abs": -297.71999999999997,
      "daily_p05_abs": -256.09499999999997,
      "pass_expected_dd": false,
      "pass_stress_dd": false,
      "pass_worst_day": true,
      "pass_day_p05": true,
      "pass_all": false
    },
    {
      "lot_size": 1.0,
      "expected_dd_abs": -3184.1000000000013,
      "stress_dd_abs": -5404.559999999998,
      "worst_day_abs": -330.79999999999995,
      "daily_p05_abs": -284.54999999999995,
      "pass_expected_dd": false,
      "pass_stress_dd": false,
      "pass_worst_day": true,
      "pass_day_p05": true,
      "pass_all": false
    },
    {
      "lot_size": 1.1,
      "expected_dd_abs": -3502.5100000000016,
      "stress_dd_abs": -5945.015999999998,
      "worst_day_abs": -363.88,
      "daily_p05_abs": -313.005,
      "pass_expected_dd": false,
      "pass_stress_dd": false,
      "pass_worst_day": true,
      "pass_day_p05": true,
      "pass_all": false
    },
    {
      "lot_size": 1.2,
      "expected_dd_abs": -3820.920000000001,
      "stress_dd_abs": -6485.471999999996,
      "worst_day_abs": -396.9599999999999,
      "daily_p05_abs": -341.4599999999999,
      "pass_expected_dd": false,
      "pass_stress_dd": false,
      "pass_worst_day": true,
      "pass_day_p05": true,
      "pass_all": false
    },
    {
      "lot_size": 1.3,
      "expected_dd_abs": -4139.330000000002,
      "stress_dd_abs": -7025.927999999997,
      "worst_day_abs": -430.03999999999996,
      "daily_p05_abs": -369.91499999999996,
      "pass_expected_dd": false,
      "pass_stress_dd": false,
      "pass_worst_day": true,
      "pass_day_p05": true,
      "pass_all": false
    },
    {
      "lot_size": 1.4,
      "expected_dd_abs": -4457.740000000002,
      "stress_dd_abs": -7566.383999999996,
      "worst_day_abs": -463.1199999999999,
      "daily_p05_abs": -398.36999999999995,
      "pass_expected_dd": false,
      "pass_stress_dd": false,
      "pass_worst_day": true,
      "pass_day_p05": true,
      "pass_all": false
    },
    {
      "lot_size": 1.5,
      "expected_dd_abs": -4776.150000000002,
      "stress_dd_abs": -8106.8399999999965,
      "worst_day_abs": -496.2,
      "daily_p05_abs": -426.825,
      "pass_expected_dd": false,
      "pass_stress_dd": false,
      "pass_worst_day": true,
      "pass_day_p05": true,
      "pass_all": false
    },
    {
      "lot_size": 1.6,
      "expected_dd_abs": -5094.560000000002,
      "stress_dd_abs": -8647.295999999997,
      "worst_day_abs": -529.28,
      "daily_p05_abs": -455.28,
      "pass_expected_dd": false,
      "pass_stress_dd": false,
      "pass_worst_day": true,
      "pass_day_p05": false,