{
  "strategy_id": "AUDUSD_6_5.9.126_SELL_M15",
  "summary": {
    "strategy_id": "AUDUSD_6_5.9.126_SELL_M15",
    "side_mix": null,
    "symbol_count": 1,
    "trade_count": 752,
    "baseline_lot": 0.1,
    "avg_trade_0_1": 1.8888829787234038,
    "avg_loss_0_1": -19.6453807106599,
    "p05_trade_0_1": -36.769999999999996,
    "p01_trade_0_1": -65.79599999999999,
    "worst_day_0_1": -90.0,
    "p05_day_0_1": -37.05,
    "expected_dd_0_1": -466.4000000000003,
    "stress_dd_0_1": -708.4349999999997,
    "robustness_score": 0.8,
    "portfolio_fit_score": 0.70984435283503,
    "diversification_score": 0.9197064894538436,
    "regime_dependency_score": 0.4813430643887293,
    "correlation_penalty": 0.0697866084649206,
    "allowed_expected_dd_limit_abs": 1200.0,
    "allowed_stress_dd_limit_abs": 2250.0,
    "allowed_worst_day_limit_abs": 650.0,
    "allowed_day_p05_limit_abs": 450.0,
    "recommended_lot_size": 0.1,
    "max_safe_lot_size": 0.2,
    "expected_dd_at_recommended_lot": -466.4000000000003,
    "stress_dd_at_recommended_lot": -708.4349999999997,
    "max_loss_per_day_recommendation": -37.05,
    "recommended_risk_budget": "VERY_LOW",
    "sizing_constraints": "{\"baseline_lot\": 0.1, \"recommended_lot_size\": 0.1, \"max_safe_lot_size\": 0.2, \"lot_step\": 0.1, \"max_supported_lot\": 5.0, \"max_expected_dd_abs\": 1200.0, \"max_stress_dd_abs\": 2250.0, \"max_worst_day_abs\": 650.0, \"max_daily_p05_abs\": 450.0}"
  },
  "baseline_metrics": {
    "trade_count": 752,
    "daily_count": 751,
    "net_profit_0_1": 1420.4399999999996,
    "avg_trade_0_1": 1.8888829787234038,
    "median_trade_0_1": -2.1500000000000004,
    "std_trade_0_1": 26.470613806418456,
    "avg_loss_0_1": -19.6453807106599,
    "p05_trade_0_1": -36.769999999999996,
    "p01_trade_0_1": -65.79599999999999,
    "profit_factor_0_1": 1.1835127411411475,
    "historical_max_dd_0_1": -466.4000000000003,
    "mc_dd_p95_0_1": -708.4349999999997,
    "avg_day_0_1": 1.8913981358189083,
    "std_day_0_1": 26.489083719700016,
    "worst_day_0_1": -90.0,
    "p05_day_0_1": -37.05
  },
  "optional_layer_metrics": {
    "robustness_score": 0.8,
    "portfolio_fit_score": 0.70984435283503,
    "diversification_score": 0.9197064894538436,
    "correlation_penalty": 0.0697866084649206,
    "regime_dependency_score": 0.4813430643887293
  },
  "limits": {
    "stress_limit_abs": 2250.0,
    "expected_dd_limit_abs": 1200.0,
    "worst_day_limit_abs": 650.0,
    "day_p05_limit_abs": 450.0
  },
  "lot_grid_table": [
    {
      "lot_size": 0.1,
      "expected_dd_abs": -466.4000000000003,
      "stress_dd_abs": -708.4349999999997,
      "worst_day_abs": -90.0,
      "daily_p05_abs": -37.05,
      "pass_expected_dd": true,
      "pass_stress_dd": true,
      "pass_worst_day": true,
      "pass_day_p05": true,
      "pass_all": true
    },
    {
      "lot_size": 0.2,
      "expected_dd_abs": -932.8000000000006,
      "stress_dd_abs": -1416.8699999999994,
      "worst_day_abs": -180.0,
      "daily_p05_abs": -74.1,
      "pass_expected_dd": true,
      "pass_stress_dd": true,
      "pass_worst_day": true,
      "pass_day_p05": true,
      "pass_all": true
    },
    {
      "lot_size": 0.3,
      "expected_dd_abs": -1399.2000000000007,
      "stress_dd_abs": -2125.304999999999,
      "worst_day_abs": -269.99999999999994,
      "daily_p05_abs": -111.14999999999998,
      "pass_expected_dd": false,
      "pass_stress_dd": true,
      "pass_worst_day": true,
      "pass_day_p05": true,
      "pass_all": false
    },
    {
      "lot_size": 0.4,
      "expected_dd_abs": -1865.6000000000013,
      "stress_dd_abs": -2833.739999999999,
      "worst_day_abs": -360.0,
      "daily_p05_abs": -148.2,
      "pass_expected_dd": false,
      "pass_stress_dd": false,
      "pass_worst_day": true,
      "pass_day_p05": true,
      "pass_all": false
    },
    {
      "lot_size": 0.5,
      "expected_dd_abs": -2332.000000000002,
      "stress_dd_abs": -3542.1749999999984,
      "worst_day_abs": -450.0,
      "daily_p05_abs": -185.25,
      "pass_expected_dd": false,
      "pass_stress_dd": false,
      "pass_worst_day": true,
      "pass_day_p05": true,
      "pass_all": false
    },
    {
      "lot_size": 0.6,
      "expected_dd_abs": -2798.4000000000015,
      "stress_dd_abs": -4250.609999999998,
      "worst_day_abs": -539.9999999999999,
      "daily_p05_abs": -222.29999999999995,
      "pass_expected_dd": false,
      "pass_stress_dd": false,
      "pass_worst_day": true,
      "pass_day_p05": true,
      "pass_all": false
    },
    {
      "lot_size": 0.7,
      "expected_dd_abs": -3264.800000000002,
      "stress_dd_abs": -4959.044999999997,
      "worst_day_abs": -629.9999999999999,
      "daily_p05_abs": -259.34999999999997,
      "pass_expected_dd": false,
      "pass_stress_dd": false,
      "pass_worst_day": true,
      "pass_day_p05": true,
      "pass_all": false
    },
    {
      "lot_size": 0.8,
      "expected_dd_abs": -3731.2000000000025,
      "stress_dd_abs": -5667.479999999998,
      "worst_day_abs": -720.0,
      "daily_p05_abs": -296.4,
      "pass_expected_dd": false,
      "pass_stress_dd": false,
      "pass_worst_day": false,
      "pass_day_p05": true,
      "pass_all": false
    },
    {
      "lot_size": 0.9,
      "expected_dd_abs": -4197.600000000003,
      "stress_dd_abs": -6375.914999999997,
      "worst_day_abs": -810.0,
      "daily_p05_abs": -333.45,
      "pass_expected_dd": false,
      "pass_stress_dd": false,
      "pass_worst_day": false,
      "pass_day_p05": true,
      "pass_all": false
    },
    {
      "lot_size": 1.0,
      "expected_dd_abs": -4664.000000000004,
      "stress_dd_abs": -7084.349999999997,
      "worst_day_abs": -900.0,
      "daily_p05_abs": -370.5,
      "pass_expected_dd": false,
      "pass_stress_dd": false,
      "pass_worst_day": false,
      "pass_day_p05": true,
      "pass_all": false
    },
    {
      "lot_size": 1.1,
      "expected_dd_abs": -5130.400000000003,
      "stress_dd_abs": -7792.784999999997,
      "worst_day_abs": -990.0,
      "daily_p05_abs": -407.54999999999995,
      "pass_expected_dd": false,
      "pass_stress_dd": false,
      "pass_worst_day": false,
      "pass_day_p05": true,
      "pass_all": false
    },
    {
      "lot_size": 1.2,
      "expected_dd_abs": -5596.800000000003,
      "stress_dd_abs": -8501.219999999996,
      "worst_day_abs": -1079.9999999999998,
      "daily_p05_abs": -444.5999999999999,
      "pass_expected_dd": false,
      "pass_stress_dd": false,
      "pass_worst_day": false,
      "pass_day_p05": true,
      "pass_all": false
    },
    {
      "lot_size": 1.3,
      "expected_dd_abs": -6063.200000000004,
      "stress_dd_abs": -9209.654999999997,
      "worst_day_abs": -1170.0,
      "daily_p05_abs": -481.65,
      "pass_expected_dd": false,
      "pass_stress_dd": false,
      "pass_worst_day": false,
      "pass_day_p05": false,
      "pass_all": false
    },
    {
      "lot_size": 1.4,
      "expected_dd_abs": -6529.600000000004,
      "stress_dd_abs": -9918.089999999995,
      "worst_day_abs": -1259.9999999999998,
      "daily_p05_abs": -518.6999999999999,
      "pass_expected_dd": false,
      "pass_stress_dd": false,
      "pass_worst_day": false,
      "pass_day_p05": false,
      "pass_all": false
    },
    {
      "lot_size": 1.5,
      "expected_dd_abs": -6996.000000000005,
      "stress_dd_abs": -10626.524999999996,
      "worst_day_abs": -1350.0,
      "daily_p05_abs": -555.75,
      "pass_expected_dd": false,
      "pass_stress_dd": false,
      "pass_worst_day": false,
      "pass_day_p05": false,
      "pass_all": false
    },
    {
      "lot_size": 1.6,
      "expected_dd_abs": -7462.400000000005,
      "stress_dd_abs": -11334.959999999995,
      "worst_day_abs": -1440.0,
      "daily_p05_abs": -592.8,
      "pass_expected_dd": false,
      "pass_stress_dd": false,
      "pass_worst_day": false,
      "pass_day_p05": false,