{
  "strategy_id": "AUDUSD_60_1.31.145_SELL_M15",
  "summary": {
    "strategy_id": "AUDUSD_60_1.31.145_SELL_M15",
    "side_mix": null,
    "symbol_count": 1,
    "trade_count": 556,
    "baseline_lot": 0.1,
    "avg_trade_0_1": 1.5498201438848922,
    "avg_loss_0_1": -24.22760683760684,
    "p05_trade_0_1": -40.125,
    "p01_trade_0_1": -52.199999999999996,
    "worst_day_0_1": -87.5,
    "p05_day_0_1": -40.15,
    "expected_dd_0_1": -317.5999999999998,
    "stress_dd_0_1": -627.6900000000003,
    "robustness_score": 0.6000000000000001,
    "portfolio_fit_score": 0.7064836732528716,
    "diversification_score": 0.9130571850840477,
    "regime_dependency_score": 0.4247085386647842,
    "correlation_penalty": 0.0551236063537971,
    "allowed_expected_dd_limit_abs": 1020.0,
    "allowed_stress_dd_limit_abs": 2125.0,
    "allowed_worst_day_limit_abs": 650.0,
    "allowed_day_p05_limit_abs": 450.0,
    "recommended_lot_size": 0.2,
    "max_safe_lot_size": 0.3,
    "expected_dd_at_recommended_lot": -635.1999999999996,
    "stress_dd_at_recommended_lot": -1255.3800000000006,
    "max_loss_per_day_recommendation": -80.3,
    "recommended_risk_budget": "VERY_LOW",
    "sizing_constraints": "{\"baseline_lot\": 0.1, \"recommended_lot_size\": 0.2, \"max_safe_lot_size\": 0.3, \"lot_step\": 0.1, \"max_supported_lot\": 5.0, \"max_expected_dd_abs\": 1020.0, \"max_stress_dd_abs\": 2125.0, \"max_worst_day_abs\": 650.0, \"max_daily_p05_abs\": 450.0}"
  },
  "baseline_metrics": {
    "trade_count": 556,
    "daily_count": 555,
    "net_profit_0_1": 861.7,
    "avg_trade_0_1": 1.5498201438848922,
    "median_trade_0_1": 11.95,
    "std_trade_0_1": 24.96378688868036,
    "avg_loss_0_1": -24.22760683760684,
    "p05_trade_0_1": -40.125,
    "p01_trade_0_1": -52.199999999999996,
    "profit_factor_0_1": 1.1519951457509445,
    "historical_max_dd_0_1": -317.5999999999998,
    "mc_dd_p95_0_1": -627.6900000000003,
    "avg_day_0_1": 1.5526126126126127,
    "std_day_0_1": 25.090484615730066,
    "worst_day_0_1": -87.5,
    "p05_day_0_1": -40.15
  },
  "optional_layer_metrics": {
    "robustness_score": 0.6000000000000001,
    "portfolio_fit_score": 0.7064836732528716,
    "diversification_score": 0.9130571850840477,
    "correlation_penalty": 0.0551236063537971,
    "regime_dependency_score": 0.4247085386647842
  },
  "limits": {
    "stress_limit_abs": 2125.0,
    "expected_dd_limit_abs": 1020.0,
    "worst_day_limit_abs": 650.0,
    "day_p05_limit_abs": 450.0
  },
  "lot_grid_table": [
    {
      "lot_size": 0.1,
      "expected_dd_abs": -317.5999999999998,
      "stress_dd_abs": -627.6900000000003,
      "worst_day_abs": -87.5,
      "daily_p05_abs": -40.15,
      "pass_expected_dd": true,
      "pass_stress_dd": true,
      "pass_worst_day": true,
      "pass_day_p05": true,
      "pass_all": true
    },
    {
      "lot_size": 0.2,
      "expected_dd_abs": -635.1999999999996,
      "stress_dd_abs": -1255.3800000000006,
      "worst_day_abs": -175.0,
      "daily_p05_abs": -80.3,
      "pass_expected_dd": true,
      "pass_stress_dd": true,
      "pass_worst_day": true,
      "pass_day_p05": true,
      "pass_all": true
    },
    {
      "lot_size": 0.3,
      "expected_dd_abs": -952.7999999999993,
      "stress_dd_abs": -1883.0700000000006,
      "worst_day_abs": -262.49999999999994,
      "daily_p05_abs": -120.44999999999997,
      "pass_expected_dd": true,
      "pass_stress_dd": true,
      "pass_worst_day": true,
      "pass_day_p05": true,
      "pass_all": true
    },
    {
      "lot_size": 0.4,
      "expected_dd_abs": -1270.3999999999992,
      "stress_dd_abs": -2510.760000000001,
      "worst_day_abs": -350.0,
      "daily_p05_abs": -160.6,
      "pass_expected_dd": false,
      "pass_stress_dd": false,
      "pass_worst_day": true,
      "pass_day_p05": true,
      "pass_all": false
    },
    {
      "lot_size": 0.5,
      "expected_dd_abs": -1587.999999999999,
      "stress_dd_abs": -3138.4500000000016,
      "worst_day_abs": -437.5,
      "daily_p05_abs": -200.75,
      "pass_expected_dd": false,
      "pass_stress_dd": false,
      "pass_worst_day": true,
      "pass_day_p05": true,
      "pass_all": false
    },
    {
      "lot_size": 0.6,
      "expected_dd_abs": -1905.5999999999985,
      "stress_dd_abs": -3766.1400000000012,
      "worst_day_abs": -524.9999999999999,
      "daily_p05_abs": -240.89999999999995,
      "pass_expected_dd": false,
      "pass_stress_dd": false,
      "pass_worst_day": true,
      "pass_day_p05": true,
      "pass_all": false
    },
    {
      "lot_size": 0.7,
      "expected_dd_abs": -2223.1999999999985,
      "stress_dd_abs": -4393.830000000002,
      "worst_day_abs": -612.4999999999999,
      "daily_p05_abs": -281.04999999999995,
      "pass_expected_dd": false,
      "pass_stress_dd": false,
      "pass_worst_day": true,
      "pass_day_p05": true,
      "pass_all": false
    },
    {
      "lot_size": 0.8,
      "expected_dd_abs": -2540.7999999999984,
      "stress_dd_abs": -5021.520000000002,
      "worst_day_abs": -700.0,
      "daily_p05_abs": -321.2,
      "pass_expected_dd": false,
      "pass_stress_dd": false,
      "pass_worst_day": false,
      "pass_day_p05": true,
      "pass_all": false
    },
    {
      "lot_size": 0.9,
      "expected_dd_abs": -2858.3999999999983,
      "stress_dd_abs": -5649.210000000003,
      "worst_day_abs": -787.5,
      "daily_p05_abs": -361.34999999999997,
      "pass_expected_dd": false,
      "pass_stress_dd": false,
      "pass_worst_day": false,
      "pass_day_p05": true,
      "pass_all": false
    },
    {
      "lot_size": 1.0,
      "expected_dd_abs": -3175.999999999998,
      "stress_dd_abs": -6276.900000000003,
      "worst_day_abs": -875.0,
      "daily_p05_abs": -401.5,
      "pass_expected_dd": false,
      "pass_stress_dd": false,
      "pass_worst_day": false,
      "pass_day_p05": true,
      "pass_all": false
    },
    {
      "lot_size": 1.1,
      "expected_dd_abs": -3493.5999999999976,
      "stress_dd_abs": -6904.590000000003,
      "worst_day_abs": -962.5,
      "daily_p05_abs": -441.65,
      "pass_expected_dd": false,
      "pass_stress_dd": false,
      "pass_worst_day": false,
      "pass_day_p05": true,
      "pass_all": false
    },
    {
      "lot_size": 1.2,
      "expected_dd_abs": -3811.199999999997,
      "stress_dd_abs": -7532.2800000000025,
      "worst_day_abs": -1049.9999999999998,
      "daily_p05_abs": -481.7999999999999,
      "pass_expected_dd": false,
      "pass_stress_dd": false,
      "pass_worst_day": false,
      "pass_day_p05": false,
      "pass_all": false
    },
    {
      "lot_size": 1.3,
      "expected_dd_abs": -4128.799999999997,
      "stress_dd_abs": -8159.970000000004,
      "worst_day_abs": -1137.5,
      "daily_p05_abs": -521.9499999999999,
      "pass_expected_dd": false,
      "pass_stress_dd": false,
      "pass_worst_day": false,
      "pass_day_p05": false,
      "pass_all": false
    },
    {
      "lot_size": 1.4,
      "expected_dd_abs": -4446.399999999997,
      "stress_dd_abs": -8787.660000000003,
      "worst_day_abs": -1224.9999999999998,
      "daily_p05_abs": -562.0999999999999,
      "pass_expected_dd": false,
      "pass_stress_dd": false,
      "pass_worst_day": false,
      "pass_day_p05": false,
      "pass_all": false
    },
    {
      "lot_size": 1.5,
      "expected_dd_abs": -4763.999999999997,
      "stress_dd_abs": -9415.350000000004,
      "worst_day_abs": -1312.5,
      "daily_p05_abs": -602.25,
      "pass_expected_dd": false,
      "pass_stress_dd": false,
      "pass_worst_day": false,
      "pass_day_p05": false,
      "pass_all": false
    },
    {
      "lot_size": 1.6,
      "expected_dd_abs": -5081.599999999997,
      "stress_dd_abs": -10043.040000000005,
      "worst_day_abs": -1400.0,
      "daily_p05_abs": -642.4,
      "pass_expected_dd": false,
      "pass_stress_dd": false,
      "pass_worst_day": false,
      "pass_day_p05": false,