{
  "strategy_id": "AUDUSD_48_5.8.189_SELL_M15",
  "summary": {
    "strategy_id": "AUDUSD_48_5.8.189_SELL_M15",
    "side_mix": null,
    "symbol_count": 1,
    "trade_count": 839,
    "baseline_lot": 0.1,
    "avg_trade_0_1": 1.8493921334922532,
    "avg_loss_0_1": -28.268391608391607,
    "p05_trade_0_1": -49.81999999999999,
    "p01_trade_0_1": -81.0,
    "worst_day_0_1": -89.17999999999999,
    "p05_day_0_1": -49.89,
    "expected_dd_0_1": -353.17999999999995,
    "stress_dd_0_1": -759.0599999999993,
    "robustness_score": 1.0,
    "portfolio_fit_score": 0.7078598885750539,
    "diversification_score": 0.91571941024896,
    "regime_dependency_score": 0.46118670919772575,
    "correlation_penalty": 0.0471870885121609,
    "allowed_expected_dd_limit_abs": 1200.0,
    "allowed_stress_dd_limit_abs": 2250.0,
    "allowed_worst_day_limit_abs": 650.0,
    "allowed_day_p05_limit_abs": 450.0,
    "recommended_lot_size": 0.1,
    "max_safe_lot_size": 0.2,
    "expected_dd_at_recommended_lot": -353.17999999999995,
    "stress_dd_at_recommended_lot": -759.0599999999993,
    "max_loss_per_day_recommendation": -49.89,
    "recommended_risk_budget": "VERY_LOW",
    "sizing_constraints": "{\"baseline_lot\": 0.1, \"recommended_lot_size\": 0.1, \"max_safe_lot_size\": 0.2, \"lot_step\": 0.1, \"max_supported_lot\": 5.0, \"max_expected_dd_abs\": 1200.0, \"max_stress_dd_abs\": 2250.0, \"max_worst_day_abs\": 650.0, \"max_daily_p05_abs\": 450.0}"
  },
  "baseline_metrics": {
    "trade_count": 839,
    "daily_count": 832,
    "net_profit_0_1": 1551.6400000000003,
    "avg_trade_0_1": 1.8493921334922532,
    "median_trade_0_1": 19.0,
    "std_trade_0_1": 25.68358422796038,
    "avg_loss_0_1": -28.268391608391607,
    "p05_trade_0_1": -49.81999999999999,
    "p01_trade_0_1": -81.0,
    "profit_factor_0_1": 1.1919215907460459,
    "historical_max_dd_0_1": -353.17999999999995,
    "mc_dd_p95_0_1": -759.0599999999993,
    "avg_day_0_1": 1.8649519230769231,
    "std_day_0_1": 25.789962478038323,
    "worst_day_0_1": -89.17999999999999,
    "p05_day_0_1": -49.89
  },
  "optional_layer_metrics": {
    "robustness_score": 1.0,
    "portfolio_fit_score": 0.7078598885750539,
    "diversification_score": 0.91571941024896,
    "correlation_penalty": 0.0471870885121609,
    "regime_dependency_score": 0.46118670919772575
  },
  "limits": {
    "stress_limit_abs": 2250.0,
    "expected_dd_limit_abs": 1200.0,
    "worst_day_limit_abs": 650.0,
    "day_p05_limit_abs": 450.0
  },
  "lot_grid_table": [
    {
      "lot_size": 0.1,
      "expected_dd_abs": -353.17999999999995,
      "stress_dd_abs": -759.0599999999993,
      "worst_day_abs": -89.17999999999999,
      "daily_p05_abs": -49.89,
      "pass_expected_dd": true,
      "pass_stress_dd": true,
      "pass_worst_day": true,
      "pass_day_p05": true,
      "pass_all": true
    },
    {
      "lot_size": 0.2,
      "expected_dd_abs": -706.3599999999999,
      "stress_dd_abs": -1518.1199999999985,
      "worst_day_abs": -178.35999999999999,
      "daily_p05_abs": -99.78,
      "pass_expected_dd": true,
      "pass_stress_dd": true,
      "pass_worst_day": true,
      "pass_day_p05": true,
      "pass_all": true
    },
    {
      "lot_size": 0.3,
      "expected_dd_abs": -1059.5399999999997,
      "stress_dd_abs": -2277.1799999999976,
      "worst_day_abs": -267.53999999999996,
      "daily_p05_abs": -149.67,
      "pass_expected_dd": true,
      "pass_stress_dd": false,
      "pass_worst_day": true,
      "pass_day_p05": true,
      "pass_all": false
    },
    {
      "lot_size": 0.4,
      "expected_dd_abs": -1412.7199999999998,
      "stress_dd_abs": -3036.239999999997,
      "worst_day_abs": -356.71999999999997,
      "daily_p05_abs": -199.56,
      "pass_expected_dd": false,
      "pass_stress_dd": false,
      "pass_worst_day": true,
      "pass_day_p05": true,
      "pass_all": false
    },
    {
      "lot_size": 0.5,
      "expected_dd_abs": -1765.8999999999996,
      "stress_dd_abs": -3795.2999999999965,
      "worst_day_abs": -445.9,
      "daily_p05_abs": -249.45,
      "pass_expected_dd": false,
      "pass_stress_dd": false,
      "pass_worst_day": true,
      "pass_day_p05": true,
      "pass_all": false
    },
    {
      "lot_size": 0.6,
      "expected_dd_abs": -2119.0799999999995,
      "stress_dd_abs": -4554.359999999995,
      "worst_day_abs": -535.0799999999999,
      "daily_p05_abs": -299.34,
      "pass_expected_dd": false,
      "pass_stress_dd": false,
      "pass_worst_day": true,
      "pass_day_p05": true,
      "pass_all": false
    },
    {
      "lot_size": 0.7,
      "expected_dd_abs": -2472.2599999999993,
      "stress_dd_abs": -5313.419999999995,
      "worst_day_abs": -624.2599999999999,
      "daily_p05_abs": -349.22999999999996,
      "pass_expected_dd": false,
      "pass_stress_dd": false,
      "pass_worst_day": true,
      "pass_day_p05": true,
      "pass_all": false
    },
    {
      "lot_size": 0.8,
      "expected_dd_abs": -2825.4399999999996,
      "stress_dd_abs": -6072.479999999994,
      "worst_day_abs": -713.4399999999999,
      "daily_p05_abs": -399.12,
      "pass_expected_dd": false,
      "pass_stress_dd": false,
      "pass_worst_day": false,
      "pass_day_p05": true,
      "pass_all": false
    },
    {
      "lot_size": 0.9,
      "expected_dd_abs": -3178.6199999999994,
      "stress_dd_abs": -6831.539999999994,
      "worst_day_abs": -802.6199999999999,
      "daily_p05_abs": -449.01,
      "pass_expected_dd": false,
      "pass_stress_dd": false,
      "pass_worst_day": false,
      "pass_day_p05": true,
      "pass_all": false
    },
    {
      "lot_size": 1.0,
      "expected_dd_abs": -3531.7999999999993,
      "stress_dd_abs": -7590.599999999993,
      "worst_day_abs": -891.8,
      "daily_p05_abs": -498.9,
      "pass_expected_dd": false,
      "pass_stress_dd": false,
      "pass_worst_day": false,
      "pass_day_p05": false,
      "pass_all": false
    },
    {
      "lot_size": 1.1,
      "expected_dd_abs": -3884.9799999999996,
      "stress_dd_abs": -8349.659999999993,
      "worst_day_abs": -980.9799999999999,
      "daily_p05_abs": -548.79,
      "pass_expected_dd": false,
      "pass_stress_dd": false,
      "pass_worst_day": false,
      "pass_day_p05": false,
      "pass_all": false
    },
    {
      "lot_size": 1.2,
      "expected_dd_abs": -4238.159999999999,
      "stress_dd_abs": -9108.71999999999,
      "worst_day_abs": -1070.1599999999999,
      "daily_p05_abs": -598.68,
      "pass_expected_dd": false,
      "pass_stress_dd": false,
      "pass_worst_day": false,
      "pass_day_p05": false,
      "pass_all": false
    },
    {
      "lot_size": 1.3,
      "expected_dd_abs": -4591.339999999999,
      "stress_dd_abs": -9867.77999999999,
      "worst_day_abs": -1159.34,
      "daily_p05_abs": -648.57,
      "pass_expected_dd": false,
      "pass_stress_dd": false,
      "pass_worst_day": false,
      "pass_day_p05": false,
      "pass_all": false
    },
    {
      "lot_size": 1.4,
      "expected_dd_abs": -4944.519999999999,
      "stress_dd_abs": -10626.83999999999,
      "worst_day_abs": -1248.5199999999998,
      "daily_p05_abs": -698.4599999999999,
      "pass_expected_dd": false,
      "pass_stress_dd": false,
      "pass_worst_day": false,
      "pass_day_p05": false,
      "pass_all": false
    },
    {
      "lot_size": 1.5,
      "expected_dd_abs": -5297.699999999999,
      "stress_dd_abs": -11385.899999999989,
      "worst_day_abs": -1337.6999999999998,
      "daily_p05_abs": -748.35,
      "pass_expected_dd": false,
      "pass_stress_dd": false,
      "pass_worst_day": false,
      "pass_day_p05": false,
      "pass_all": false
    },
    {
      "lot_size": 1.6,
      "expected_dd_abs": -5650.879999999999,
      "stress_dd_abs": -12144.959999999988,
      "worst_day_abs": -1426.8799999999999,
      "daily_p05_abs": -798.24,
      "pass_expected_dd": false,
      "pass_stress_dd": false,
      "pass_worst_day": false,