{
  "strategy_id": "AUDUSD_4_3.27.109_SELL_M15",
  "summary": {
    "strategy_id": "AUDUSD_4_3.27.109_SELL_M15",
    "side_mix": "SELL",
    "symbol_count": 1,
    "trade_count": 513,
    "baseline_lot": 0.1,
    "avg_trade_0_1": 2.4132163742690054,
    "avg_loss_0_1": -25.902211538461536,
    "p05_trade_0_1": -66.0,
    "p01_trade_0_1": -66.0,
    "worst_day_0_1": -66.0,
    "p05_day_0_1": -66.0,
    "expected_dd_0_1": -326.8000000000004,
    "stress_dd_0_1": -666.8099999999998,
    "robustness_score": 0.8,
    "portfolio_fit_score": 0.7030816833631505,
    "diversification_score": 0.9063437532498106,
    "regime_dependency_score": 0.4535839506969059,
    "correlation_penalty": 0.0724732777488998,
    "allowed_expected_dd_limit_abs": 1200.0,
    "allowed_stress_dd_limit_abs": 2250.0,
    "allowed_worst_day_limit_abs": 650.0,
    "allowed_day_p05_limit_abs": 450.0,
    "recommended_lot_size": 0.2,
    "max_safe_lot_size": 0.3,
    "expected_dd_at_recommended_lot": -653.6000000000008,
    "stress_dd_at_recommended_lot": -1333.6199999999997,
    "max_loss_per_day_recommendation": -132.0,
    "recommended_risk_budget": "VERY_LOW",
    "sizing_constraints": "{\"baseline_lot\": 0.1, \"recommended_lot_size\": 0.2, \"max_safe_lot_size\": 0.3, \"lot_step\": 0.1, \"max_supported_lot\": 5.0, \"max_expected_dd_abs\": 1200.0, \"max_stress_dd_abs\": 2250.0, \"max_worst_day_abs\": 650.0, \"max_daily_p05_abs\": 450.0}"
  },
  "baseline_metrics": {
    "trade_count": 513,
    "daily_count": 512,
    "net_profit_0_1": 1237.9799999999998,
    "avg_trade_0_1": 2.4132163742690054,
    "median_trade_0_1": 9.2,
    "std_trade_0_1": 28.727323189648978,
    "avg_loss_0_1": -25.902211538461536,
    "p05_trade_0_1": -66.0,
    "p01_trade_0_1": -66.0,
    "profit_factor_0_1": 1.229780646885661,
    "historical_max_dd_0_1": -326.8000000000004,
    "mc_dd_p95_0_1": -666.8099999999998,
    "avg_day_0_1": 2.4179296875000005,
    "std_day_0_1": 28.691465248273637,
    "worst_day_0_1": -66.0,
    "p05_day_0_1": -66.0
  },
  "optional_layer_metrics": {
    "robustness_score": 0.8,
    "portfolio_fit_score": 0.7030816833631505,
    "diversification_score": 0.9063437532498106,
    "correlation_penalty": 0.0724732777488998,
    "regime_dependency_score": 0.4535839506969059
  },
  "limits": {
    "stress_limit_abs": 2250.0,
    "expected_dd_limit_abs": 1200.0,
    "worst_day_limit_abs": 650.0,
    "day_p05_limit_abs": 450.0
  },
  "lot_grid_table": [
    {
      "lot_size": 0.1,
      "expected_dd_abs": -326.8000000000004,
      "stress_dd_abs": -666.8099999999998,
      "worst_day_abs": -66.0,
      "daily_p05_abs": -66.0,
      "pass_expected_dd": true,
      "pass_stress_dd": true,
      "pass_worst_day": true,
      "pass_day_p05": true,
      "pass_all": true
    },
    {
      "lot_size": 0.2,
      "expected_dd_abs": -653.6000000000008,
      "stress_dd_abs": -1333.6199999999997,
      "worst_day_abs": -132.0,
      "daily_p05_abs": -132.0,
      "pass_expected_dd": true,
      "pass_stress_dd": true,
      "pass_worst_day": true,
      "pass_day_p05": true,
      "pass_all": true
    },
    {
      "lot_size": 0.3,
      "expected_dd_abs": -980.4000000000011,
      "stress_dd_abs": -2000.4299999999992,
      "worst_day_abs": -197.99999999999997,
      "daily_p05_abs": -197.99999999999997,
      "pass_expected_dd": true,
      "pass_stress_dd": true,
      "pass_worst_day": true,
      "pass_day_p05": true,
      "pass_all": true
    },
    {
      "lot_size": 0.4,
      "expected_dd_abs": -1307.2000000000016,
      "stress_dd_abs": -2667.2399999999993,
      "worst_day_abs": -264.0,
      "daily_p05_abs": -264.0,
      "pass_expected_dd": false,
      "pass_stress_dd": false,
      "pass_worst_day": true,
      "pass_day_p05": true,
      "pass_all": false
    },
    {
      "lot_size": 0.5,
      "expected_dd_abs": -1634.000000000002,
      "stress_dd_abs": -3334.0499999999993,
      "worst_day_abs": -330.0,
      "daily_p05_abs": -330.0,
      "pass_expected_dd": false,
      "pass_stress_dd": false,
      "pass_worst_day": true,
      "pass_day_p05": true,
      "pass_all": false
    },
    {
      "lot_size": 0.6,
      "expected_dd_abs": -1960.8000000000022,
      "stress_dd_abs": -4000.8599999999983,
      "worst_day_abs": -395.99999999999994,
      "daily_p05_abs": -395.99999999999994,
      "pass_expected_dd": false,
      "pass_stress_dd": false,
      "pass_worst_day": true,
      "pass_day_p05": true,
      "pass_all": false
    },
    {
      "lot_size": 0.7,
      "expected_dd_abs": -2287.6000000000026,
      "stress_dd_abs": -4667.669999999998,
      "worst_day_abs": -461.99999999999994,
      "daily_p05_abs": -461.99999999999994,
      "pass_expected_dd": false,
      "pass_stress_dd": false,
      "pass_worst_day": true,
      "pass_day_p05": false,
      "pass_all": false
    },
    {
      "lot_size": 0.8,
      "expected_dd_abs": -2614.4000000000033,
      "stress_dd_abs": -5334.479999999999,
      "worst_day_abs": -528.0,
      "daily_p05_abs": -528.0,
      "pass_expected_dd": false,
      "pass_stress_dd": false,
      "pass_worst_day": true,
      "pass_day_p05": false,
      "pass_all": false
    },
    {
      "lot_size": 0.9,
      "expected_dd_abs": -2941.2000000000035,
      "stress_dd_abs": -6001.289999999998,
      "worst_day_abs": -594.0,
      "daily_p05_abs": -594.0,
      "pass_expected_dd": false,
      "pass_stress_dd": false,
      "pass_worst_day": true,
      "pass_day_p05": false,
      "pass_all": false
    },
    {
      "lot_size": 1.0,
      "expected_dd_abs": -3268.000000000004,
      "stress_dd_abs": -6668.0999999999985,
      "worst_day_abs": -660.0,
      "daily_p05_abs": -660.0,
      "pass_expected_dd": false,
      "pass_stress_dd": false,
      "pass_worst_day": false,
      "pass_day_p05": false,
      "pass_all": false
    },
    {
      "lot_size": 1.1,
      "expected_dd_abs": -3594.8000000000047,
      "stress_dd_abs": -7334.909999999998,
      "worst_day_abs": -726.0,
      "daily_p05_abs": -726.0,
      "pass_expected_dd": false,
      "pass_stress_dd": false,
      "pass_worst_day": false,
      "pass_day_p05": false,
      "pass_all": false
    },
    {
      "lot_size": 1.2,
      "expected_dd_abs": -3921.6000000000045,
      "stress_dd_abs": -8001.719999999997,
      "worst_day_abs": -791.9999999999999,
      "daily_p05_abs": -791.9999999999999,
      "pass_expected_dd": false,
      "pass_stress_dd": false,
      "pass_worst_day": false,
      "pass_day_p05": false,
      "pass_all": false
    },
    {
      "lot_size": 1.3,
      "expected_dd_abs": -4248.400000000005,
      "stress_dd_abs": -8668.529999999997,
      "worst_day_abs": -858.0,
      "daily_p05_abs": -858.0,
      "pass_expected_dd": false,
      "pass_stress_dd": false,
      "pass_worst_day": false,
      "pass_day_p05": false,
      "pass_all": false
    },
    {
      "lot_size": 1.4,
      "expected_dd_abs": -4575.200000000005,
      "stress_dd_abs": -9335.339999999997,
      "worst_day_abs": -923.9999999999999,
      "daily_p05_abs": -923.9999999999999,
      "pass_expected_dd": false,
      "pass_stress_dd": false,
      "pass_worst_day": false,
      "pass_day_p05": false,
      "pass_all": false
    },
    {
      "lot_size": 1.5,
      "expected_dd_abs": -4902.000000000006,
      "stress_dd_abs": -10002.149999999998,
      "worst_day_abs": -990.0,
      "daily_p05_abs": -990.0,
      "pass_expected_dd": false,
      "pass_stress_dd": false,
      "pass_worst_day": false,
      "pass_day_p05": false,
      "pass_all": false
    },
    {
      "lot_size": 1.6,
      "expected_dd_abs": -5228.800000000007,
      "stress_dd_abs": -10668.959999999997,
      "worst_day_abs": -1056.0,
      "daily_p05_abs": -1056.0,
      "pass_expected_dd": false,
      "pass_stress_dd": false,
      "pass_worst_day": false,
      "pass_day_p05": false,
      "pass_all": false
    },
    {
      "lot_size": 1.7,
      "expected_dd_abs": -5555.600000000007,