{
  "strategy_id": "AUDUSD_61_6.25.174_SELL_M15",
  "summary": {
    "strategy_id": "AUDUSD_61_6.25.174_SELL_M15",
    "side_mix": null,
    "symbol_count": 1,
    "trade_count": 562,
    "baseline_lot": 0.1,
    "avg_trade_0_1": 1.8443416370106762,
    "avg_loss_0_1": -23.025628742514964,
    "p05_trade_0_1": -41.39,
    "p01_trade_0_1": -64.663,
    "worst_day_0_1": -119.4,
    "p05_day_0_1": -41.2,
    "expected_dd_0_1": -232.4999999999999,
    "stress_dd_0_1": -478.9400000000001,
    "robustness_score": 1.0,
    "portfolio_fit_score": 0.7114059266977232,
    "diversification_score": 0.9227355275901892,
    "regime_dependency_score": 0.5009439731523736,
    "correlation_penalty": 0.0334515717103138,
    "allowed_expected_dd_limit_abs": 1200.0,
    "allowed_stress_dd_limit_abs": 2250.0,
    "allowed_worst_day_limit_abs": 650.0,
    "allowed_day_p05_limit_abs": 450.0,
    "recommended_lot_size": 0.3,
    "max_safe_lot_size": 0.4,
    "expected_dd_at_recommended_lot": -697.4999999999995,
    "stress_dd_at_recommended_lot": -1436.8200000000002,
    "max_loss_per_day_recommendation": -123.6,
    "recommended_risk_budget": "LOW",
    "sizing_constraints": "{\"baseline_lot\": 0.1, \"recommended_lot_size\": 0.3, \"max_safe_lot_size\": 0.4, \"lot_step\": 0.1, \"max_supported_lot\": 5.0, \"max_expected_dd_abs\": 1200.0, \"max_stress_dd_abs\": 2250.0, \"max_worst_day_abs\": 650.0, \"max_daily_p05_abs\": 450.0}"
  },
  "baseline_metrics": {
    "trade_count": 562,
    "daily_count": 561,
    "net_profit_0_1": 1036.52,
    "avg_trade_0_1": 1.8443416370106762,
    "median_trade_0_1": 9.8,
    "std_trade_0_1": 19.48485171504339,
    "avg_loss_0_1": -23.025628742514964,
    "p05_trade_0_1": -41.39,
    "p01_trade_0_1": -64.663,
    "profit_factor_0_1": 1.2695564432239006,
    "historical_max_dd_0_1": -232.4999999999999,
    "mc_dd_p95_0_1": -478.9400000000001,
    "avg_day_0_1": 1.8476292335115865,
    "std_day_0_1": 19.79555964581093,
    "worst_day_0_1": -119.4,
    "p05_day_0_1": -41.2
  },
  "optional_layer_metrics": {
    "robustness_score": 1.0,
    "portfolio_fit_score": 0.7114059266977232,
    "diversification_score": 0.9227355275901892,
    "correlation_penalty": 0.0334515717103138,
    "regime_dependency_score": 0.5009439731523736
  },
  "limits": {
    "stress_limit_abs": 2250.0,
    "expected_dd_limit_abs": 1200.0,
    "worst_day_limit_abs": 650.0,
    "day_p05_limit_abs": 450.0
  },
  "lot_grid_table": [
    {
      "lot_size": 0.1,
      "expected_dd_abs": -232.4999999999999,
      "stress_dd_abs": -478.9400000000001,
      "worst_day_abs": -119.4,
      "daily_p05_abs": -41.2,
      "pass_expected_dd": true,
      "pass_stress_dd": true,
      "pass_worst_day": true,
      "pass_day_p05": true,
      "pass_all": true
    },
    {
      "lot_size": 0.2,
      "expected_dd_abs": -464.9999999999998,
      "stress_dd_abs": -957.8800000000002,
      "worst_day_abs": -238.8,
      "daily_p05_abs": -82.4,
      "pass_expected_dd": true,
      "pass_stress_dd": true,
      "pass_worst_day": true,
      "pass_day_p05": true,
      "pass_all": true
    },
    {
      "lot_size": 0.3,
      "expected_dd_abs": -697.4999999999995,
      "stress_dd_abs": -1436.8200000000002,
      "worst_day_abs": -358.2,
      "daily_p05_abs": -123.6,
      "pass_expected_dd": true,
      "pass_stress_dd": true,
      "pass_worst_day": true,
      "pass_day_p05": true,
      "pass_all": true
    },
    {
      "lot_size": 0.4,
      "expected_dd_abs": -929.9999999999995,
      "stress_dd_abs": -1915.7600000000004,
      "worst_day_abs": -477.6,
      "daily_p05_abs": -164.8,
      "pass_expected_dd": true,
      "pass_stress_dd": true,
      "pass_worst_day": true,
      "pass_day_p05": true,
      "pass_all": true
    },
    {
      "lot_size": 0.5,
      "expected_dd_abs": -1162.4999999999995,
      "stress_dd_abs": -2394.7000000000007,
      "worst_day_abs": -597.0,
      "daily_p05_abs": -206.0,
      "pass_expected_dd": true,
      "pass_stress_dd": false,
      "pass_worst_day": true,
      "pass_day_p05": true,
      "pass_all": false
    },
    {
      "lot_size": 0.6,
      "expected_dd_abs": -1394.999999999999,
      "stress_dd_abs": -2873.6400000000003,
      "worst_day_abs": -716.4,
      "daily_p05_abs": -247.2,
      "pass_expected_dd": false,
      "pass_stress_dd": false,
      "pass_worst_day": false,
      "pass_day_p05": true,
      "pass_all": false
    },
    {
      "lot_size": 0.7,
      "expected_dd_abs": -1627.499999999999,
      "stress_dd_abs": -3352.5800000000004,
      "worst_day_abs": -835.8,
      "daily_p05_abs": -288.4,
      "pass_expected_dd": false,
      "pass_stress_dd": false,
      "pass_worst_day": false,
      "pass_day_p05": true,
      "pass_all": false
    },
    {
      "lot_size": 0.8,
      "expected_dd_abs": -1859.999999999999,
      "stress_dd_abs": -3831.520000000001,
      "worst_day_abs": -955.2,
      "daily_p05_abs": -329.6,
      "pass_expected_dd": false,
      "pass_stress_dd": false,
      "pass_worst_day": false,
      "pass_day_p05": true,
      "pass_all": false
    },
    {
      "lot_size": 0.9,
      "expected_dd_abs": -2092.499999999999,
      "stress_dd_abs": -4310.460000000001,
      "worst_day_abs": -1074.6000000000001,
      "daily_p05_abs": -370.8,
      "pass_expected_dd": false,
      "pass_stress_dd": false,
      "pass_worst_day": false,
      "pass_day_p05": true,
      "pass_all": false
    },
    {
      "lot_size": 1.0,
      "expected_dd_abs": -2324.999999999999,
      "stress_dd_abs": -4789.4000000000015,
      "worst_day_abs": -1194.0,
      "daily_p05_abs": -412.0,
      "pass_expected_dd": false,
      "pass_stress_dd": false,
      "pass_worst_day": false,
      "pass_day_p05": true,
      "pass_all": false
    },
    {
      "lot_size": 1.1,
      "expected_dd_abs": -2557.4999999999986,
      "stress_dd_abs": -5268.340000000001,
      "worst_day_abs": -1313.4,
      "daily_p05_abs": -453.20000000000005,
      "pass_expected_dd": false,
      "pass_stress_dd": false,
      "pass_worst_day": false,
      "pass_day_p05": false,
      "pass_all": false
    },
    {
      "lot_size": 1.2,
      "expected_dd_abs": -2789.999999999998,
      "stress_dd_abs": -5747.280000000001,
      "worst_day_abs": -1432.8,
      "daily_p05_abs": -494.4,
      "pass_expected_dd": false,
      "pass_stress_dd": false,
      "pass_worst_day": false,
      "pass_day_p05": false,
      "pass_all": false
    },
    {
      "lot_size": 1.3,
      "expected_dd_abs": -3022.4999999999986,
      "stress_dd_abs": -6226.220000000001,
      "worst_day_abs": -1552.2,
      "daily_p05_abs": -535.6,
      "pass_expected_dd": false,
      "pass_stress_dd": false,
      "pass_worst_day": false,
      "pass_day_p05": false,
      "pass_all": false
    },
    {
      "lot_size": 1.4,
      "expected_dd_abs": -3254.999999999998,
      "stress_dd_abs": -6705.160000000001,
      "worst_day_abs": -1671.6,
      "daily_p05_abs": -576.8,
      "pass_expected_dd": false,
      "pass_stress_dd": false,
      "pass_worst_day": false,
      "pass_day_p05": false,
      "pass_all": false
    },
    {
      "lot_size": 1.5,
      "expected_dd_abs": -3487.499999999998,
      "stress_dd_abs": -7184.100000000001,
      "worst_day_abs": -1791.0,
      "daily_p05_abs": -618.0,
      "pass_expected_dd": false,
      "pass_stress_dd": false,
      "pass_worst_day": false,
      "pass_day_p05": false,
      "pass_all": false
    },
    {
      "lot_size": 1.6,
      "expected_dd_abs": -3719.999999999998,
      "stress_dd_abs": -7663.040000000002,
      "worst_day_abs": -1910.4,
      "daily_p05_abs": -659.2,
      "pass_expected_dd": false,
      "pass_stress_dd": false,
      "pass_worst_day": false,
      "pass_day_p05": false,
      "pass_all": false
    },
    {
      "lot_size": 1.7,
      "expected_dd_abs": -3952.499999999998,
      "stress_dd_abs": -8141.980000000002,
      "worst_day_abs": -2029.8000000000002,