{
  "strategy_id": "AUDUSD_5_6.3.178_SELL_M15",
  "summary": {
    "strategy_id": "AUDUSD_5_6.3.178_SELL_M15",
    "side_mix": "SELL",
    "symbol_count": 1,
    "trade_count": 640,
    "baseline_lot": 0.1,
    "avg_trade_0_1": 0.904625,
    "avg_loss_0_1": -24.7185559566787,
    "p05_trade_0_1": -61.0,
    "p01_trade_0_1": -61.0,
    "worst_day_0_1": -61.0,
    "p05_day_0_1": -61.0,
    "expected_dd_0_1": -491.8999999999995,
    "stress_dd_0_1": -869.5299999999999,
    "robustness_score": 0.6000000000000001,
    "portfolio_fit_score": 0.7037503207541961,
    "diversification_score": 0.9077826718675184,
    "regime_dependency_score": 0.5758916800100135,
    "correlation_penalty": 0.074039762888589,
    "allowed_expected_dd_limit_abs": 1020.0,
    "allowed_stress_dd_limit_abs": 1912.5,
    "allowed_worst_day_limit_abs": 650.0,
    "allowed_day_p05_limit_abs": 450.0,
    "recommended_lot_size": 0.1,
    "max_safe_lot_size": 0.2,
    "expected_dd_at_recommended_lot": -491.8999999999995,
    "stress_dd_at_recommended_lot": -869.5299999999999,
    "max_loss_per_day_recommendation": -61.0,
    "recommended_risk_budget": "VERY_LOW",
    "sizing_constraints": "{\"baseline_lot\": 0.1, \"recommended_lot_size\": 0.1, \"max_safe_lot_size\": 0.2, \"lot_step\": 0.1, \"max_supported_lot\": 5.0, \"max_expected_dd_abs\": 1020.0, \"max_stress_dd_abs\": 1912.5, \"max_worst_day_abs\": 650.0, \"max_daily_p05_abs\": 450.0}"
  },
  "baseline_metrics": {
    "trade_count": 640,
    "daily_count": 635,
    "net_profit_0_1": 578.96,
    "avg_trade_0_1": 0.904625,
    "median_trade_0_1": 8.25,
    "std_trade_0_1": 26.457769034239654,
    "avg_loss_0_1": -24.7185559566787,
    "p05_trade_0_1": -61.0,
    "p01_trade_0_1": -61.0,
    "profit_factor_0_1": 1.0845562462027387,
    "historical_max_dd_0_1": -491.8999999999995,
    "mc_dd_p95_0_1": -869.5299999999999,
    "avg_day_0_1": 0.9117480314960631,
    "std_day_0_1": 26.49558887040272,
    "worst_day_0_1": -61.0,
    "p05_day_0_1": -61.0
  },
  "optional_layer_metrics": {
    "robustness_score": 0.6000000000000001,
    "portfolio_fit_score": 0.7037503207541961,
    "diversification_score": 0.9077826718675184,
    "correlation_penalty": 0.074039762888589,
    "regime_dependency_score": 0.5758916800100135
  },
  "limits": {
    "stress_limit_abs": 1912.5,
    "expected_dd_limit_abs": 1020.0,
    "worst_day_limit_abs": 650.0,
    "day_p05_limit_abs": 450.0
  },
  "lot_grid_table": [
    {
      "lot_size": 0.1,
      "expected_dd_abs": -491.8999999999995,
      "stress_dd_abs": -869.5299999999999,
      "worst_day_abs": -61.0,
      "daily_p05_abs": -61.0,
      "pass_expected_dd": true,
      "pass_stress_dd": true,
      "pass_worst_day": true,
      "pass_day_p05": true,
      "pass_all": true
    },
    {
      "lot_size": 0.2,
      "expected_dd_abs": -983.799999999999,
      "stress_dd_abs": -1739.0599999999997,
      "worst_day_abs": -122.0,
      "daily_p05_abs": -122.0,
      "pass_expected_dd": true,
      "pass_stress_dd": true,
      "pass_worst_day": true,
      "pass_day_p05": true,
      "pass_all": true
    },
    {
      "lot_size": 0.3,
      "expected_dd_abs": -1475.6999999999985,
      "stress_dd_abs": -2608.5899999999992,
      "worst_day_abs": -182.99999999999997,
      "daily_p05_abs": -182.99999999999997,
      "pass_expected_dd": false,
      "pass_stress_dd": false,
      "pass_worst_day": true,
      "pass_day_p05": true,
      "pass_all": false
    },
    {
      "lot_size": 0.4,
      "expected_dd_abs": -1967.599999999998,
      "stress_dd_abs": -3478.1199999999994,
      "worst_day_abs": -244.0,
      "daily_p05_abs": -244.0,
      "pass_expected_dd": false,
      "pass_stress_dd": false,
      "pass_worst_day": true,
      "pass_day_p05": true,
      "pass_all": false
    },
    {
      "lot_size": 0.5,
      "expected_dd_abs": -2459.4999999999977,
      "stress_dd_abs": -4347.65,
      "worst_day_abs": -305.0,
      "daily_p05_abs": -305.0,
      "pass_expected_dd": false,
      "pass_stress_dd": false,
      "pass_worst_day": true,
      "pass_day_p05": true,
      "pass_all": false
    },
    {
      "lot_size": 0.6,
      "expected_dd_abs": -2951.399999999997,
      "stress_dd_abs": -5217.1799999999985,
      "worst_day_abs": -365.99999999999994,
      "daily_p05_abs": -365.99999999999994,
      "pass_expected_dd": false,
      "pass_stress_dd": false,
      "pass_worst_day": true,
      "pass_day_p05": true,
      "pass_all": false
    },
    {
      "lot_size": 0.7,
      "expected_dd_abs": -3443.299999999996,
      "stress_dd_abs": -6086.709999999998,
      "worst_day_abs": -426.99999999999994,
      "daily_p05_abs": -426.99999999999994,
      "pass_expected_dd": false,
      "pass_stress_dd": false,
      "pass_worst_day": true,
      "pass_day_p05": true,
      "pass_all": false
    },
    {
      "lot_size": 0.8,
      "expected_dd_abs": -3935.199999999996,
      "stress_dd_abs": -6956.239999999999,
      "worst_day_abs": -488.0,
      "daily_p05_abs": -488.0,
      "pass_expected_dd": false,
      "pass_stress_dd": false,
      "pass_worst_day": true,
      "pass_day_p05": false,
      "pass_all": false
    },
    {
      "lot_size": 0.9,
      "expected_dd_abs": -4427.099999999996,
      "stress_dd_abs": -7825.769999999999,
      "worst_day_abs": -549.0,
      "daily_p05_abs": -549.0,
      "pass_expected_dd": false,
      "pass_stress_dd": false,
      "pass_worst_day": true,
      "pass_day_p05": false,
      "pass_all": false
    },
    {
      "lot_size": 1.0,
      "expected_dd_abs": -4918.999999999995,
      "stress_dd_abs": -8695.3,
      "worst_day_abs": -610.0,
      "daily_p05_abs": -610.0,
      "pass_expected_dd": false,
      "pass_stress_dd": false,
      "pass_worst_day": true,
      "pass_day_p05": false,
      "pass_all": false
    },
    {
      "lot_size": 1.1,
      "expected_dd_abs": -5410.899999999995,
      "stress_dd_abs": -9564.829999999998,
      "worst_day_abs": -671.0,
      "daily_p05_abs": -671.0,
      "pass_expected_dd": false,
      "pass_stress_dd": false,
      "pass_worst_day": false,
      "pass_day_p05": false,
      "pass_all": false
    },
    {
      "lot_size": 1.2,
      "expected_dd_abs": -5902.799999999994,
      "stress_dd_abs": -10434.359999999997,
      "worst_day_abs": -731.9999999999999,
      "daily_p05_abs": -731.9999999999999,
      "pass_expected_dd": false,
      "pass_stress_dd": false,
      "pass_worst_day": false,
      "pass_day_p05": false,
      "pass_all": false
    },
    {
      "lot_size": 1.3,
      "expected_dd_abs": -6394.699999999993,
      "stress_dd_abs": -11303.889999999998,
      "worst_day_abs": -793.0,
      "daily_p05_abs": -793.0,
      "pass_expected_dd": false,
      "pass_stress_dd": false,
      "pass_worst_day": false,
      "pass_day_p05": false,
      "pass_all": false
    },
    {
      "lot_size": 1.4,
      "expected_dd_abs": -6886.599999999992,
      "stress_dd_abs": -12173.419999999996,
      "worst_day_abs": -853.9999999999999,
      "daily_p05_abs": -853.9999999999999,
      "pass_expected_dd": false,
      "pass_stress_dd": false,
      "pass_worst_day": false,
      "pass_day_p05": false,
      "pass_all": false
    },
    {
      "lot_size": 1.5,
      "expected_dd_abs": -7378.499999999993,
      "stress_dd_abs": -13042.949999999997,
      "worst_day_abs": -915.0,
      "daily_p05_abs": -915.0,
      "pass_expected_dd": false,
      "pass_stress_dd": false,
      "pass_worst_day": false,
      "pass_day_p05": false,
      "pass_all": false
    },
    {
      "lot_size": 1.6,
      "expected_dd_abs": -7870.399999999992,
      "stress_dd_abs": -13912.479999999998,
      "worst_day_abs": -976.0,
      "daily_p05_abs": -976.0,
      "pass_expected_dd": false,
      "pass_stress_dd": false,
      "pass_worst_day": false,
      "pass_day_p05": false,
      "pass_all": false
    },
    {
      "lot_size": 1.7,
      "expected_dd_abs": -8362.299999999992,
      "stress_dd_abs": -14782.009999999998,