{
  "strategy_id": "EURGBP_10_5.21.111_SELL_M15",
  "summary": {
    "strategy_id": "EURGBP_10_5.21.111_SELL_M15",
    "side_mix": "SELL",
    "symbol_count": 1,
    "trade_count": 472,
    "baseline_lot": 0.1,
    "avg_trade_0_1": 1.8627330508474575,
    "avg_loss_0_1": -21.470625,
    "p05_trade_0_1": -58.27,
    "p01_trade_0_1": -66.1443,
    "worst_day_0_1": -72.75,
    "p05_day_0_1": -58.795,
    "expected_dd_0_1": -420.6699999999993,
    "stress_dd_0_1": -631.4169999999996,
    "robustness_score": 0.6000000000000001,
    "portfolio_fit_score": 0.7120207062780775,
    "diversification_score": 0.9239479634632264,
    "regime_dependency_score": 0.5757950084862246,
    "correlation_penalty": 0.0430496797815905,
    "allowed_expected_dd_limit_abs": 1020.0,
    "allowed_stress_dd_limit_abs": 1912.5,
    "allowed_worst_day_limit_abs": 650.0,
    "allowed_day_p05_limit_abs": 450.0,
    "recommended_lot_size": 0.1,
    "max_safe_lot_size": 0.2,
    "expected_dd_at_recommended_lot": -420.6699999999993,
    "stress_dd_at_recommended_lot": -631.4169999999996,
    "max_loss_per_day_recommendation": -58.795,
    "recommended_risk_budget": "VERY_LOW",
    "sizing_constraints": "{\"baseline_lot\": 0.1, \"recommended_lot_size\": 0.1, \"max_safe_lot_size\": 0.2, \"lot_step\": 0.1, \"max_supported_lot\": 5.0, \"max_expected_dd_abs\": 1020.0, \"max_stress_dd_abs\": 1912.5, \"max_worst_day_abs\": 650.0, \"max_daily_p05_abs\": 450.0}"
  },
  "baseline_metrics": {
    "trade_count": 472,
    "daily_count": 471,
    "net_profit_0_1": 879.2099999999999,
    "avg_trade_0_1": 1.8627330508474575,
    "median_trade_0_1": 3.335,
    "std_trade_0_1": 26.11484760319986,
    "avg_loss_0_1": -21.470625,
    "p05_trade_0_1": -58.27,
    "p01_trade_0_1": -66.1443,
    "profit_factor_0_1": 1.1968722919731567,
    "historical_max_dd_0_1": -420.6699999999993,
    "mc_dd_p95_0_1": -631.4169999999996,
    "avg_day_0_1": 1.866687898089172,
    "std_day_0_1": 26.211372715768594,
    "worst_day_0_1": -72.75,
    "p05_day_0_1": -58.795
  },
  "optional_layer_metrics": {
    "robustness_score": 0.6000000000000001,
    "portfolio_fit_score": 0.7120207062780775,
    "diversification_score": 0.9239479634632264,
    "correlation_penalty": 0.0430496797815905,
    "regime_dependency_score": 0.5757950084862246
  },
  "limits": {
    "stress_limit_abs": 1912.5,
    "expected_dd_limit_abs": 1020.0,
    "worst_day_limit_abs": 650.0,
    "day_p05_limit_abs": 450.0
  },
  "lot_grid_table": [
    {
      "lot_size": 0.1,
      "expected_dd_abs": -420.6699999999993,
      "stress_dd_abs": -631.4169999999996,
      "worst_day_abs": -72.75,
      "daily_p05_abs": -58.795,
      "pass_expected_dd": true,
      "pass_stress_dd": true,
      "pass_worst_day": true,
      "pass_day_p05": true,
      "pass_all": true
    },
    {
      "lot_size": 0.2,
      "expected_dd_abs": -841.3399999999986,
      "stress_dd_abs": -1262.8339999999992,
      "worst_day_abs": -145.5,
      "daily_p05_abs": -117.59,
      "pass_expected_dd": true,
      "pass_stress_dd": true,
      "pass_worst_day": true,
      "pass_day_p05": true,
      "pass_all": true
    },
    {
      "lot_size": 0.3,
      "expected_dd_abs": -1262.0099999999977,
      "stress_dd_abs": -1894.2509999999984,
      "worst_day_abs": -218.24999999999997,
      "daily_p05_abs": -176.385,
      "pass_expected_dd": false,
      "pass_stress_dd": true,
      "pass_worst_day": true,
      "pass_day_p05": true,
      "pass_all": false
    },
    {
      "lot_size": 0.4,
      "expected_dd_abs": -1682.679999999997,
      "stress_dd_abs": -2525.6679999999983,
      "worst_day_abs": -291.0,
      "daily_p05_abs": -235.18,
      "pass_expected_dd": false,
      "pass_stress_dd": false,
      "pass_worst_day": true,
      "pass_day_p05": true,
      "pass_all": false
    },
    {
      "lot_size": 0.5,
      "expected_dd_abs": -2103.3499999999963,
      "stress_dd_abs": -3157.0849999999978,
      "worst_day_abs": -363.75,
      "daily_p05_abs": -293.975,
      "pass_expected_dd": false,
      "pass_stress_dd": false,
      "pass_worst_day": true,
      "pass_day_p05": true,
      "pass_all": false
    },
    {
      "lot_size": 0.6,
      "expected_dd_abs": -2524.0199999999954,
      "stress_dd_abs": -3788.5019999999968,
      "worst_day_abs": -436.49999999999994,
      "daily_p05_abs": -352.77,
      "pass_expected_dd": false,
      "pass_stress_dd": false,
      "pass_worst_day": true,
      "pass_day_p05": true,
      "pass_all": false
    },
    {
      "lot_size": 0.7,
      "expected_dd_abs": -2944.6899999999946,
      "stress_dd_abs": -4419.918999999996,
      "worst_day_abs": -509.24999999999994,
      "daily_p05_abs": -411.56499999999994,
      "pass_expected_dd": false,
      "pass_stress_dd": false,
      "pass_worst_day": true,
      "pass_day_p05": true,
      "pass_all": false
    },
    {
      "lot_size": 0.8,
      "expected_dd_abs": -3365.359999999994,
      "stress_dd_abs": -5051.335999999997,
      "worst_day_abs": -582.0,
      "daily_p05_abs": -470.36,
      "pass_expected_dd": false,
      "pass_stress_dd": false,
      "pass_worst_day": true,
      "pass_day_p05": false,
      "pass_all": false
    },
    {
      "lot_size": 0.9,
      "expected_dd_abs": -3786.0299999999934,
      "stress_dd_abs": -5682.752999999996,
      "worst_day_abs": -654.75,
      "daily_p05_abs": -529.155,
      "pass_expected_dd": false,
      "pass_stress_dd": false,
      "pass_worst_day": false,
      "pass_day_p05": false,
      "pass_all": false
    },
    {
      "lot_size": 1.0,
      "expected_dd_abs": -4206.6999999999925,
      "stress_dd_abs": -6314.1699999999955,
      "worst_day_abs": -727.5,
      "daily_p05_abs": -587.95,
      "pass_expected_dd": false,
      "pass_stress_dd": false,
      "pass_worst_day": false,
      "pass_day_p05": false,
      "pass_all": false
    },
    {
      "lot_size": 1.1,
      "expected_dd_abs": -4627.369999999992,
      "stress_dd_abs": -6945.586999999995,
      "worst_day_abs": -800.25,
      "daily_p05_abs": -646.745,
      "pass_expected_dd": false,
      "pass_stress_dd": false,
      "pass_worst_day": false,
      "pass_day_p05": false,
      "pass_all": false
    },
    {
      "lot_size": 1.2,
      "expected_dd_abs": -5048.039999999991,
      "stress_dd_abs": -7577.0039999999935,
      "worst_day_abs": -872.9999999999999,
      "daily_p05_abs": -705.54,
      "pass_expected_dd": false,
      "pass_stress_dd": false,
      "pass_worst_day": false,
      "pass_day_p05": false,
      "pass_all": false
    },
    {
      "lot_size": 1.3,
      "expected_dd_abs": -5468.709999999991,
      "stress_dd_abs": -8208.420999999995,
      "worst_day_abs": -945.75,
      "daily_p05_abs": -764.335,
      "pass_expected_dd": false,
      "pass_stress_dd": false,
      "pass_worst_day": false,
      "pass_day_p05": false,
      "pass_all": false
    },
    {
      "lot_size": 1.4,
      "expected_dd_abs": -5889.379999999989,
      "stress_dd_abs": -8839.837999999992,
      "worst_day_abs": -1018.4999999999999,
      "daily_p05_abs": -823.1299999999999,
      "pass_expected_dd": false,
      "pass_stress_dd": false,
      "pass_worst_day": false,
      "pass_day_p05": false,
      "pass_all": false
    },
    {
      "lot_size": 1.5,
      "expected_dd_abs": -6310.049999999989,
      "stress_dd_abs": -9471.254999999994,
      "worst_day_abs": -1091.25,
      "daily_p05_abs": -881.9250000000001,
      "pass_expected_dd": false,
      "pass_stress_dd": false,
      "pass_worst_day": false,
      "pass_day_p05": false,
      "pass_all": false
    },
    {
      "lot_size": 1.6,
      "expected_dd_abs": -6730.719999999988,
      "stress_dd_abs": -10102.671999999993,
      "worst_day_abs": -1164.0,
      "daily_p05_abs": -940.72,
      "pass_expected_dd": false,
      "pass_stress_dd": false,
      "pass_worst_day": false,
      "pass_day_p05": false,
      "pass_all": false
    },
    {
      "lot_size": 1.7,