{
  "strategy_id": "EURGBP_49_2.36.141_BOTH_M15",
  "summary": {
    "strategy_id": "EURGBP_49_2.36.141_BOTH_M15",
    "side_mix": null,
    "symbol_count": 1,
    "trade_count": 1162,
    "baseline_lot": 0.1,
    "avg_trade_0_1": 0.8210499139414802,
    "avg_loss_0_1": -25.996141975308642,
    "p05_trade_0_1": -37.848499999999994,
    "p01_trade_0_1": -79.5975,
    "worst_day_0_1": -119.58,
    "p05_day_0_1": -38.21649999999999,
    "expected_dd_0_1": -394.51,
    "stress_dd_0_1": -930.0780000000002,
    "robustness_score": 0.8,
    "portfolio_fit_score": 0.713672143302573,
    "diversification_score": 0.9271806731286558,
    "regime_dependency_score": 0.537894736417877,
    "correlation_penalty": 0.0286652833154732,
    "allowed_expected_dd_limit_abs": 1200.0,
    "allowed_stress_dd_limit_abs": 2250.0,
    "allowed_worst_day_limit_abs": 650.0,
    "allowed_day_p05_limit_abs": 450.0,
    "recommended_lot_size": 0.1,
    "max_safe_lot_size": 0.2,
    "expected_dd_at_recommended_lot": -394.51,
    "stress_dd_at_recommended_lot": -930.0780000000002,
    "max_loss_per_day_recommendation": -38.21649999999999,
    "recommended_risk_budget": "VERY_LOW",
    "sizing_constraints": "{\"baseline_lot\": 0.1, \"recommended_lot_size\": 0.1, \"max_safe_lot_size\": 0.2, \"lot_step\": 0.1, \"max_supported_lot\": 5.0, \"max_expected_dd_abs\": 1200.0, \"max_stress_dd_abs\": 2250.0, \"max_worst_day_abs\": 650.0, \"max_daily_p05_abs\": 450.0}"
  },
  "baseline_metrics": {
    "trade_count": 1162,
    "daily_count": 1154,
    "net_profit_0_1": 954.06,
    "avg_trade_0_1": 0.8210499139414802,
    "median_trade_0_1": 3.575,
    "std_trade_0_1": 23.405042216073443,
    "avg_loss_0_1": -25.996141975308642,
    "p05_trade_0_1": -37.848499999999994,
    "p01_trade_0_1": -79.5975,
    "profit_factor_0_1": 1.1132717936540917,
    "historical_max_dd_0_1": -394.51,
    "mc_dd_p95_0_1": -930.0780000000002,
    "avg_day_0_1": 0.8267417677642981,
    "std_day_0_1": 23.48473105382443,
    "worst_day_0_1": -119.58,
    "p05_day_0_1": -38.21649999999999
  },
  "optional_layer_metrics": {
    "robustness_score": 0.8,
    "portfolio_fit_score": 0.713672143302573,
    "diversification_score": 0.9271806731286558,
    "correlation_penalty": 0.0286652833154732,
    "regime_dependency_score": 0.537894736417877
  },
  "limits": {
    "stress_limit_abs": 2250.0,
    "expected_dd_limit_abs": 1200.0,
    "worst_day_limit_abs": 650.0,
    "day_p05_limit_abs": 450.0
  },
  "lot_grid_table": [
    {
      "lot_size": 0.1,
      "expected_dd_abs": -394.51,
      "stress_dd_abs": -930.0780000000002,
      "worst_day_abs": -119.58,
      "daily_p05_abs": -38.21649999999999,
      "pass_expected_dd": true,
      "pass_stress_dd": true,
      "pass_worst_day": true,
      "pass_day_p05": true,
      "pass_all": true
    },
    {
      "lot_size": 0.2,
      "expected_dd_abs": -789.02,
      "stress_dd_abs": -1860.1560000000004,
      "worst_day_abs": -239.16,
      "daily_p05_abs": -76.43299999999998,
      "pass_expected_dd": true,
      "pass_stress_dd": true,
      "pass_worst_day": true,
      "pass_day_p05": true,
      "pass_all": true
    },
    {
      "lot_size": 0.3,
      "expected_dd_abs": -1183.5299999999997,
      "stress_dd_abs": -2790.2340000000004,
      "worst_day_abs": -358.73999999999995,
      "daily_p05_abs": -114.64949999999995,
      "pass_expected_dd": true,
      "pass_stress_dd": false,
      "pass_worst_day": true,
      "pass_day_p05": true,
      "pass_all": false
    },
    {
      "lot_size": 0.4,
      "expected_dd_abs": -1578.04,
      "stress_dd_abs": -3720.312000000001,
      "worst_day_abs": -478.32,
      "daily_p05_abs": -152.86599999999996,
      "pass_expected_dd": false,
      "pass_stress_dd": false,
      "pass_worst_day": true,
      "pass_day_p05": true,
      "pass_all": false
    },
    {
      "lot_size": 0.5,
      "expected_dd_abs": -1972.55,
      "stress_dd_abs": -4650.390000000001,
      "worst_day_abs": -597.9,
      "daily_p05_abs": -191.08249999999995,
      "pass_expected_dd": false,
      "pass_stress_dd": false,
      "pass_worst_day": true,
      "pass_day_p05": true,
      "pass_all": false
    },
    {
      "lot_size": 0.6,
      "expected_dd_abs": -2367.0599999999995,
      "stress_dd_abs": -5580.468000000001,
      "worst_day_abs": -717.4799999999999,
      "daily_p05_abs": -229.2989999999999,
      "pass_expected_dd": false,
      "pass_stress_dd": false,
      "pass_worst_day": false,
      "pass_day_p05": true,
      "pass_all": false
    },
    {
      "lot_size": 0.7,
      "expected_dd_abs": -2761.5699999999997,
      "stress_dd_abs": -6510.546,
      "worst_day_abs": -837.0599999999998,
      "daily_p05_abs": -267.5154999999999,
      "pass_expected_dd": false,
      "pass_stress_dd": false,
      "pass_worst_day": false,
      "pass_day_p05": true,
      "pass_all": false
    },
    {
      "lot_size": 0.8,
      "expected_dd_abs": -3156.08,
      "stress_dd_abs": -7440.624000000002,
      "worst_day_abs": -956.64,
      "daily_p05_abs": -305.7319999999999,
      "pass_expected_dd": false,
      "pass_stress_dd": false,
      "pass_worst_day": false,
      "pass_day_p05": true,
      "pass_all": false
    },
    {
      "lot_size": 0.9,
      "expected_dd_abs": -3550.59,
      "stress_dd_abs": -8370.702000000001,
      "worst_day_abs": -1076.22,
      "daily_p05_abs": -343.9484999999999,
      "pass_expected_dd": false,
      "pass_stress_dd": false,
      "pass_worst_day": false,
      "pass_day_p05": true,
      "pass_all": false
    },
    {
      "lot_size": 1.0,
      "expected_dd_abs": -3945.1,
      "stress_dd_abs": -9300.780000000002,
      "worst_day_abs": -1195.8,
      "daily_p05_abs": -382.1649999999999,
      "pass_expected_dd": false,
      "pass_stress_dd": false,
      "pass_worst_day": false,
      "pass_day_p05": true,
      "pass_all": false
    },
    {
      "lot_size": 1.1,
      "expected_dd_abs": -4339.61,
      "stress_dd_abs": -10230.858000000002,
      "worst_day_abs": -1315.3799999999999,
      "daily_p05_abs": -420.3814999999999,
      "pass_expected_dd": false,
      "pass_stress_dd": false,
      "pass_worst_day": false,
      "pass_day_p05": true,
      "pass_all": false
    },
    {
      "lot_size": 1.2,
      "expected_dd_abs": -4734.119999999999,
      "stress_dd_abs": -11160.936000000002,
      "worst_day_abs": -1434.9599999999998,
      "daily_p05_abs": -458.5979999999998,
      "pass_expected_dd": false,
      "pass_stress_dd": false,
      "pass_worst_day": false,
      "pass_day_p05": false,
      "pass_all": false
    },
    {
      "lot_size": 1.3,
      "expected_dd_abs": -5128.63,
      "stress_dd_abs": -12091.014000000003,
      "worst_day_abs": -1554.54,
      "daily_p05_abs": -496.81449999999984,
      "pass_expected_dd": false,
      "pass_stress_dd": false,
      "pass_worst_day": false,
      "pass_day_p05": false,
      "pass_all": false
    },
    {
      "lot_size": 1.4,
      "expected_dd_abs": -5523.139999999999,
      "stress_dd_abs": -13021.092,
      "worst_day_abs": -1674.1199999999997,
      "daily_p05_abs": -535.0309999999998,
      "pass_expected_dd": false,
      "pass_stress_dd": false,
      "pass_worst_day": false,
      "pass_day_p05": false,
      "pass_all": false
    },
    {
      "lot_size": 1.5,
      "expected_dd_abs": -5917.65,
      "stress_dd_abs": -13951.170000000004,
      "worst_day_abs": -1793.7,
      "daily_p05_abs": -573.2474999999998,
      "pass_expected_dd": false,
      "pass_stress_dd": false,
      "pass_worst_day": false,
      "pass_day_p05": false,
      "pass_all": false
    },
    {
      "lot_size": 1.6,
      "expected_dd_abs": -6312.16,
      "stress_dd_abs": -14881.248000000003,
      "worst_day_abs": -1913.28,
      "daily_p05_abs": -611.4639999999998,
      "pass_expected_dd": false,
      "pass_stress_dd": false,
      "pass_worst_day": false,
      "pass_day_p05": false,