{
  "strategy_id": "EURGBP_7_3.16.177_SELL_M15",
  "summary": {
    "strategy_id": "EURGBP_7_3.16.177_SELL_M15",
    "side_mix": null,
    "symbol_count": 1,
    "trade_count": 615,
    "baseline_lot": 0.1,
    "avg_trade_0_1": -0.12575609756097553,
    "avg_loss_0_1": -13.10208661417323,
    "p05_trade_0_1": -18.511,
    "p01_trade_0_1": -24.482,
    "worst_day_0_1": -34.81,
    "p05_day_0_1": -18.514499999999998,
    "expected_dd_0_1": -242.12999999999988,
    "stress_dd_0_1": -487.2315,
    "robustness_score": 0.6000000000000001,
    "portfolio_fit_score": 0.7102144225360191,
    "diversification_score": 0.9205210809106164,
    "regime_dependency_score": 0.6602295540153011,
    "correlation_penalty": 0.0353846487933226,
    "allowed_expected_dd_limit_abs": 867.0,
    "allowed_stress_dd_limit_abs": 1700.0,
    "allowed_worst_day_limit_abs": 650.0,
    "allowed_day_p05_limit_abs": 450.0,
    "recommended_lot_size": 0.2,
    "max_safe_lot_size": 0.3,
    "expected_dd_at_recommended_lot": -484.25999999999976,
    "stress_dd_at_recommended_lot": -974.463,
    "max_loss_per_day_recommendation": -37.028999999999996,
    "recommended_risk_budget": "VERY_LOW",
    "sizing_constraints": "{\"baseline_lot\": 0.1, \"recommended_lot_size\": 0.2, \"max_safe_lot_size\": 0.3, \"lot_step\": 0.1, \"max_supported_lot\": 5.0, \"max_expected_dd_abs\": 867.0, \"max_stress_dd_abs\": 1700.0, \"max_worst_day_abs\": 650.0, \"max_daily_p05_abs\": 450.0}"
  },
  "baseline_metrics": {
    "trade_count": 615,
    "daily_count": 614,
    "net_profit_0_1": -77.33999999999995,
    "avg_trade_0_1": -0.12575609756097553,
    "median_trade_0_1": 5.45,
    "std_trade_0_1": 11.74906555459679,
    "avg_loss_0_1": -13.10208661417323,
    "p05_trade_0_1": -18.511,
    "p01_trade_0_1": -24.482,
    "profit_factor_0_1": 0.9767603284924862,
    "historical_max_dd_0_1": -242.12999999999988,
    "mc_dd_p95_0_1": -487.2315,
    "avg_day_0_1": -0.12596091205211718,
    "std_day_0_1": 11.736358822322194,
    "worst_day_0_1": -34.81,
    "p05_day_0_1": -18.514499999999998
  },
  "optional_layer_metrics": {
    "robustness_score": 0.6000000000000001,
    "portfolio_fit_score": 0.7102144225360191,
    "diversification_score": 0.9205210809106164,
    "correlation_penalty": 0.0353846487933226,
    "regime_dependency_score": 0.6602295540153011
  },
  "limits": {
    "stress_limit_abs": 1700.0,
    "expected_dd_limit_abs": 867.0,
    "worst_day_limit_abs": 650.0,
    "day_p05_limit_abs": 450.0
  },
  "lot_grid_table": [
    {
      "lot_size": 0.1,
      "expected_dd_abs": -242.12999999999988,
      "stress_dd_abs": -487.2315,
      "worst_day_abs": -34.81,
      "daily_p05_abs": -18.514499999999998,
      "pass_expected_dd": true,
      "pass_stress_dd": true,
      "pass_worst_day": true,
      "pass_day_p05": true,
      "pass_all": true
    },
    {
      "lot_size": 0.2,
      "expected_dd_abs": -484.25999999999976,
      "stress_dd_abs": -974.463,
      "worst_day_abs": -69.62,
      "daily_p05_abs": -37.028999999999996,
      "pass_expected_dd": true,
      "pass_stress_dd": true,
      "pass_worst_day": true,
      "pass_day_p05": true,
      "pass_all": true
    },
    {
      "lot_size": 0.3,
      "expected_dd_abs": -726.3899999999995,
      "stress_dd_abs": -1461.6944999999998,
      "worst_day_abs": -104.42999999999999,
      "daily_p05_abs": -55.54349999999999,
      "pass_expected_dd": true,
      "pass_stress_dd": true,
      "pass_worst_day": true,
      "pass_day_p05": true,
      "pass_all": true
    },
    {
      "lot_size": 0.4,
      "expected_dd_abs": -968.5199999999995,
      "stress_dd_abs": -1948.926,
      "worst_day_abs": -139.24,
      "daily_p05_abs": -74.05799999999999,
      "pass_expected_dd": false,
      "pass_stress_dd": false,
      "pass_worst_day": true,
      "pass_day_p05": true,
      "pass_all": false
    },
    {
      "lot_size": 0.5,
      "expected_dd_abs": -1210.6499999999994,
      "stress_dd_abs": -2436.1575,
      "worst_day_abs": -174.05,
      "daily_p05_abs": -92.57249999999999,
      "pass_expected_dd": false,
      "pass_stress_dd": false,
      "pass_worst_day": true,
      "pass_day_p05": true,
      "pass_all": false
    },
    {
      "lot_size": 0.6,
      "expected_dd_abs": -1452.779999999999,
      "stress_dd_abs": -2923.3889999999997,
      "worst_day_abs": -208.85999999999999,
      "daily_p05_abs": -111.08699999999997,
      "pass_expected_dd": false,
      "pass_stress_dd": false,
      "pass_worst_day": true,
      "pass_day_p05": true,
      "pass_all": false
    },
    {
      "lot_size": 0.7,
      "expected_dd_abs": -1694.909999999999,
      "stress_dd_abs": -3410.6204999999995,
      "worst_day_abs": -243.67,
      "daily_p05_abs": -129.60149999999996,
      "pass_expected_dd": false,
      "pass_stress_dd": false,
      "pass_worst_day": true,
      "pass_day_p05": true,
      "pass_all": false
    },
    {
      "lot_size": 0.8,
      "expected_dd_abs": -1937.039999999999,
      "stress_dd_abs": -3897.852,
      "worst_day_abs": -278.48,
      "daily_p05_abs": -148.11599999999999,
      "pass_expected_dd": false,
      "pass_stress_dd": false,
      "pass_worst_day": true,
      "pass_day_p05": true,
      "pass_all": false
    },
    {
      "lot_size": 0.9,
      "expected_dd_abs": -2179.169999999999,
      "stress_dd_abs": -4385.0835,
      "worst_day_abs": -313.29,
      "daily_p05_abs": -166.63049999999998,
      "pass_expected_dd": false,
      "pass_stress_dd": false,
      "pass_worst_day": true,
      "pass_day_p05": true,
      "pass_all": false
    },
    {
      "lot_size": 1.0,
      "expected_dd_abs": -2421.299999999999,
      "stress_dd_abs": -4872.315,
      "worst_day_abs": -348.1,
      "daily_p05_abs": -185.14499999999998,
      "pass_expected_dd": false,
      "pass_stress_dd": false,
      "pass_worst_day": true,
      "pass_day_p05": true,
      "pass_all": false
    },
    {
      "lot_size": 1.1,
      "expected_dd_abs": -2663.4299999999985,
      "stress_dd_abs": -5359.5464999999995,
      "worst_day_abs": -382.91,
      "daily_p05_abs": -203.65949999999998,
      "pass_expected_dd": false,
      "pass_stress_dd": false,
      "pass_worst_day": true,
      "pass_day_p05": true,
      "pass_all": false
    },
    {
      "lot_size": 1.2,
      "expected_dd_abs": -2905.559999999998,
      "stress_dd_abs": -5846.777999999999,
      "worst_day_abs": -417.71999999999997,
      "daily_p05_abs": -222.17399999999995,
      "pass_expected_dd": false,
      "pass_stress_dd": false,
      "pass_worst_day": true,
      "pass_day_p05": true,
      "pass_all": false
    },
    {
      "lot_size": 1.3,
      "expected_dd_abs": -3147.6899999999987,
      "stress_dd_abs": -6334.0095,
      "worst_day_abs": -452.53000000000003,
      "daily_p05_abs": -240.68849999999998,
      "pass_expected_dd": false,
      "pass_stress_dd": false,
      "pass_worst_day": true,
      "pass_day_p05": true,
      "pass_all": false
    },
    {
      "lot_size": 1.4,
      "expected_dd_abs": -3389.819999999998,
      "stress_dd_abs": -6821.240999999999,
      "worst_day_abs": -487.34,
      "daily_p05_abs": -259.2029999999999,
      "pass_expected_dd": false,
      "pass_stress_dd": false,
      "pass_worst_day": true,
      "pass_day_p05": true,
      "pass_all": false
    },
    {
      "lot_size": 1.5,
      "expected_dd_abs": -3631.949999999998,
      "stress_dd_abs": -7308.4725,
      "worst_day_abs": -522.1500000000001,
      "daily_p05_abs": -277.7175,
      "pass_expected_dd": false,
      "pass_stress_dd": false,
      "pass_worst_day": true,
      "pass_day_p05": true,
      "pass_all": false
    },
    {
      "lot_size": 1.6,
      "expected_dd_abs": -3874.079999999998,
      "stress_dd_abs": -7795.704,
      "worst_day_abs": -556.96,
      "daily_p05_abs": -296.23199999999997,
      "pass_expected_dd": false,
      "pass_stress_dd": false,
      "pass_worst_day": true,
      "pass_day_p05": true,