{
  "strategy_id": "EURGBP_70_2.27.108_SELL_M15",
  "summary": {
    "strategy_id": "EURGBP_70_2.27.108_SELL_M15",
    "side_mix": null,
    "symbol_count": 1,
    "trade_count": 816,
    "baseline_lot": 0.1,
    "avg_trade_0_1": 0.2944607843137255,
    "avg_loss_0_1": -17.203662790697674,
    "p05_trade_0_1": -24.9325,
    "p01_trade_0_1": -35.7635,
    "worst_day_0_1": -58.2,
    "p05_day_0_1": -24.950499999999998,
    "expected_dd_0_1": -462.07999999999976,
    "stress_dd_0_1": -653.0395000000001,
    "robustness_score": 0.6000000000000001,
    "portfolio_fit_score": 0.7095697990617501,
    "diversification_score": 0.919414381907284,
    "regime_dependency_score": 0.5261435961259511,
    "correlation_penalty": 0.0555210469693234,
    "allowed_expected_dd_limit_abs": 1020.0,
    "allowed_stress_dd_limit_abs": 1912.5,
    "allowed_worst_day_limit_abs": 650.0,
    "allowed_day_p05_limit_abs": 450.0,
    "recommended_lot_size": 0.1,
    "max_safe_lot_size": 0.2,
    "expected_dd_at_recommended_lot": -462.07999999999976,
    "stress_dd_at_recommended_lot": -653.0395000000001,
    "max_loss_per_day_recommendation": -24.950499999999998,
    "recommended_risk_budget": "VERY_LOW",
    "sizing_constraints": "{\"baseline_lot\": 0.1, \"recommended_lot_size\": 0.1, \"max_safe_lot_size\": 0.2, \"lot_step\": 0.1, \"max_supported_lot\": 5.0, \"max_expected_dd_abs\": 1020.0, \"max_stress_dd_abs\": 1912.5, \"max_worst_day_abs\": 650.0, \"max_daily_p05_abs\": 450.0}"
  },
  "baseline_metrics": {
    "trade_count": 816,
    "daily_count": 812,
    "net_profit_0_1": 240.28000000000003,
    "avg_trade_0_1": 0.2944607843137255,
    "median_trade_0_1": 8.065,
    "std_trade_0_1": 16.218760142741658,
    "avg_loss_0_1": -17.203662790697674,
    "p05_trade_0_1": -24.9325,
    "p01_trade_0_1": -35.7635,
    "profit_factor_0_1": 1.040601142942113,
    "historical_max_dd_0_1": -462.07999999999976,
    "mc_dd_p95_0_1": -653.0395000000001,
    "avg_day_0_1": 0.29591133004926107,
    "std_day_0_1": 16.333620038377774,
    "worst_day_0_1": -58.2,
    "p05_day_0_1": -24.950499999999998
  },
  "optional_layer_metrics": {
    "robustness_score": 0.6000000000000001,
    "portfolio_fit_score": 0.7095697990617501,
    "diversification_score": 0.919414381907284,
    "correlation_penalty": 0.0555210469693234,
    "regime_dependency_score": 0.5261435961259511
  },
  "limits": {
    "stress_limit_abs": 1912.5,
    "expected_dd_limit_abs": 1020.0,
    "worst_day_limit_abs": 650.0,
    "day_p05_limit_abs": 450.0
  },
  "lot_grid_table": [
    {
      "lot_size": 0.1,
      "expected_dd_abs": -462.07999999999976,
      "stress_dd_abs": -653.0395000000001,
      "worst_day_abs": -58.2,
      "daily_p05_abs": -24.950499999999998,
      "pass_expected_dd": true,
      "pass_stress_dd": true,
      "pass_worst_day": true,
      "pass_day_p05": true,
      "pass_all": true
    },
    {
      "lot_size": 0.2,
      "expected_dd_abs": -924.1599999999995,
      "stress_dd_abs": -1306.0790000000002,
      "worst_day_abs": -116.4,
      "daily_p05_abs": -49.900999999999996,
      "pass_expected_dd": true,
      "pass_stress_dd": true,
      "pass_worst_day": true,
      "pass_day_p05": true,
      "pass_all": true
    },
    {
      "lot_size": 0.3,
      "expected_dd_abs": -1386.239999999999,
      "stress_dd_abs": -1959.1185,
      "worst_day_abs": -174.6,
      "daily_p05_abs": -74.85149999999999,
      "pass_expected_dd": false,
      "pass_stress_dd": false,
      "pass_worst_day": true,
      "pass_day_p05": true,
      "pass_all": false
    },
    {
      "lot_size": 0.4,
      "expected_dd_abs": -1848.319999999999,
      "stress_dd_abs": -2612.1580000000004,
      "worst_day_abs": -232.8,
      "daily_p05_abs": -99.80199999999999,
      "pass_expected_dd": false,
      "pass_stress_dd": false,
      "pass_worst_day": true,
      "pass_day_p05": true,
      "pass_all": false
    },
    {
      "lot_size": 0.5,
      "expected_dd_abs": -2310.3999999999987,
      "stress_dd_abs": -3265.1975,
      "worst_day_abs": -291.0,
      "daily_p05_abs": -124.7525,
      "pass_expected_dd": false,
      "pass_stress_dd": false,
      "pass_worst_day": true,
      "pass_day_p05": true,
      "pass_all": false
    },
    {
      "lot_size": 0.6,
      "expected_dd_abs": -2772.479999999998,
      "stress_dd_abs": -3918.237,
      "worst_day_abs": -349.2,
      "daily_p05_abs": -149.70299999999997,
      "pass_expected_dd": false,
      "pass_stress_dd": false,
      "pass_worst_day": true,
      "pass_day_p05": true,
      "pass_all": false
    },
    {
      "lot_size": 0.7,
      "expected_dd_abs": -3234.5599999999977,
      "stress_dd_abs": -4571.2765,
      "worst_day_abs": -407.4,
      "daily_p05_abs": -174.65349999999995,
      "pass_expected_dd": false,
      "pass_stress_dd": false,
      "pass_worst_day": true,
      "pass_day_p05": true,
      "pass_all": false
    },
    {
      "lot_size": 0.8,
      "expected_dd_abs": -3696.639999999998,
      "stress_dd_abs": -5224.316000000001,
      "worst_day_abs": -465.6,
      "daily_p05_abs": -199.60399999999998,
      "pass_expected_dd": false,
      "pass_stress_dd": false,
      "pass_worst_day": true,
      "pass_day_p05": true,
      "pass_all": false
    },
    {
      "lot_size": 0.9,
      "expected_dd_abs": -4158.7199999999975,
      "stress_dd_abs": -5877.355500000001,
      "worst_day_abs": -523.8000000000001,
      "daily_p05_abs": -224.5545,
      "pass_expected_dd": false,
      "pass_stress_dd": false,
      "pass_worst_day": true,
      "pass_day_p05": true,
      "pass_all": false
    },
    {
      "lot_size": 1.0,
      "expected_dd_abs": -4620.799999999997,
      "stress_dd_abs": -6530.395,
      "worst_day_abs": -582.0,
      "daily_p05_abs": -249.505,
      "pass_expected_dd": false,
      "pass_stress_dd": false,
      "pass_worst_day": true,
      "pass_day_p05": true,
      "pass_all": false
    },
    {
      "lot_size": 1.1,
      "expected_dd_abs": -5082.879999999997,
      "stress_dd_abs": -7183.434500000001,
      "worst_day_abs": -640.2,
      "daily_p05_abs": -274.4555,
      "pass_expected_dd": false,
      "pass_stress_dd": false,
      "pass_worst_day": true,
      "pass_day_p05": true,
      "pass_all": false
    },
    {
      "lot_size": 1.2,
      "expected_dd_abs": -5544.959999999996,
      "stress_dd_abs": -7836.474,
      "worst_day_abs": -698.4,
      "daily_p05_abs": -299.40599999999995,
      "pass_expected_dd": false,
      "pass_stress_dd": false,
      "pass_worst_day": false,
      "pass_day_p05": true,
      "pass_all": false
    },
    {
      "lot_size": 1.3,
      "expected_dd_abs": -6007.039999999997,
      "stress_dd_abs": -8489.513500000001,
      "worst_day_abs": -756.6,
      "daily_p05_abs": -324.3565,
      "pass_expected_dd": false,
      "pass_stress_dd": false,
      "pass_worst_day": false,
      "pass_day_p05": true,
      "pass_all": false
    },
    {
      "lot_size": 1.4,
      "expected_dd_abs": -6469.119999999995,
      "stress_dd_abs": -9142.553,
      "worst_day_abs": -814.8,
      "daily_p05_abs": -349.3069999999999,
      "pass_expected_dd": false,
      "pass_stress_dd": false,
      "pass_worst_day": false,
      "pass_day_p05": true,
      "pass_all": false
    },
    {
      "lot_size": 1.5,
      "expected_dd_abs": -6931.199999999996,
      "stress_dd_abs": -9795.5925,
      "worst_day_abs": -873.0,
      "daily_p05_abs": -374.2575,
      "pass_expected_dd": false,
      "pass_stress_dd": false,
      "pass_worst_day": false,
      "pass_day_p05": true,
      "pass_all": false
    },
    {
      "lot_size": 1.6,
      "expected_dd_abs": -7393.279999999996,
      "stress_dd_abs": -10448.632000000001,
      "worst_day_abs": -931.2,
      "daily_p05_abs": -399.20799999999997,
      "pass_expected_dd": false,
      "pass_stress_dd": false,
      "pass_worst_day": false,
      "pass_day_p05": true,
      "pass_all": false
    },
    {
      "lot_size": 1.7,