{
  "strategy_id": "EURGBP_63_4.21.189_SELL_M15",
  "summary": {
    "strategy_id": "EURGBP_63_4.21.189_SELL_M15",
    "side_mix": null,
    "symbol_count": 1,
    "trade_count": 850,
    "baseline_lot": 0.1,
    "avg_trade_0_1": 0.9221411764705882,
    "avg_loss_0_1": -22.06019607843137,
    "p05_trade_0_1": -31.3565,
    "p01_trade_0_1": -39.819900000000004,
    "worst_day_0_1": -58.89,
    "p05_day_0_1": -31.3595,
    "expected_dd_0_1": -249.72999999999968,
    "stress_dd_0_1": -596.7425000000001,
    "robustness_score": 0.8,
    "portfolio_fit_score": 0.7062231463841595,
    "diversification_score": 0.9123039395658014,
    "regime_dependency_score": 0.45477913363628514,
    "correlation_penalty": 0.0598175564078103,
    "allowed_expected_dd_limit_abs": 1200.0,
    "allowed_stress_dd_limit_abs": 2250.0,
    "allowed_worst_day_limit_abs": 650.0,
    "allowed_day_p05_limit_abs": 450.0,
    "recommended_lot_size": 0.2,
    "max_safe_lot_size": 0.3,
    "expected_dd_at_recommended_lot": -499.45999999999935,
    "stress_dd_at_recommended_lot": -1193.4850000000001,
    "max_loss_per_day_recommendation": -62.719,
    "recommended_risk_budget": "VERY_LOW",
    "sizing_constraints": "{\"baseline_lot\": 0.1, \"recommended_lot_size\": 0.2, \"max_safe_lot_size\": 0.3, \"lot_step\": 0.1, \"max_supported_lot\": 5.0, \"max_expected_dd_abs\": 1200.0, \"max_stress_dd_abs\": 2250.0, \"max_worst_day_abs\": 650.0, \"max_daily_p05_abs\": 450.0}"
  },
  "baseline_metrics": {
    "trade_count": 850,
    "daily_count": 848,
    "net_profit_0_1": 783.82,
    "avg_trade_0_1": 0.9221411764705882,
    "median_trade_0_1": 10.105,
    "std_trade_0_1": 18.813901756331383,
    "avg_loss_0_1": -22.06019607843137,
    "p05_trade_0_1": -31.3565,
    "p01_trade_0_1": -39.819900000000004,
    "profit_factor_0_1": 1.1161142565944044,
    "historical_max_dd_0_1": -249.72999999999968,
    "mc_dd_p95_0_1": -596.7425000000001,
    "avg_day_0_1": 0.9243160377358491,
    "std_day_0_1": 18.85703031889746,
    "worst_day_0_1": -58.89,
    "p05_day_0_1": -31.3595
  },
  "optional_layer_metrics": {
    "robustness_score": 0.8,
    "portfolio_fit_score": 0.7062231463841595,
    "diversification_score": 0.9123039395658014,
    "correlation_penalty": 0.0598175564078103,
    "regime_dependency_score": 0.45477913363628514
  },
  "limits": {
    "stress_limit_abs": 2250.0,
    "expected_dd_limit_abs": 1200.0,
    "worst_day_limit_abs": 650.0,
    "day_p05_limit_abs": 450.0
  },
  "lot_grid_table": [
    {
      "lot_size": 0.1,
      "expected_dd_abs": -249.72999999999968,
      "stress_dd_abs": -596.7425000000001,
      "worst_day_abs": -58.89,
      "daily_p05_abs": -31.3595,
      "pass_expected_dd": true,
      "pass_stress_dd": true,
      "pass_worst_day": true,
      "pass_day_p05": true,
      "pass_all": true
    },
    {
      "lot_size": 0.2,
      "expected_dd_abs": -499.45999999999935,
      "stress_dd_abs": -1193.4850000000001,
      "worst_day_abs": -117.78,
      "daily_p05_abs": -62.719,
      "pass_expected_dd": true,
      "pass_stress_dd": true,
      "pass_worst_day": true,
      "pass_day_p05": true,
      "pass_all": true
    },
    {
      "lot_size": 0.3,
      "expected_dd_abs": -749.1899999999989,
      "stress_dd_abs": -1790.2275,
      "worst_day_abs": -176.67,
      "daily_p05_abs": -94.07849999999999,
      "pass_expected_dd": true,
      "pass_stress_dd": true,
      "pass_worst_day": true,
      "pass_day_p05": true,
      "pass_all": true
    },
    {
      "lot_size": 0.4,
      "expected_dd_abs": -998.9199999999987,
      "stress_dd_abs": -2386.9700000000003,
      "worst_day_abs": -235.56,
      "daily_p05_abs": -125.438,
      "pass_expected_dd": true,
      "pass_stress_dd": false,
      "pass_worst_day": true,
      "pass_day_p05": true,
      "pass_all": false
    },
    {
      "lot_size": 0.5,
      "expected_dd_abs": -1248.6499999999983,
      "stress_dd_abs": -2983.7125000000005,
      "worst_day_abs": -294.45,
      "daily_p05_abs": -156.7975,
      "pass_expected_dd": false,
      "pass_stress_dd": false,
      "pass_worst_day": true,
      "pass_day_p05": true,
      "pass_all": false
    },
    {
      "lot_size": 0.6,
      "expected_dd_abs": -1498.3799999999978,
      "stress_dd_abs": -3580.455,
      "worst_day_abs": -353.34,
      "daily_p05_abs": -188.15699999999998,
      "pass_expected_dd": false,
      "pass_stress_dd": false,
      "pass_worst_day": true,
      "pass_day_p05": true,
      "pass_all": false
    },
    {
      "lot_size": 0.7,
      "expected_dd_abs": -1748.1099999999976,
      "stress_dd_abs": -4177.1975,
      "worst_day_abs": -412.22999999999996,
      "daily_p05_abs": -219.51649999999998,
      "pass_expected_dd": false,
      "pass_stress_dd": false,
      "pass_worst_day": true,
      "pass_day_p05": true,
      "pass_all": false
    },
    {
      "lot_size": 0.8,
      "expected_dd_abs": -1997.8399999999974,
      "stress_dd_abs": -4773.9400000000005,
      "worst_day_abs": -471.12,
      "daily_p05_abs": -250.876,
      "pass_expected_dd": false,
      "pass_stress_dd": false,
      "pass_worst_day": true,
      "pass_day_p05": true,
      "pass_all": false
    },
    {
      "lot_size": 0.9,
      "expected_dd_abs": -2247.569999999997,
      "stress_dd_abs": -5370.682500000001,
      "worst_day_abs": -530.01,
      "daily_p05_abs": -282.2355,
      "pass_expected_dd": false,
      "pass_stress_dd": false,
      "pass_worst_day": true,
      "pass_day_p05": true,
      "pass_all": false
    },
    {
      "lot_size": 1.0,
      "expected_dd_abs": -2497.2999999999965,
      "stress_dd_abs": -5967.425000000001,
      "worst_day_abs": -588.9,
      "daily_p05_abs": -313.595,
      "pass_expected_dd": false,
      "pass_stress_dd": false,
      "pass_worst_day": true,
      "pass_day_p05": true,
      "pass_all": false
    },
    {
      "lot_size": 1.1,
      "expected_dd_abs": -2747.0299999999966,
      "stress_dd_abs": -6564.1675000000005,
      "worst_day_abs": -647.79,
      "daily_p05_abs": -344.9545,
      "pass_expected_dd": false,
      "pass_stress_dd": false,
      "pass_worst_day": true,
      "pass_day_p05": true,
      "pass_all": false
    },
    {
      "lot_size": 1.2,
      "expected_dd_abs": -2996.7599999999957,
      "stress_dd_abs": -7160.91,
      "worst_day_abs": -706.68,
      "daily_p05_abs": -376.31399999999996,
      "pass_expected_dd": false,
      "pass_stress_dd": false,
      "pass_worst_day": false,
      "pass_day_p05": true,
      "pass_all": false
    },
    {
      "lot_size": 1.3,
      "expected_dd_abs": -3246.4899999999957,
      "stress_dd_abs": -7757.652500000001,
      "worst_day_abs": -765.57,
      "daily_p05_abs": -407.6735,
      "pass_expected_dd": false,
      "pass_stress_dd": false,
      "pass_worst_day": false,
      "pass_day_p05": true,
      "pass_all": false
    },
    {
      "lot_size": 1.4,
      "expected_dd_abs": -3496.2199999999953,
      "stress_dd_abs": -8354.395,
      "worst_day_abs": -824.4599999999999,
      "daily_p05_abs": -439.03299999999996,
      "pass_expected_dd": false,
      "pass_stress_dd": false,
      "pass_worst_day": false,
      "pass_day_p05": true,
      "pass_all": false
    },
    {
      "lot_size": 1.5,
      "expected_dd_abs": -3745.9499999999953,
      "stress_dd_abs": -8951.1375,
      "worst_day_abs": -883.35,
      "daily_p05_abs": -470.3925,
      "pass_expected_dd": false,
      "pass_stress_dd": false,
      "pass_worst_day": false,
      "pass_day_p05": false,
      "pass_all": false
    },
    {
      "lot_size": 1.6,
      "expected_dd_abs": -3995.679999999995,
      "stress_dd_abs": -9547.880000000001,
      "worst_day_abs": -942.24,
      "daily_p05_abs": -501.752,
      "pass_expected_dd": false,
      "pass_stress_dd": false,
      "pass_worst_day": false,
      "pass_day_p05": false,
      "pass_all": false
    },
    {
      "lot_size": 1.7,
      "expected_dd_abs": -4245.409999999994,