{
  "strategy_id": "EURGBP_62_3.31.132_BUY_M15",
  "summary": {
    "strategy_id": "EURGBP_62_3.31.132_BUY_M15",
    "side_mix": null,
    "symbol_count": 1,
    "trade_count": 633,
    "baseline_lot": 0.1,
    "avg_trade_0_1": 0.7466824644549762,
    "avg_loss_0_1": -18.5264,
    "p05_trade_0_1": -28.47,
    "p01_trade_0_1": -38.556000000000004,
    "worst_day_0_1": -56.15,
    "p05_day_0_1": -28.5025,
    "expected_dd_0_1": -231.0700000000001,
    "stress_dd_0_1": -396.8335000000001,
    "robustness_score": 0.6000000000000001,
    "portfolio_fit_score": 0.7225079163613687,
    "diversification_score": 0.9450102466435074,
    "regime_dependency_score": 0.44794003188396175,
    "correlation_penalty": 0.0395947340274471,
    "allowed_expected_dd_limit_abs": 1020.0,
    "allowed_stress_dd_limit_abs": 2125.0,
    "allowed_worst_day_limit_abs": 650.0,
    "allowed_day_p05_limit_abs": 450.0,
    "recommended_lot_size": 0.3,
    "max_safe_lot_size": 0.4,
    "expected_dd_at_recommended_lot": -693.2100000000003,
    "stress_dd_at_recommended_lot": -1190.5005,
    "max_loss_per_day_recommendation": -85.5075,
    "recommended_risk_budget": "LOW",
    "sizing_constraints": "{\"baseline_lot\": 0.1, \"recommended_lot_size\": 0.3, \"max_safe_lot_size\": 0.4, \"lot_step\": 0.1, \"max_supported_lot\": 5.0, \"max_expected_dd_abs\": 1020.0, \"max_stress_dd_abs\": 2125.0, \"max_worst_day_abs\": 650.0, \"max_daily_p05_abs\": 450.0}"
  },
  "baseline_metrics": {
    "trade_count": 633,
    "daily_count": 632,
    "net_profit_0_1": 472.65,
    "avg_trade_0_1": 0.7466824644549762,
    "median_trade_0_1": 5.99,
    "std_trade_0_1": 13.7319592022954,
    "avg_loss_0_1": -18.5264,
    "p05_trade_0_1": -28.47,
    "p01_trade_0_1": -38.556000000000004,
    "profit_factor_0_1": 1.1457842399417666,
    "historical_max_dd_0_1": -231.0700000000001,
    "mc_dd_p95_0_1": -396.8335000000001,
    "avg_day_0_1": 0.747863924050633,
    "std_day_0_1": 13.694683955720341,
    "worst_day_0_1": -56.15,
    "p05_day_0_1": -28.5025
  },
  "optional_layer_metrics": {
    "robustness_score": 0.6000000000000001,
    "portfolio_fit_score": 0.7225079163613687,
    "diversification_score": 0.9450102466435074,
    "correlation_penalty": 0.0395947340274471,
    "regime_dependency_score": 0.44794003188396175
  },
  "limits": {
    "stress_limit_abs": 2125.0,
    "expected_dd_limit_abs": 1020.0,
    "worst_day_limit_abs": 650.0,
    "day_p05_limit_abs": 450.0
  },
  "lot_grid_table": [
    {
      "lot_size": 0.1,
      "expected_dd_abs": -231.0700000000001,
      "stress_dd_abs": -396.8335000000001,
      "worst_day_abs": -56.15,
      "daily_p05_abs": -28.5025,
      "pass_expected_dd": true,
      "pass_stress_dd": true,
      "pass_worst_day": true,
      "pass_day_p05": true,
      "pass_all": true
    },
    {
      "lot_size": 0.2,
      "expected_dd_abs": -462.1400000000002,
      "stress_dd_abs": -793.6670000000001,
      "worst_day_abs": -112.3,
      "daily_p05_abs": -57.005,
      "pass_expected_dd": true,
      "pass_stress_dd": true,
      "pass_worst_day": true,
      "pass_day_p05": true,
      "pass_all": true
    },
    {
      "lot_size": 0.3,
      "expected_dd_abs": -693.2100000000003,
      "stress_dd_abs": -1190.5005,
      "worst_day_abs": -168.44999999999996,
      "daily_p05_abs": -85.5075,
      "pass_expected_dd": true,
      "pass_stress_dd": true,
      "pass_worst_day": true,
      "pass_day_p05": true,
      "pass_all": true
    },
    {
      "lot_size": 0.4,
      "expected_dd_abs": -924.2800000000004,
      "stress_dd_abs": -1587.3340000000003,
      "worst_day_abs": -224.6,
      "daily_p05_abs": -114.01,
      "pass_expected_dd": true,
      "pass_stress_dd": true,
      "pass_worst_day": true,
      "pass_day_p05": true,
      "pass_all": true
    },
    {
      "lot_size": 0.5,
      "expected_dd_abs": -1155.3500000000006,
      "stress_dd_abs": -1984.1675000000005,
      "worst_day_abs": -280.75,
      "daily_p05_abs": -142.51250000000002,
      "pass_expected_dd": false,
      "pass_stress_dd": true,
      "pass_worst_day": true,
      "pass_day_p05": true,
      "pass_all": false
    },
    {
      "lot_size": 0.6,
      "expected_dd_abs": -1386.4200000000005,
      "stress_dd_abs": -2381.001,
      "worst_day_abs": -336.8999999999999,
      "daily_p05_abs": -171.015,
      "pass_expected_dd": false,
      "pass_stress_dd": false,
      "pass_worst_day": true,
      "pass_day_p05": true,
      "pass_all": false
    },
    {
      "lot_size": 0.7,
      "expected_dd_abs": -1617.4900000000005,
      "stress_dd_abs": -2777.8345,
      "worst_day_abs": -393.04999999999995,
      "daily_p05_abs": -199.51749999999998,
      "pass_expected_dd": false,
      "pass_stress_dd": false,
      "pass_worst_day": true,
      "pass_day_p05": true,
      "pass_all": false
    },
    {
      "lot_size": 0.8,
      "expected_dd_abs": -1848.5600000000009,
      "stress_dd_abs": -3174.6680000000006,
      "worst_day_abs": -449.2,
      "daily_p05_abs": -228.02,
      "pass_expected_dd": false,
      "pass_stress_dd": false,
      "pass_worst_day": true,
      "pass_day_p05": true,
      "pass_all": false
    },
    {
      "lot_size": 0.9,
      "expected_dd_abs": -2079.630000000001,
      "stress_dd_abs": -3571.5015000000008,
      "worst_day_abs": -505.34999999999997,
      "daily_p05_abs": -256.52250000000004,
      "pass_expected_dd": false,
      "pass_stress_dd": false,
      "pass_worst_day": true,
      "pass_day_p05": true,
      "pass_all": false
    },
    {
      "lot_size": 1.0,
      "expected_dd_abs": -2310.700000000001,
      "stress_dd_abs": -3968.335000000001,
      "worst_day_abs": -561.5,
      "daily_p05_abs": -285.02500000000003,
      "pass_expected_dd": false,
      "pass_stress_dd": false,
      "pass_worst_day": true,
      "pass_day_p05": true,
      "pass_all": false
    },
    {
      "lot_size": 1.1,
      "expected_dd_abs": -2541.7700000000013,
      "stress_dd_abs": -4365.168500000001,
      "worst_day_abs": -617.65,
      "daily_p05_abs": -313.52750000000003,
      "pass_expected_dd": false,
      "pass_stress_dd": false,
      "pass_worst_day": true,
      "pass_day_p05": true,
      "pass_all": false
    },
    {
      "lot_size": 1.2,
      "expected_dd_abs": -2772.840000000001,
      "stress_dd_abs": -4762.002,
      "worst_day_abs": -673.7999999999998,
      "daily_p05_abs": -342.03,
      "pass_expected_dd": false,
      "pass_stress_dd": false,
      "pass_worst_day": false,
      "pass_day_p05": true,
      "pass_all": false
    },
    {
      "lot_size": 1.3,
      "expected_dd_abs": -3003.910000000001,
      "stress_dd_abs": -5158.835500000001,
      "worst_day_abs": -729.9499999999999,
      "daily_p05_abs": -370.5325,
      "pass_expected_dd": false,
      "pass_stress_dd": false,
      "pass_worst_day": false,
      "pass_day_p05": true,
      "pass_all": false
    },
    {
      "lot_size": 1.4,
      "expected_dd_abs": -3234.980000000001,
      "stress_dd_abs": -5555.669,
      "worst_day_abs": -786.0999999999999,
      "daily_p05_abs": -399.03499999999997,
      "pass_expected_dd": false,
      "pass_stress_dd": false,
      "pass_worst_day": false,
      "pass_day_p05": true,
      "pass_all": false
    },
    {
      "lot_size": 1.5,
      "expected_dd_abs": -3466.0500000000015,
      "stress_dd_abs": -5952.502500000001,
      "worst_day_abs": -842.25,
      "daily_p05_abs": -427.5375,
      "pass_expected_dd": false,
      "pass_stress_dd": false,
      "pass_worst_day": false,
      "pass_day_p05": true,
      "pass_all": false
    },
    {
      "lot_size": 1.6,
      "expected_dd_abs": -3697.1200000000017,
      "stress_dd_abs": -6349.336000000001,
      "worst_day_abs": -898.4,
      "daily_p05_abs": -456.04,
      "pass_expected_dd": false,
      "pass_stress_dd": false,
      "pass_worst_day": false,
      "pass_day_p05": false,
      "pass_all": false
    },
    {
      "lot_size": 1.7,