{
  "strategy_id": "EURGBP_8_6.1.186_SELL_M15",
  "summary": {
    "strategy_id": "EURGBP_8_6.1.186_SELL_M15",
    "side_mix": "SELL",
    "symbol_count": 1,
    "trade_count": 646,
    "baseline_lot": 0.1,
    "avg_trade_0_1": 1.942414860681115,
    "avg_loss_0_1": -23.077985611510794,
    "p05_trade_0_1": -53.08,
    "p01_trade_0_1": -79.387,
    "worst_day_0_1": -82.59,
    "p05_day_0_1": -53.08,
    "expected_dd_0_1": -386.59999999999945,
    "stress_dd_0_1": -736.4380000000002,
    "robustness_score": 0.8,
    "portfolio_fit_score": 0.7117459925379395,
    "diversification_score": 0.9231295633802103,
    "regime_dependency_score": 0.4988426867541174,
    "correlation_penalty": 0.0238653326927569,
    "allowed_expected_dd_limit_abs": 1200.0,
    "allowed_stress_dd_limit_abs": 2250.0,
    "allowed_worst_day_limit_abs": 650.0,
    "allowed_day_p05_limit_abs": 450.0,
    "recommended_lot_size": 0.2,
    "max_safe_lot_size": 0.3,
    "expected_dd_at_recommended_lot": -773.1999999999989,
    "stress_dd_at_recommended_lot": -1472.8760000000004,
    "max_loss_per_day_recommendation": -106.16,
    "recommended_risk_budget": "VERY_LOW",
    "sizing_constraints": "{\"baseline_lot\": 0.1, \"recommended_lot_size\": 0.2, \"max_safe_lot_size\": 0.3, \"lot_step\": 0.1, \"max_supported_lot\": 5.0, \"max_expected_dd_abs\": 1200.0, \"max_stress_dd_abs\": 2250.0, \"max_worst_day_abs\": 650.0, \"max_daily_p05_abs\": 450.0}"
  },
  "baseline_metrics": {
    "trade_count": 646,
    "daily_count": 646,
    "net_profit_0_1": 1254.8000000000002,
    "avg_trade_0_1": 1.942414860681115,
    "median_trade_0_1": 3.295,
    "std_trade_0_1": 27.439769069044797,
    "avg_loss_0_1": -23.077985611510794,
    "p05_trade_0_1": -53.08,
    "p01_trade_0_1": -79.387,
    "profit_factor_0_1": 1.1955833208638835,
    "historical_max_dd_0_1": -386.59999999999945,
    "mc_dd_p95_0_1": -736.4380000000002,
    "avg_day_0_1": 1.942414860681115,
    "std_day_0_1": 27.439769069044797,
    "worst_day_0_1": -82.59,
    "p05_day_0_1": -53.08
  },
  "optional_layer_metrics": {
    "robustness_score": 0.8,
    "portfolio_fit_score": 0.7117459925379395,
    "diversification_score": 0.9231295633802103,
    "correlation_penalty": 0.0238653326927569,
    "regime_dependency_score": 0.4988426867541174
  },
  "limits": {
    "stress_limit_abs": 2250.0,
    "expected_dd_limit_abs": 1200.0,
    "worst_day_limit_abs": 650.0,
    "day_p05_limit_abs": 450.0
  },
  "lot_grid_table": [
    {
      "lot_size": 0.1,
      "expected_dd_abs": -386.59999999999945,
      "stress_dd_abs": -736.4380000000002,
      "worst_day_abs": -82.59,
      "daily_p05_abs": -53.08,
      "pass_expected_dd": true,
      "pass_stress_dd": true,
      "pass_worst_day": true,
      "pass_day_p05": true,
      "pass_all": true
    },
    {
      "lot_size": 0.2,
      "expected_dd_abs": -773.1999999999989,
      "stress_dd_abs": -1472.8760000000004,
      "worst_day_abs": -165.18,
      "daily_p05_abs": -106.16,
      "pass_expected_dd": true,
      "pass_stress_dd": true,
      "pass_worst_day": true,
      "pass_day_p05": true,
      "pass_all": true
    },
    {
      "lot_size": 0.3,
      "expected_dd_abs": -1159.7999999999981,
      "stress_dd_abs": -2209.3140000000003,
      "worst_day_abs": -247.76999999999998,
      "daily_p05_abs": -159.23999999999998,
      "pass_expected_dd": true,
      "pass_stress_dd": true,
      "pass_worst_day": true,
      "pass_day_p05": true,
      "pass_all": true
    },
    {
      "lot_size": 0.4,
      "expected_dd_abs": -1546.3999999999978,
      "stress_dd_abs": -2945.752000000001,
      "worst_day_abs": -330.36,
      "daily_p05_abs": -212.32,
      "pass_expected_dd": false,
      "pass_stress_dd": false,
      "pass_worst_day": true,
      "pass_day_p05": true,
      "pass_all": false
    },
    {
      "lot_size": 0.5,
      "expected_dd_abs": -1932.9999999999973,
      "stress_dd_abs": -3682.190000000001,
      "worst_day_abs": -412.95000000000005,
      "daily_p05_abs": -265.4,
      "pass_expected_dd": false,
      "pass_stress_dd": false,
      "pass_worst_day": true,
      "pass_day_p05": true,
      "pass_all": false
    },
    {
      "lot_size": 0.6,
      "expected_dd_abs": -2319.5999999999963,
      "stress_dd_abs": -4418.628000000001,
      "worst_day_abs": -495.53999999999996,
      "daily_p05_abs": -318.47999999999996,
      "pass_expected_dd": false,
      "pass_stress_dd": false,
      "pass_worst_day": true,
      "pass_day_p05": true,
      "pass_all": false
    },
    {
      "lot_size": 0.7,
      "expected_dd_abs": -2706.1999999999957,
      "stress_dd_abs": -5155.066000000001,
      "worst_day_abs": -578.13,
      "daily_p05_abs": -371.55999999999995,
      "pass_expected_dd": false,
      "pass_stress_dd": false,
      "pass_worst_day": true,
      "pass_day_p05": true,
      "pass_all": false
    },
    {
      "lot_size": 0.8,
      "expected_dd_abs": -3092.7999999999956,
      "stress_dd_abs": -5891.504000000002,
      "worst_day_abs": -660.72,
      "daily_p05_abs": -424.64,
      "pass_expected_dd": false,
      "pass_stress_dd": false,
      "pass_worst_day": false,
      "pass_day_p05": true,
      "pass_all": false
    },
    {
      "lot_size": 0.9,
      "expected_dd_abs": -3479.399999999995,
      "stress_dd_abs": -6627.942000000002,
      "worst_day_abs": -743.3100000000001,
      "daily_p05_abs": -477.71999999999997,
      "pass_expected_dd": false,
      "pass_stress_dd": false,
      "pass_worst_day": false,
      "pass_day_p05": false,
      "pass_all": false
    },
    {
      "lot_size": 1.0,
      "expected_dd_abs": -3865.9999999999945,
      "stress_dd_abs": -7364.380000000002,
      "worst_day_abs": -825.9000000000001,
      "daily_p05_abs": -530.8,
      "pass_expected_dd": false,
      "pass_stress_dd": false,
      "pass_worst_day": false,
      "pass_day_p05": false,
      "pass_all": false
    },
    {
      "lot_size": 1.1,
      "expected_dd_abs": -4252.599999999994,
      "stress_dd_abs": -8100.818000000002,
      "worst_day_abs": -908.49,
      "daily_p05_abs": -583.88,
      "pass_expected_dd": false,
      "pass_stress_dd": false,
      "pass_worst_day": false,
      "pass_day_p05": false,
      "pass_all": false
    },
    {
      "lot_size": 1.2,
      "expected_dd_abs": -4639.1999999999925,
      "stress_dd_abs": -8837.256000000001,
      "worst_day_abs": -991.0799999999999,
      "daily_p05_abs": -636.9599999999999,
      "pass_expected_dd": false,
      "pass_stress_dd": false,
      "pass_worst_day": false,
      "pass_day_p05": false,
      "pass_all": false
    },
    {
      "lot_size": 1.3,
      "expected_dd_abs": -5025.799999999993,
      "stress_dd_abs": -9573.694000000003,
      "worst_day_abs": -1073.67,
      "daily_p05_abs": -690.04,
      "pass_expected_dd": false,
      "pass_stress_dd": false,
      "pass_worst_day": false,
      "pass_day_p05": false,
      "pass_all": false
    },
    {
      "lot_size": 1.4,
      "expected_dd_abs": -5412.399999999991,
      "stress_dd_abs": -10310.132000000001,
      "worst_day_abs": -1156.26,
      "daily_p05_abs": -743.1199999999999,
      "pass_expected_dd": false,
      "pass_stress_dd": false,
      "pass_worst_day": false,
      "pass_day_p05": false,
      "pass_all": false
    },
    {
      "lot_size": 1.5,
      "expected_dd_abs": -5798.999999999992,
      "stress_dd_abs": -11046.570000000003,
      "worst_day_abs": -1238.8500000000001,
      "daily_p05_abs": -796.1999999999999,
      "pass_expected_dd": false,
      "pass_stress_dd": false,
      "pass_worst_day": false,
      "pass_day_p05": false,
      "pass_all": false
    },
    {
      "lot_size": 1.6,
      "expected_dd_abs": -6185.599999999991,
      "stress_dd_abs": -11783.008000000003,
      "worst_day_abs": -1321.44,
      "daily_p05_abs": -849.28,
      "pass_expected_dd": false,
      "pass_stress_dd": false,
      "pass_worst_day": false,
      "pass_day_p05": false,