{
  "strategy_id": "EURUSD_72_5.42.127_SELL_M15",
  "summary": {
    "strategy_id": "EURUSD_72_5.42.127_SELL_M15",
    "side_mix": null,
    "symbol_count": 1,
    "trade_count": 989,
    "baseline_lot": 0.1,
    "avg_trade_0_1": 0.8398988877654197,
    "avg_loss_0_1": -24.59640625,
    "p05_trade_0_1": -35.660000000000004,
    "p01_trade_0_1": -52.724000000000004,
    "worst_day_0_1": -85.2,
    "p05_day_0_1": -35.685,
    "expected_dd_0_1": -526.6999999999999,
    "stress_dd_0_1": -878.5519999999999,
    "robustness_score": 0.8,
    "portfolio_fit_score": 0.6979379639097928,
    "diversification_score": 0.89596878009652,
    "regime_dependency_score": 0.5459306041835171,
    "correlation_penalty": 0.0422873733313829,
    "allowed_expected_dd_limit_abs": 1200.0,
    "allowed_stress_dd_limit_abs": 2250.0,
    "allowed_worst_day_limit_abs": 650.0,
    "allowed_day_p05_limit_abs": 450.0,
    "recommended_lot_size": 0.1,
    "max_safe_lot_size": 0.2,
    "expected_dd_at_recommended_lot": -526.6999999999999,
    "stress_dd_at_recommended_lot": -878.5519999999999,
    "max_loss_per_day_recommendation": -35.685,
    "recommended_risk_budget": "VERY_LOW",
    "sizing_constraints": "{\"baseline_lot\": 0.1, \"recommended_lot_size\": 0.1, \"max_safe_lot_size\": 0.2, \"lot_step\": 0.1, \"max_supported_lot\": 5.0, \"max_expected_dd_abs\": 1200.0, \"max_stress_dd_abs\": 2250.0, \"max_worst_day_abs\": 650.0, \"max_daily_p05_abs\": 450.0}"
  },
  "baseline_metrics": {
    "trade_count": 989,
    "daily_count": 984,
    "net_profit_0_1": 830.6600000000001,
    "avg_trade_0_1": 0.8398988877654197,
    "median_trade_0_1": 10.8,
    "std_trade_0_1": 22.137865732270793,
    "avg_loss_0_1": -24.59640625,
    "p05_trade_0_1": -35.660000000000004,
    "p01_trade_0_1": -52.724000000000004,
    "profit_factor_0_1": 1.087946875708045,
    "historical_max_dd_0_1": -526.6999999999999,
    "mc_dd_p95_0_1": -878.5519999999999,
    "avg_day_0_1": 0.8441666666666667,
    "std_day_0_1": 22.231268039717865,
    "worst_day_0_1": -85.2,
    "p05_day_0_1": -35.685
  },
  "optional_layer_metrics": {
    "robustness_score": 0.8,
    "portfolio_fit_score": 0.6979379639097928,
    "diversification_score": 0.89596878009652,
    "correlation_penalty": 0.0422873733313829,
    "regime_dependency_score": 0.5459306041835171
  },
  "limits": {
    "stress_limit_abs": 2250.0,
    "expected_dd_limit_abs": 1200.0,
    "worst_day_limit_abs": 650.0,
    "day_p05_limit_abs": 450.0
  },
  "lot_grid_table": [
    {
      "lot_size": 0.1,
      "expected_dd_abs": -526.6999999999999,
      "stress_dd_abs": -878.5519999999999,
      "worst_day_abs": -85.2,
      "daily_p05_abs": -35.685,
      "pass_expected_dd": true,
      "pass_stress_dd": true,
      "pass_worst_day": true,
      "pass_day_p05": true,
      "pass_all": true
    },
    {
      "lot_size": 0.2,
      "expected_dd_abs": -1053.3999999999999,
      "stress_dd_abs": -1757.1039999999998,
      "worst_day_abs": -170.4,
      "daily_p05_abs": -71.37,
      "pass_expected_dd": true,
      "pass_stress_dd": true,
      "pass_worst_day": true,
      "pass_day_p05": true,
      "pass_all": true
    },
    {
      "lot_size": 0.3,
      "expected_dd_abs": -1580.0999999999995,
      "stress_dd_abs": -2635.6559999999995,
      "worst_day_abs": -255.59999999999997,
      "daily_p05_abs": -107.05499999999999,
      "pass_expected_dd": false,
      "pass_stress_dd": false,
      "pass_worst_day": true,
      "pass_day_p05": true,
      "pass_all": false
    },
    {
      "lot_size": 0.4,
      "expected_dd_abs": -2106.7999999999997,
      "stress_dd_abs": -3514.2079999999996,
      "worst_day_abs": -340.8,
      "daily_p05_abs": -142.74,
      "pass_expected_dd": false,
      "pass_stress_dd": false,
      "pass_worst_day": true,
      "pass_day_p05": true,
      "pass_all": false
    },
    {
      "lot_size": 0.5,
      "expected_dd_abs": -2633.4999999999995,
      "stress_dd_abs": -4392.759999999999,
      "worst_day_abs": -426.0,
      "daily_p05_abs": -178.425,
      "pass_expected_dd": false,
      "pass_stress_dd": false,
      "pass_worst_day": true,
      "pass_day_p05": true,
      "pass_all": false
    },
    {
      "lot_size": 0.6,
      "expected_dd_abs": -3160.199999999999,
      "stress_dd_abs": -5271.311999999999,
      "worst_day_abs": -511.19999999999993,
      "daily_p05_abs": -214.10999999999999,
      "pass_expected_dd": false,
      "pass_stress_dd": false,
      "pass_worst_day": true,
      "pass_day_p05": true,
      "pass_all": false
    },
    {
      "lot_size": 0.7,
      "expected_dd_abs": -3686.899999999999,
      "stress_dd_abs": -6149.863999999999,
      "worst_day_abs": -596.4,
      "daily_p05_abs": -249.795,
      "pass_expected_dd": false,
      "pass_stress_dd": false,
      "pass_worst_day": true,
      "pass_day_p05": true,
      "pass_all": false
    },
    {
      "lot_size": 0.8,
      "expected_dd_abs": -4213.599999999999,
      "stress_dd_abs": -7028.415999999999,
      "worst_day_abs": -681.6,
      "daily_p05_abs": -285.48,
      "pass_expected_dd": false,
      "pass_stress_dd": false,
      "pass_worst_day": false,
      "pass_day_p05": true,
      "pass_all": false
    },
    {
      "lot_size": 0.9,
      "expected_dd_abs": -4740.299999999999,
      "stress_dd_abs": -7906.967999999999,
      "worst_day_abs": -766.8000000000001,
      "daily_p05_abs": -321.165,
      "pass_expected_dd": false,
      "pass_stress_dd": false,
      "pass_worst_day": false,
      "pass_day_p05": true,
      "pass_all": false
    },
    {
      "lot_size": 1.0,
      "expected_dd_abs": -5266.999999999999,
      "stress_dd_abs": -8785.519999999999,
      "worst_day_abs": -852.0,
      "daily_p05_abs": -356.85,
      "pass_expected_dd": false,
      "pass_stress_dd": false,
      "pass_worst_day": false,
      "pass_day_p05": true,
      "pass_all": false
    },
    {
      "lot_size": 1.1,
      "expected_dd_abs": -5793.699999999999,
      "stress_dd_abs": -9664.071999999998,
      "worst_day_abs": -937.2,
      "daily_p05_abs": -392.535,
      "pass_expected_dd": false,
      "pass_stress_dd": false,
      "pass_worst_day": false,
      "pass_day_p05": true,
      "pass_all": false
    },
    {
      "lot_size": 1.2,
      "expected_dd_abs": -6320.399999999998,
      "stress_dd_abs": -10542.623999999998,
      "worst_day_abs": -1022.3999999999999,
      "daily_p05_abs": -428.21999999999997,
      "pass_expected_dd": false,
      "pass_stress_dd": false,
      "pass_worst_day": false,
      "pass_day_p05": true,
      "pass_all": false
    },
    {
      "lot_size": 1.3,
      "expected_dd_abs": -6847.099999999999,
      "stress_dd_abs": -11421.176,
      "worst_day_abs": -1107.6000000000001,
      "daily_p05_abs": -463.90500000000003,
      "pass_expected_dd": false,
      "pass_stress_dd": false,
      "pass_worst_day": false,
      "pass_day_p05": false,
      "pass_all": false
    },
    {
      "lot_size": 1.4,
      "expected_dd_abs": -7373.799999999998,
      "stress_dd_abs": -12299.727999999997,
      "worst_day_abs": -1192.8,
      "daily_p05_abs": -499.59,
      "pass_expected_dd": false,
      "pass_stress_dd": false,
      "pass_worst_day": false,
      "pass_day_p05": false,
      "pass_all": false
    },
    {
      "lot_size": 1.5,
      "expected_dd_abs": -7900.499999999999,
      "stress_dd_abs": -13178.279999999999,
      "worst_day_abs": -1278.0,
      "daily_p05_abs": -535.2750000000001,
      "pass_expected_dd": false,
      "pass_stress_dd": false,
      "pass_worst_day": false,
      "pass_day_p05": false,
      "pass_all": false
    },
    {
      "lot_size": 1.6,
      "expected_dd_abs": -8427.199999999999,
      "stress_dd_abs": -14056.831999999999,
      "worst_day_abs": -1363.2,
      "daily_p05_abs": -570.96,
      "pass_expected_dd": false,
      "pass_stress_dd": false,
      "pass_worst_day": false,
      "pass_day_p05": false,
      "pass_all": false
    },
    {
      "lot_size": 1.7,