{
  "strategy_id": "EURUSD_64_4.34.165_BUY_M15",
  "summary": {
    "strategy_id": "EURUSD_64_4.34.165_BUY_M15",
    "side_mix": "BUY",
    "symbol_count": 1,
    "trade_count": 855,
    "baseline_lot": 0.1,
    "avg_trade_0_1": 0.9643274853801173,
    "avg_loss_0_1": -28.206787330316747,
    "p05_trade_0_1": -41.1,
    "p01_trade_0_1": -61.184,
    "worst_day_0_1": -97.86,
    "p05_day_0_1": -41.3,
    "expected_dd_0_1": -561.8000000000002,
    "stress_dd_0_1": -667.949,
    "robustness_score": 0.8,
    "portfolio_fit_score": 0.7163654552396935,
    "diversification_score": 0.9327501326193351,
    "regime_dependency_score": 0.4917403789613768,
    "correlation_penalty": 0.0144667546946043,
    "allowed_expected_dd_limit_abs": 1200.0,
    "allowed_stress_dd_limit_abs": 2250.0,
    "allowed_worst_day_limit_abs": 650.0,
    "allowed_day_p05_limit_abs": 450.0,
    "recommended_lot_size": 0.1,
    "max_safe_lot_size": 0.2,
    "expected_dd_at_recommended_lot": -561.8000000000002,
    "stress_dd_at_recommended_lot": -667.949,
    "max_loss_per_day_recommendation": -41.3,
    "recommended_risk_budget": "VERY_LOW",
    "sizing_constraints": "{\"baseline_lot\": 0.1, \"recommended_lot_size\": 0.1, \"max_safe_lot_size\": 0.2, \"lot_step\": 0.1, \"max_supported_lot\": 5.0, \"max_expected_dd_abs\": 1200.0, \"max_stress_dd_abs\": 2250.0, \"max_worst_day_abs\": 650.0, \"max_daily_p05_abs\": 450.0}"
  },
  "baseline_metrics": {
    "trade_count": 855,
    "daily_count": 853,
    "net_profit_0_1": 824.5000000000002,
    "avg_trade_0_1": 0.9643274853801173,
    "median_trade_0_1": 8.3,
    "std_trade_0_1": 19.581840210472027,
    "avg_loss_0_1": -28.206787330316747,
    "p05_trade_0_1": -41.1,
    "p01_trade_0_1": -61.184,
    "profit_factor_0_1": 1.1322649469817283,
    "historical_max_dd_0_1": -561.8000000000002,
    "mc_dd_p95_0_1": -667.949,
    "avg_day_0_1": 0.9665885111371629,
    "std_day_0_1": 19.78861369897918,
    "worst_day_0_1": -97.86,
    "p05_day_0_1": -41.3
  },
  "optional_layer_metrics": {
    "robustness_score": 0.8,
    "portfolio_fit_score": 0.7163654552396935,
    "diversification_score": 0.9327501326193351,
    "correlation_penalty": 0.0144667546946043,
    "regime_dependency_score": 0.4917403789613768
  },
  "limits": {
    "stress_limit_abs": 2250.0,
    "expected_dd_limit_abs": 1200.0,
    "worst_day_limit_abs": 650.0,
    "day_p05_limit_abs": 450.0
  },
  "lot_grid_table": [
    {
      "lot_size": 0.1,
      "expected_dd_abs": -561.8000000000002,
      "stress_dd_abs": -667.949,
      "worst_day_abs": -97.86,
      "daily_p05_abs": -41.3,
      "pass_expected_dd": true,
      "pass_stress_dd": true,
      "pass_worst_day": true,
      "pass_day_p05": true,
      "pass_all": true
    },
    {
      "lot_size": 0.2,
      "expected_dd_abs": -1123.6000000000004,
      "stress_dd_abs": -1335.898,
      "worst_day_abs": -195.72,
      "daily_p05_abs": -82.6,
      "pass_expected_dd": true,
      "pass_stress_dd": true,
      "pass_worst_day": true,
      "pass_day_p05": true,
      "pass_all": true
    },
    {
      "lot_size": 0.3,
      "expected_dd_abs": -1685.4000000000003,
      "stress_dd_abs": -2003.8469999999995,
      "worst_day_abs": -293.5799999999999,
      "daily_p05_abs": -123.89999999999998,
      "pass_expected_dd": false,
      "pass_stress_dd": true,
      "pass_worst_day": true,
      "pass_day_p05": true,
      "pass_all": false
    },
    {
      "lot_size": 0.4,
      "expected_dd_abs": -2247.2000000000007,
      "stress_dd_abs": -2671.796,
      "worst_day_abs": -391.44,
      "daily_p05_abs": -165.2,
      "pass_expected_dd": false,
      "pass_stress_dd": false,
      "pass_worst_day": true,
      "pass_day_p05": true,
      "pass_all": false
    },
    {
      "lot_size": 0.5,
      "expected_dd_abs": -2809.000000000001,
      "stress_dd_abs": -3339.745,
      "worst_day_abs": -489.3,
      "daily_p05_abs": -206.5,
      "pass_expected_dd": false,
      "pass_stress_dd": false,
      "pass_worst_day": true,
      "pass_day_p05": true,
      "pass_all": false
    },
    {
      "lot_size": 0.6,
      "expected_dd_abs": -3370.8000000000006,
      "stress_dd_abs": -4007.693999999999,
      "worst_day_abs": -587.1599999999999,
      "daily_p05_abs": -247.79999999999995,
      "pass_expected_dd": false,
      "pass_stress_dd": false,
      "pass_worst_day": true,
      "pass_day_p05": true,
      "pass_all": false
    },
    {
      "lot_size": 0.7,
      "expected_dd_abs": -3932.600000000001,
      "stress_dd_abs": -4675.642999999999,
      "worst_day_abs": -685.0199999999999,
      "daily_p05_abs": -289.09999999999997,
      "pass_expected_dd": false,
      "pass_stress_dd": false,
      "pass_worst_day": false,
      "pass_day_p05": true,
      "pass_all": false
    },
    {
      "lot_size": 0.8,
      "expected_dd_abs": -4494.4000000000015,
      "stress_dd_abs": -5343.592,
      "worst_day_abs": -782.88,
      "daily_p05_abs": -330.4,
      "pass_expected_dd": false,
      "pass_stress_dd": false,
      "pass_worst_day": false,
      "pass_day_p05": true,
      "pass_all": false
    },
    {
      "lot_size": 0.9,
      "expected_dd_abs": -5056.200000000002,
      "stress_dd_abs": -6011.540999999999,
      "worst_day_abs": -880.74,
      "daily_p05_abs": -371.7,
      "pass_expected_dd": false,
      "pass_stress_dd": false,
      "pass_worst_day": false,
      "pass_day_p05": true,
      "pass_all": false
    },
    {
      "lot_size": 1.0,
      "expected_dd_abs": -5618.000000000002,
      "stress_dd_abs": -6679.49,
      "worst_day_abs": -978.6,
      "daily_p05_abs": -413.0,
      "pass_expected_dd": false,
      "pass_stress_dd": false,
      "pass_worst_day": false,
      "pass_day_p05": true,
      "pass_all": false
    },
    {
      "lot_size": 1.1,
      "expected_dd_abs": -6179.800000000002,
      "stress_dd_abs": -7347.438999999999,
      "worst_day_abs": -1076.46,
      "daily_p05_abs": -454.29999999999995,
      "pass_expected_dd": false,
      "pass_stress_dd": false,
      "pass_worst_day": false,
      "pass_day_p05": false,
      "pass_all": false
    },
    {
      "lot_size": 1.2,
      "expected_dd_abs": -6741.600000000001,
      "stress_dd_abs": -8015.387999999998,
      "worst_day_abs": -1174.3199999999997,
      "daily_p05_abs": -495.5999999999999,
      "pass_expected_dd": false,
      "pass_stress_dd": false,
      "pass_worst_day": false,
      "pass_day_p05": false,
      "pass_all": false
    },
    {
      "lot_size": 1.3,
      "expected_dd_abs": -7303.400000000002,
      "stress_dd_abs": -8683.337,
      "worst_day_abs": -1272.18,
      "daily_p05_abs": -536.9,
      "pass_expected_dd": false,
      "pass_stress_dd": false,
      "pass_worst_day": false,
      "pass_day_p05": false,
      "pass_all": false
    },
    {
      "lot_size": 1.4,
      "expected_dd_abs": -7865.200000000002,
      "stress_dd_abs": -9351.285999999998,
      "worst_day_abs": -1370.0399999999997,
      "daily_p05_abs": -578.1999999999999,
      "pass_expected_dd": false,
      "pass_stress_dd": false,
      "pass_worst_day": false,
      "pass_day_p05": false,
      "pass_all": false
    },
    {
      "lot_size": 1.5,
      "expected_dd_abs": -8427.000000000004,
      "stress_dd_abs": -10019.234999999999,
      "worst_day_abs": -1467.9,
      "daily_p05_abs": -619.5,
      "pass_expected_dd": false,
      "pass_stress_dd": false,
      "pass_worst_day": false,
      "pass_day_p05": false,
      "pass_all": false
    },
    {
      "lot_size": 1.6,
      "expected_dd_abs": -8988.800000000003,
      "stress_dd_abs": -10687.184,
      "worst_day_abs": -1565.76,
      "daily_p05_abs": -660.8,
      "pass_expected_dd": false,
      "pass_stress_dd": false,
      "pass_worst_day": false,
      "pass_day_p05": false,
      "pass_all": false
    },
    {
      "lot_size": 1.7,
      "expected_dd_abs": -9550.600000000002,
      "stress_dd_abs": -11355.133,
      "worst_day_abs": -1663.62,