{
  "strategy_id": "EURUSD_12_3.47.124_BUY_M15",
  "summary": {
    "strategy_id": "EURUSD_12_3.47.124_BUY_M15",
    "side_mix": null,
    "symbol_count": 1,
    "trade_count": 648,
    "baseline_lot": 0.1,
    "avg_trade_0_1": 0.916141975308642,
    "avg_loss_0_1": -17.200848806366047,
    "p05_trade_0_1": -26.665,
    "p01_trade_0_1": -36.101,
    "worst_day_0_1": -43.8,
    "p05_day_0_1": -26.59,
    "expected_dd_0_1": -315.5000000000002,
    "stress_dd_0_1": -740.135,
    "robustness_score": 0.8,
    "portfolio_fit_score": 0.7156715921053975,
    "diversification_score": 0.9314769268986886,
    "regime_dependency_score": 0.6047254221521273,
    "correlation_penalty": 0.0418322530163541,
    "allowed_expected_dd_limit_abs": 1020.0,
    "allowed_stress_dd_limit_abs": 2000.0,
    "allowed_worst_day_limit_abs": 650.0,
    "allowed_day_p05_limit_abs": 450.0,
    "recommended_lot_size": 0.1,
    "max_safe_lot_size": 0.2,
    "expected_dd_at_recommended_lot": -315.5000000000002,
    "stress_dd_at_recommended_lot": -740.135,
    "max_loss_per_day_recommendation": -26.59,
    "recommended_risk_budget": "VERY_LOW",
    "sizing_constraints": "{\"baseline_lot\": 0.1, \"recommended_lot_size\": 0.1, \"max_safe_lot_size\": 0.2, \"lot_step\": 0.1, \"max_supported_lot\": 5.0, \"max_expected_dd_abs\": 1020.0, \"max_stress_dd_abs\": 2000.0, \"max_worst_day_abs\": 650.0, \"max_daily_p05_abs\": 450.0}"
  },
  "baseline_metrics": {
    "trade_count": 648,
    "daily_count": 643,
    "net_profit_0_1": 593.6600000000001,
    "avg_trade_0_1": 0.916141975308642,
    "median_trade_0_1": -10.850000000000001,
    "std_trade_0_1": 24.01194600796756,
    "avg_loss_0_1": -17.200848806366047,
    "p05_trade_0_1": -26.665,
    "p01_trade_0_1": -36.101,
    "profit_factor_0_1": 1.0915475147731901,
    "historical_max_dd_0_1": -315.5000000000002,
    "mc_dd_p95_0_1": -740.135,
    "avg_day_0_1": 0.9232659409020219,
    "std_day_0_1": 24.099357495265657,
    "worst_day_0_1": -43.8,
    "p05_day_0_1": -26.59
  },
  "optional_layer_metrics": {
    "robustness_score": 0.8,
    "portfolio_fit_score": 0.7156715921053975,
    "diversification_score": 0.9314769268986886,
    "correlation_penalty": 0.0418322530163541,
    "regime_dependency_score": 0.6047254221521273
  },
  "limits": {
    "stress_limit_abs": 2000.0,
    "expected_dd_limit_abs": 1020.0,
    "worst_day_limit_abs": 650.0,
    "day_p05_limit_abs": 450.0
  },
  "lot_grid_table": [
    {
      "lot_size": 0.1,
      "expected_dd_abs": -315.5000000000002,
      "stress_dd_abs": -740.135,
      "worst_day_abs": -43.8,
      "daily_p05_abs": -26.59,
      "pass_expected_dd": true,
      "pass_stress_dd": true,
      "pass_worst_day": true,
      "pass_day_p05": true,
      "pass_all": true
    },
    {
      "lot_size": 0.2,
      "expected_dd_abs": -631.0000000000005,
      "stress_dd_abs": -1480.27,
      "worst_day_abs": -87.6,
      "daily_p05_abs": -53.18,
      "pass_expected_dd": true,
      "pass_stress_dd": true,
      "pass_worst_day": true,
      "pass_day_p05": true,
      "pass_all": true
    },
    {
      "lot_size": 0.3,
      "expected_dd_abs": -946.5000000000006,
      "stress_dd_abs": -2220.4049999999997,
      "worst_day_abs": -131.39999999999998,
      "daily_p05_abs": -79.76999999999998,
      "pass_expected_dd": true,
      "pass_stress_dd": false,
      "pass_worst_day": true,
      "pass_day_p05": true,
      "pass_all": false
    },
    {
      "lot_size": 0.4,
      "expected_dd_abs": -1262.000000000001,
      "stress_dd_abs": -2960.54,
      "worst_day_abs": -175.2,
      "daily_p05_abs": -106.36,
      "pass_expected_dd": false,
      "pass_stress_dd": false,
      "pass_worst_day": true,
      "pass_day_p05": true,
      "pass_all": false
    },
    {
      "lot_size": 0.5,
      "expected_dd_abs": -1577.5000000000011,
      "stress_dd_abs": -3700.675,
      "worst_day_abs": -219.0,
      "daily_p05_abs": -132.95,
      "pass_expected_dd": false,
      "pass_stress_dd": false,
      "pass_worst_day": true,
      "pass_day_p05": true,
      "pass_all": false
    },
    {
      "lot_size": 0.6,
      "expected_dd_abs": -1893.0000000000011,
      "stress_dd_abs": -4440.8099999999995,
      "worst_day_abs": -262.79999999999995,
      "daily_p05_abs": -159.53999999999996,
      "pass_expected_dd": false,
      "pass_stress_dd": false,
      "pass_worst_day": true,
      "pass_day_p05": true,
      "pass_all": false
    },
    {
      "lot_size": 0.7,
      "expected_dd_abs": -2208.5000000000014,
      "stress_dd_abs": -5180.945,
      "worst_day_abs": -306.59999999999997,
      "daily_p05_abs": -186.12999999999997,
      "pass_expected_dd": false,
      "pass_stress_dd": false,
      "pass_worst_day": true,
      "pass_day_p05": true,
      "pass_all": false
    },
    {
      "lot_size": 0.8,
      "expected_dd_abs": -2524.000000000002,
      "stress_dd_abs": -5921.08,
      "worst_day_abs": -350.4,
      "daily_p05_abs": -212.72,
      "pass_expected_dd": false,
      "pass_stress_dd": false,
      "pass_worst_day": true,
      "pass_day_p05": true,
      "pass_all": false
    },
    {
      "lot_size": 0.9,
      "expected_dd_abs": -2839.500000000002,
      "stress_dd_abs": -6661.215,
      "worst_day_abs": -394.2,
      "daily_p05_abs": -239.31,
      "pass_expected_dd": false,
      "pass_stress_dd": false,
      "pass_worst_day": true,
      "pass_day_p05": true,
      "pass_all": false
    },
    {
      "lot_size": 1.0,
      "expected_dd_abs": -3155.0000000000023,
      "stress_dd_abs": -7401.35,
      "worst_day_abs": -438.0,
      "daily_p05_abs": -265.9,
      "pass_expected_dd": false,
      "pass_stress_dd": false,
      "pass_worst_day": true,
      "pass_day_p05": true,
      "pass_all": false
    },
    {
      "lot_size": 1.1,
      "expected_dd_abs": -3470.5000000000027,
      "stress_dd_abs": -8141.485,
      "worst_day_abs": -481.79999999999995,
      "daily_p05_abs": -292.49,
      "pass_expected_dd": false,
      "pass_stress_dd": false,
      "pass_worst_day": true,
      "pass_day_p05": true,
      "pass_all": false
    },
    {
      "lot_size": 1.2,
      "expected_dd_abs": -3786.0000000000023,
      "stress_dd_abs": -8881.619999999999,
      "worst_day_abs": -525.5999999999999,
      "daily_p05_abs": -319.0799999999999,
      "pass_expected_dd": false,
      "pass_stress_dd": false,
      "pass_worst_day": true,
      "pass_day_p05": true,
      "pass_all": false
    },
    {
      "lot_size": 1.3,
      "expected_dd_abs": -4101.500000000003,
      "stress_dd_abs": -9621.755,
      "worst_day_abs": -569.4,
      "daily_p05_abs": -345.67,
      "pass_expected_dd": false,
      "pass_stress_dd": false,
      "pass_worst_day": true,
      "pass_day_p05": true,
      "pass_all": false
    },
    {
      "lot_size": 1.4,
      "expected_dd_abs": -4417.000000000003,
      "stress_dd_abs": -10361.89,
      "worst_day_abs": -613.1999999999999,
      "daily_p05_abs": -372.25999999999993,
      "pass_expected_dd": false,
      "pass_stress_dd": false,
      "pass_worst_day": true,
      "pass_day_p05": true,
      "pass_all": false
    },
    {
      "lot_size": 1.5,
      "expected_dd_abs": -4732.500000000004,
      "stress_dd_abs": -11102.025,
      "worst_day_abs": -657.0,
      "daily_p05_abs": -398.85,
      "pass_expected_dd": false,
      "pass_stress_dd": false,
      "pass_worst_day": false,
      "pass_day_p05": true,
      "pass_all": false
    },
    {
      "lot_size": 1.6,
      "expected_dd_abs": -5048.000000000004,
      "stress_dd_abs": -11842.16,
      "worst_day_abs": -700.8,
      "daily_p05_abs": -425.44,
      "pass_expected_dd": false,
      "pass_stress_dd": false,
      "pass_worst_day": false,
      "pass_day_p05": true,
      "pass_all": false
    },
    {
      "lot_size": 1.7,
      "expected_dd_abs": -5363.500000000004,
      "stress_dd_abs": -12582.295,
      "worst_day_abs": -744.5999999999999,
      "daily_p05_abs": -452.03,