{
  "strategy_id": "EURUSD_13_6.46.178_BUY_M15",
  "summary": {
    "strategy_id": "EURUSD_13_6.46.178_BUY_M15",
    "side_mix": null,
    "symbol_count": 1,
    "trade_count": 524,
    "baseline_lot": 0.1,
    "avg_trade_0_1": 1.0705725190839694,
    "avg_loss_0_1": -17.2712,
    "p05_trade_0_1": -27.88,
    "p01_trade_0_1": -34.908,
    "worst_day_0_1": -42.6,
    "p05_day_0_1": -27.88,
    "expected_dd_0_1": -456.0200000000002,
    "stress_dd_0_1": -644.3049999999996,
    "robustness_score": 0.8,
    "portfolio_fit_score": 0.7113234467682665,
    "diversification_score": 0.922680773210728,
    "regime_dependency_score": 0.5796425793038251,
    "correlation_penalty": 0.0401460582261675,
    "allowed_expected_dd_limit_abs": 1200.0,
    "allowed_stress_dd_limit_abs": 2250.0,
    "allowed_worst_day_limit_abs": 650.0,
    "allowed_day_p05_limit_abs": 450.0,
    "recommended_lot_size": 0.1,
    "max_safe_lot_size": 0.2,
    "expected_dd_at_recommended_lot": -456.0200000000002,
    "stress_dd_at_recommended_lot": -644.3049999999996,
    "max_loss_per_day_recommendation": -27.88,
    "recommended_risk_budget": "VERY_LOW",
    "sizing_constraints": "{\"baseline_lot\": 0.1, \"recommended_lot_size\": 0.1, \"max_safe_lot_size\": 0.2, \"lot_step\": 0.1, \"max_supported_lot\": 5.0, \"max_expected_dd_abs\": 1200.0, \"max_stress_dd_abs\": 2250.0, \"max_worst_day_abs\": 650.0, \"max_daily_p05_abs\": 450.0}"
  },
  "baseline_metrics": {
    "trade_count": 524,
    "daily_count": 524,
    "net_profit_0_1": 560.98,
    "avg_trade_0_1": 1.0705725190839694,
    "median_trade_0_1": -9.9,
    "std_trade_0_1": 23.857972657529537,
    "avg_loss_0_1": -17.2712,
    "p05_trade_0_1": -27.88,
    "p01_trade_0_1": -34.908,
    "profit_factor_0_1": 1.1082688714931985,
    "historical_max_dd_0_1": -456.0200000000002,
    "mc_dd_p95_0_1": -644.3049999999996,
    "avg_day_0_1": 1.0705725190839694,
    "std_day_0_1": 23.857972657529537,
    "worst_day_0_1": -42.6,
    "p05_day_0_1": -27.88
  },
  "optional_layer_metrics": {
    "robustness_score": 0.8,
    "portfolio_fit_score": 0.7113234467682665,
    "diversification_score": 0.922680773210728,
    "correlation_penalty": 0.0401460582261675,
    "regime_dependency_score": 0.5796425793038251
  },
  "limits": {
    "stress_limit_abs": 2250.0,
    "expected_dd_limit_abs": 1200.0,
    "worst_day_limit_abs": 650.0,
    "day_p05_limit_abs": 450.0
  },
  "lot_grid_table": [
    {
      "lot_size": 0.1,
      "expected_dd_abs": -456.0200000000002,
      "stress_dd_abs": -644.3049999999996,
      "worst_day_abs": -42.6,
      "daily_p05_abs": -27.88,
      "pass_expected_dd": true,
      "pass_stress_dd": true,
      "pass_worst_day": true,
      "pass_day_p05": true,
      "pass_all": true
    },
    {
      "lot_size": 0.2,
      "expected_dd_abs": -912.0400000000004,
      "stress_dd_abs": -1288.6099999999992,
      "worst_day_abs": -85.2,
      "daily_p05_abs": -55.76,
      "pass_expected_dd": true,
      "pass_stress_dd": true,
      "pass_worst_day": true,
      "pass_day_p05": true,
      "pass_all": true
    },
    {
      "lot_size": 0.3,
      "expected_dd_abs": -1368.0600000000004,
      "stress_dd_abs": -1932.9149999999986,
      "worst_day_abs": -127.79999999999998,
      "daily_p05_abs": -83.63999999999999,
      "pass_expected_dd": false,
      "pass_stress_dd": true,
      "pass_worst_day": true,
      "pass_day_p05": true,
      "pass_all": false
    },
    {
      "lot_size": 0.4,
      "expected_dd_abs": -1824.0800000000008,
      "stress_dd_abs": -2577.2199999999984,
      "worst_day_abs": -170.4,
      "daily_p05_abs": -111.52,
      "pass_expected_dd": false,
      "pass_stress_dd": false,
      "pass_worst_day": true,
      "pass_day_p05": true,
      "pass_all": false
    },
    {
      "lot_size": 0.5,
      "expected_dd_abs": -2280.1000000000013,
      "stress_dd_abs": -3221.524999999998,
      "worst_day_abs": -213.0,
      "daily_p05_abs": -139.4,
      "pass_expected_dd": false,
      "pass_stress_dd": false,
      "pass_worst_day": true,
      "pass_day_p05": true,
      "pass_all": false
    },
    {
      "lot_size": 0.6,
      "expected_dd_abs": -2736.120000000001,
      "stress_dd_abs": -3865.829999999997,
      "worst_day_abs": -255.59999999999997,
      "daily_p05_abs": -167.27999999999997,
      "pass_expected_dd": false,
      "pass_stress_dd": false,
      "pass_worst_day": true,
      "pass_day_p05": true,
      "pass_all": false
    },
    {
      "lot_size": 0.7,
      "expected_dd_abs": -3192.1400000000012,
      "stress_dd_abs": -4510.134999999997,
      "worst_day_abs": -298.2,
      "daily_p05_abs": -195.15999999999997,
      "pass_expected_dd": false,
      "pass_stress_dd": false,
      "pass_worst_day": true,
      "pass_day_p05": true,
      "pass_all": false
    },
    {
      "lot_size": 0.8,
      "expected_dd_abs": -3648.1600000000017,
      "stress_dd_abs": -5154.439999999997,
      "worst_day_abs": -340.8,
      "daily_p05_abs": -223.04,
      "pass_expected_dd": false,
      "pass_stress_dd": false,
      "pass_worst_day": true,
      "pass_day_p05": true,
      "pass_all": false
    },
    {
      "lot_size": 0.9,
      "expected_dd_abs": -4104.180000000002,
      "stress_dd_abs": -5798.744999999996,
      "worst_day_abs": -383.40000000000003,
      "daily_p05_abs": -250.92,
      "pass_expected_dd": false,
      "pass_stress_dd": false,
      "pass_worst_day": true,
      "pass_day_p05": true,
      "pass_all": false
    },
    {
      "lot_size": 1.0,
      "expected_dd_abs": -4560.200000000003,
      "stress_dd_abs": -6443.049999999996,
      "worst_day_abs": -426.0,
      "daily_p05_abs": -278.8,
      "pass_expected_dd": false,
      "pass_stress_dd": false,
      "pass_worst_day": true,
      "pass_day_p05": true,
      "pass_all": false
    },
    {
      "lot_size": 1.1,
      "expected_dd_abs": -5016.220000000002,
      "stress_dd_abs": -7087.354999999996,
      "worst_day_abs": -468.6,
      "daily_p05_abs": -306.68,
      "pass_expected_dd": false,
      "pass_stress_dd": false,
      "pass_worst_day": true,
      "pass_day_p05": true,
      "pass_all": false
    },
    {
      "lot_size": 1.2,
      "expected_dd_abs": -5472.240000000002,
      "stress_dd_abs": -7731.659999999994,
      "worst_day_abs": -511.19999999999993,
      "daily_p05_abs": -334.55999999999995,
      "pass_expected_dd": false,
      "pass_stress_dd": false,
      "pass_worst_day": true,
      "pass_day_p05": true,
      "pass_all": false
    },
    {
      "lot_size": 1.3,
      "expected_dd_abs": -5928.260000000003,
      "stress_dd_abs": -8375.964999999995,
      "worst_day_abs": -553.8000000000001,
      "daily_p05_abs": -362.44,
      "pass_expected_dd": false,
      "pass_stress_dd": false,
      "pass_worst_day": true,
      "pass_day_p05": true,
      "pass_all": false
    },
    {
      "lot_size": 1.4,
      "expected_dd_abs": -6384.2800000000025,
      "stress_dd_abs": -9020.269999999993,
      "worst_day_abs": -596.4,
      "daily_p05_abs": -390.31999999999994,
      "pass_expected_dd": false,
      "pass_stress_dd": false,
      "pass_worst_day": true,
      "pass_day_p05": true,
      "pass_all": false
    },
    {
      "lot_size": 1.5,
      "expected_dd_abs": -6840.300000000003,
      "stress_dd_abs": -9664.574999999993,
      "worst_day_abs": -639.0,
      "daily_p05_abs": -418.2,
      "pass_expected_dd": false,
      "pass_stress_dd": false,
      "pass_worst_day": true,
      "pass_day_p05": true,
      "pass_all": false
    },
    {
      "lot_size": 1.6,
      "expected_dd_abs": -7296.320000000003,
      "stress_dd_abs": -10308.879999999994,
      "worst_day_abs": -681.6,
      "daily_p05_abs": -446.08,
      "pass_expected_dd": false,
      "pass_stress_dd": false,
      "pass_worst_day": false,
      "pass_day_p05": true,
      "pass_all": false
    },
    {
      "lot_size": 1.7,
      "expected_dd_abs": -7752.340000000004,
      "stress_dd_abs": -10953.184999999994,