{
  "strategy_id": "EURUSD_73_5.43.181_SELL_M15",
  "summary": {
    "strategy_id": "EURUSD_73_5.43.181_SELL_M15",
    "side_mix": null,
    "symbol_count": 1,
    "trade_count": 941,
    "baseline_lot": 0.1,
    "avg_trade_0_1": 1.1092029755579171,
    "avg_loss_0_1": -23.830243902439026,
    "p05_trade_0_1": -34.0,
    "p01_trade_0_1": -50.6,
    "worst_day_0_1": -68.2,
    "p05_day_0_1": -34.03,
    "expected_dd_0_1": -307.59999999999997,
    "stress_dd_0_1": -738.6290000000002,
    "robustness_score": 0.8,
    "portfolio_fit_score": 0.696820872183499,
    "diversification_score": 0.8937404185617406,
    "regime_dependency_score": 0.461615226259802,
    "correlation_penalty": 0.0517500254945888,
    "allowed_expected_dd_limit_abs": 1200.0,
    "allowed_stress_dd_limit_abs": 2250.0,
    "allowed_worst_day_limit_abs": 650.0,
    "allowed_day_p05_limit_abs": 450.0,
    "recommended_lot_size": 0.2,
    "max_safe_lot_size": 0.3,
    "expected_dd_at_recommended_lot": -615.1999999999999,
    "stress_dd_at_recommended_lot": -1477.2580000000005,
    "max_loss_per_day_recommendation": -68.06,
    "recommended_risk_budget": "VERY_LOW",
    "sizing_constraints": "{\"baseline_lot\": 0.1, \"recommended_lot_size\": 0.2, \"max_safe_lot_size\": 0.3, \"lot_step\": 0.1, \"max_supported_lot\": 5.0, \"max_expected_dd_abs\": 1200.0, \"max_stress_dd_abs\": 2250.0, \"max_worst_day_abs\": 650.0, \"max_daily_p05_abs\": 450.0}"
  },
  "baseline_metrics": {
    "trade_count": 941,
    "daily_count": 938,
    "net_profit_0_1": 1043.76,
    "avg_trade_0_1": 1.1092029755579171,
    "median_trade_0_1": 10.8,
    "std_trade_0_1": 22.11041874133703,
    "avg_loss_0_1": -23.830243902439026,
    "p05_trade_0_1": -34.0,
    "p01_trade_0_1": -50.6,
    "profit_factor_0_1": 1.1186986544392588,
    "historical_max_dd_0_1": -307.59999999999997,
    "mc_dd_p95_0_1": -738.6290000000002,
    "avg_day_0_1": 1.1127505330490408,
    "std_day_0_1": 22.205602211776345,
    "worst_day_0_1": -68.2,
    "p05_day_0_1": -34.03
  },
  "optional_layer_metrics": {
    "robustness_score": 0.8,
    "portfolio_fit_score": 0.696820872183499,
    "diversification_score": 0.8937404185617406,
    "correlation_penalty": 0.0517500254945888,
    "regime_dependency_score": 0.461615226259802
  },
  "limits": {
    "stress_limit_abs": 2250.0,
    "expected_dd_limit_abs": 1200.0,
    "worst_day_limit_abs": 650.0,
    "day_p05_limit_abs": 450.0
  },
  "lot_grid_table": [
    {
      "lot_size": 0.1,
      "expected_dd_abs": -307.59999999999997,
      "stress_dd_abs": -738.6290000000002,
      "worst_day_abs": -68.2,
      "daily_p05_abs": -34.03,
      "pass_expected_dd": true,
      "pass_stress_dd": true,
      "pass_worst_day": true,
      "pass_day_p05": true,
      "pass_all": true
    },
    {
      "lot_size": 0.2,
      "expected_dd_abs": -615.1999999999999,
      "stress_dd_abs": -1477.2580000000005,
      "worst_day_abs": -136.4,
      "daily_p05_abs": -68.06,
      "pass_expected_dd": true,
      "pass_stress_dd": true,
      "pass_worst_day": true,
      "pass_day_p05": true,
      "pass_all": true
    },
    {
      "lot_size": 0.3,
      "expected_dd_abs": -922.7999999999997,
      "stress_dd_abs": -2215.8870000000006,
      "worst_day_abs": -204.59999999999997,
      "daily_p05_abs": -102.08999999999999,
      "pass_expected_dd": true,
      "pass_stress_dd": true,
      "pass_worst_day": true,
      "pass_day_p05": true,
      "pass_all": true
    },
    {
      "lot_size": 0.4,
      "expected_dd_abs": -1230.3999999999999,
      "stress_dd_abs": -2954.516000000001,
      "worst_day_abs": -272.8,
      "daily_p05_abs": -136.12,
      "pass_expected_dd": false,
      "pass_stress_dd": false,
      "pass_worst_day": true,
      "pass_day_p05": true,
      "pass_all": false
    },
    {
      "lot_size": 0.5,
      "expected_dd_abs": -1537.9999999999998,
      "stress_dd_abs": -3693.1450000000013,
      "worst_day_abs": -341.0,
      "daily_p05_abs": -170.15,
      "pass_expected_dd": false,
      "pass_stress_dd": false,
      "pass_worst_day": true,
      "pass_day_p05": true,
      "pass_all": false
    },
    {
      "lot_size": 0.6,
      "expected_dd_abs": -1845.5999999999995,
      "stress_dd_abs": -4431.774000000001,
      "worst_day_abs": -409.19999999999993,
      "daily_p05_abs": -204.17999999999998,
      "pass_expected_dd": false,
      "pass_stress_dd": false,
      "pass_worst_day": true,
      "pass_day_p05": true,
      "pass_all": false
    },
    {
      "lot_size": 0.7,
      "expected_dd_abs": -2153.1999999999994,
      "stress_dd_abs": -5170.403000000001,
      "worst_day_abs": -477.4,
      "daily_p05_abs": -238.20999999999998,
      "pass_expected_dd": false,
      "pass_stress_dd": false,
      "pass_worst_day": true,
      "pass_day_p05": true,
      "pass_all": false
    },
    {
      "lot_size": 0.8,
      "expected_dd_abs": -2460.7999999999997,
      "stress_dd_abs": -5909.032000000002,
      "worst_day_abs": -545.6,
      "daily_p05_abs": -272.24,
      "pass_expected_dd": false,
      "pass_stress_dd": false,
      "pass_worst_day": true,
      "pass_day_p05": true,
      "pass_all": false
    },
    {
      "lot_size": 0.9,
      "expected_dd_abs": -2768.3999999999996,
      "stress_dd_abs": -6647.661000000002,
      "worst_day_abs": -613.8000000000001,
      "daily_p05_abs": -306.27,
      "pass_expected_dd": false,
      "pass_stress_dd": false,
      "pass_worst_day": true,
      "pass_day_p05": true,
      "pass_all": false
    },
    {
      "lot_size": 1.0,
      "expected_dd_abs": -3075.9999999999995,
      "stress_dd_abs": -7386.290000000003,
      "worst_day_abs": -682.0,
      "daily_p05_abs": -340.3,
      "pass_expected_dd": false,
      "pass_stress_dd": false,
      "pass_worst_day": false,
      "pass_day_p05": true,
      "pass_all": false
    },
    {
      "lot_size": 1.1,
      "expected_dd_abs": -3383.5999999999995,
      "stress_dd_abs": -8124.919000000003,
      "worst_day_abs": -750.2,
      "daily_p05_abs": -374.33000000000004,
      "pass_expected_dd": false,
      "pass_stress_dd": false,
      "pass_worst_day": false,
      "pass_day_p05": true,
      "pass_all": false
    },
    {
      "lot_size": 1.2,
      "expected_dd_abs": -3691.199999999999,
      "stress_dd_abs": -8863.548000000003,
      "worst_day_abs": -818.3999999999999,
      "daily_p05_abs": -408.35999999999996,
      "pass_expected_dd": false,
      "pass_stress_dd": false,
      "pass_worst_day": false,
      "pass_day_p05": true,
      "pass_all": false
    },
    {
      "lot_size": 1.3,
      "expected_dd_abs": -3998.7999999999997,
      "stress_dd_abs": -9602.177000000003,
      "worst_day_abs": -886.6,
      "daily_p05_abs": -442.39,
      "pass_expected_dd": false,
      "pass_stress_dd": false,
      "pass_worst_day": false,
      "pass_day_p05": true,
      "pass_all": false
    },
    {
      "lot_size": 1.4,
      "expected_dd_abs": -4306.399999999999,
      "stress_dd_abs": -10340.806000000002,
      "worst_day_abs": -954.8,
      "daily_p05_abs": -476.41999999999996,
      "pass_expected_dd": false,
      "pass_stress_dd": false,
      "pass_worst_day": false,
      "pass_day_p05": false,
      "pass_all": false
    },
    {
      "lot_size": 1.5,
      "expected_dd_abs": -4613.999999999999,
      "stress_dd_abs": -11079.435000000003,
      "worst_day_abs": -1023.0,
      "daily_p05_abs": -510.45000000000005,
      "pass_expected_dd": false,
      "pass_stress_dd": false,
      "pass_worst_day": false,
      "pass_day_p05": false,
      "pass_all": false
    },
    {
      "lot_size": 1.6,
      "expected_dd_abs": -4921.599999999999,
      "stress_dd_abs": -11818.064000000004,
      "worst_day_abs": -1091.2,
      "daily_p05_abs": -544.48,
      "pass_expected_dd": false,
      "pass_stress_dd": false,
      "pass_worst_day": false,
      "pass_day_p05": false,
      "pass_all": false
    },
    {
      "lot_size": 1.7,
      "expected_dd_abs": -5229.2,