{
  "strategy_id": "EURUSD_18_6.6.111_SELL_M15",
  "summary": {
    "strategy_id": "EURUSD_18_6.6.111_SELL_M15",
    "side_mix": "SELL",
    "symbol_count": 1,
    "trade_count": 1535,
    "baseline_lot": 0.1,
    "avg_trade_0_1": 5.851765472312704,
    "avg_loss_0_1": -36.197011764705884,
    "p05_trade_0_1": -80.79,
    "p01_trade_0_1": -155.59799999999998,
    "worst_day_0_1": -419.2,
    "p05_day_0_1": -134.4,
    "expected_dd_0_1": -2298.0,
    "stress_dd_0_1": -2114.656,
    "robustness_score": 1.0,
    "portfolio_fit_score": 0.698236009076973,
    "diversification_score": 0.897618911526771,
    "regime_dependency_score": 0.37928607623590127,
    "correlation_penalty": 0.0540410308504392,
    "allowed_expected_dd_limit_abs": 1200.0,
    "allowed_stress_dd_limit_abs": 2500.0,
    "allowed_worst_day_limit_abs": 650.0,
    "allowed_day_p05_limit_abs": 450.0,
    "recommended_lot_size": 0.1,
    "max_safe_lot_size": null,
    "expected_dd_at_recommended_lot": -2298.0,
    "stress_dd_at_recommended_lot": -2114.656,
    "max_loss_per_day_recommendation": -134.4,
    "recommended_risk_budget": null,
    "sizing_constraints": "{\"baseline_lot\": 0.1, \"recommended_lot_size\": 0.1, \"max_safe_lot_size\": null, \"lot_step\": 0.1, \"max_supported_lot\": 5.0, \"max_expected_dd_abs\": 1200.0, \"max_stress_dd_abs\": 2500.0, \"max_worst_day_abs\": 650.0, \"max_daily_p05_abs\": 450.0}"
  },
  "baseline_metrics": {
    "trade_count": 1535,
    "daily_count": 771,
    "net_profit_0_1": 8982.460000000001,
    "avg_trade_0_1": 5.851765472312704,
    "median_trade_0_1": -6.6,
    "std_trade_0_1": 72.02038945651279,
    "avg_loss_0_1": -36.197011764705884,
    "p05_trade_0_1": -80.79,
    "p01_trade_0_1": -155.59799999999998,
    "profit_factor_0_1": 1.2919467515355512,
    "historical_max_dd_0_1": -2298.0,
    "mc_dd_p95_0_1": -2114.656,
    "avg_day_0_1": 11.650402075226976,
    "std_day_0_1": 127.10707319960834,
    "worst_day_0_1": -419.2,
    "p05_day_0_1": -134.4
  },
  "optional_layer_metrics": {
    "robustness_score": 1.0,
    "portfolio_fit_score": 0.698236009076973,
    "diversification_score": 0.897618911526771,
    "correlation_penalty": 0.0540410308504392,
    "regime_dependency_score": 0.37928607623590127
  },
  "limits": {
    "stress_limit_abs": 2500.0,
    "expected_dd_limit_abs": 1200.0,
    "worst_day_limit_abs": 650.0,
    "day_p05_limit_abs": 450.0
  },
  "lot_grid_table": [
    {
      "lot_size": 0.1,
      "expected_dd_abs": -2298.0,
      "stress_dd_abs": -2114.656,
      "worst_day_abs": -419.2,
      "daily_p05_abs": -134.4,
      "pass_expected_dd": false,
      "pass_stress_dd": true,
      "pass_worst_day": true,
      "pass_day_p05": true,
      "pass_all": false
    },
    {
      "lot_size": 0.2,
      "expected_dd_abs": -4596.0,
      "stress_dd_abs": -4229.312,
      "worst_day_abs": -838.4,
      "daily_p05_abs": -268.8,
      "pass_expected_dd": false,
      "pass_stress_dd": false,
      "pass_worst_day": false,
      "pass_day_p05": true,
      "pass_all": false
    },
    {
      "lot_size": 0.3,
      "expected_dd_abs": -6893.999999999999,
      "stress_dd_abs": -6343.967999999999,
      "worst_day_abs": -1257.5999999999997,
      "daily_p05_abs": -403.19999999999993,
      "pass_expected_dd": false,
      "pass_stress_dd": false,
      "pass_worst_day": false,
      "pass_day_p05": true,
      "pass_all": false
    },
    {
      "lot_size": 0.4,
      "expected_dd_abs": -9192.0,
      "stress_dd_abs": -8458.624,
      "worst_day_abs": -1676.8,
      "daily_p05_abs": -537.6,
      "pass_expected_dd": false,
      "pass_stress_dd": false,
      "pass_worst_day": false,
      "pass_day_p05": false,
      "pass_all": false
    },
    {
      "lot_size": 0.5,
      "expected_dd_abs": -11490.0,
      "stress_dd_abs": -10573.279999999999,
      "worst_day_abs": -2096.0,
      "daily_p05_abs": -672.0,
      "pass_expected_dd": false,
      "pass_stress_dd": false,
      "pass_worst_day": false,
      "pass_day_p05": false,
      "pass_all": false
    },
    {
      "lot_size": 0.6,
      "expected_dd_abs": -13787.999999999998,
      "stress_dd_abs": -12687.935999999998,
      "worst_day_abs": -2515.1999999999994,
      "daily_p05_abs": -806.3999999999999,
      "pass_expected_dd": false,
      "pass_stress_dd": false,
      "pass_worst_day": false,
      "pass_day_p05": false,
      "pass_all": false
    },
    {
      "lot_size": 0.7,
      "expected_dd_abs": -16085.999999999998,
      "stress_dd_abs": -14802.591999999997,
      "worst_day_abs": -2934.3999999999996,
      "daily_p05_abs": -940.8,
      "pass_expected_dd": false,
      "pass_stress_dd": false,
      "pass_worst_day": false,
      "pass_day_p05": false,
      "pass_all": false
    },
    {
      "lot_size": 0.8,
      "expected_dd_abs": -18384.0,
      "stress_dd_abs": -16917.248,
      "worst_day_abs": -3353.6,
      "daily_p05_abs": -1075.2,
      "pass_expected_dd": false,
      "pass_stress_dd": false,
      "pass_worst_day": false,
      "pass_day_p05": false,
      "pass_all": false
    },
    {
      "lot_size": 0.9,
      "expected_dd_abs": -20682.0,
      "stress_dd_abs": -19031.904,
      "worst_day_abs": -3772.7999999999997,
      "daily_p05_abs": -1209.6000000000001,
      "pass_expected_dd": false,
      "pass_stress_dd": false,
      "pass_worst_day": false,
      "pass_day_p05": false,
      "pass_all": false
    },
    {
      "lot_size": 1.0,
      "expected_dd_abs": -22980.0,
      "stress_dd_abs": -21146.559999999998,
      "worst_day_abs": -4192.0,
      "daily_p05_abs": -1344.0,
      "pass_expected_dd": false,
      "pass_stress_dd": false,
      "pass_worst_day": false,
      "pass_day_p05": false,
      "pass_all": false
    },
    {
      "lot_size": 1.1,
      "expected_dd_abs": -25278.0,
      "stress_dd_abs": -23261.216,
      "worst_day_abs": -4611.2,
      "daily_p05_abs": -1478.4,
      "pass_expected_dd": false,
      "pass_stress_dd": false,
      "pass_worst_day": false,
      "pass_day_p05": false,
      "pass_all": false
    },
    {
      "lot_size": 1.2,
      "expected_dd_abs": -27575.999999999996,
      "stress_dd_abs": -25375.871999999996,
      "worst_day_abs": -5030.399999999999,
      "daily_p05_abs": -1612.7999999999997,
      "pass_expected_dd": false,
      "pass_stress_dd": false,
      "pass_worst_day": false,
      "pass_day_p05": false,
      "pass_all": false
    },
    {
      "lot_size": 1.3,
      "expected_dd_abs": -29874.0,
      "stress_dd_abs": -27490.528,
      "worst_day_abs": -5449.599999999999,
      "daily_p05_abs": -1747.2,
      "pass_expected_dd": false,
      "pass_stress_dd": false,
      "pass_worst_day": false,
      "pass_day_p05": false,
      "pass_all": false
    },
    {
      "lot_size": 1.4,
      "expected_dd_abs": -32171.999999999996,
      "stress_dd_abs": -29605.183999999994,
      "worst_day_abs": -5868.799999999999,
      "daily_p05_abs": -1881.6,
      "pass_expected_dd": false,
      "pass_stress_dd": false,
      "pass_worst_day": false,
      "pass_day_p05": false,
      "pass_all": false
    },
    {
      "lot_size": 1.5,
      "expected_dd_abs": -34470.0,
      "stress_dd_abs": -31719.84,
      "worst_day_abs": -6288.0,
      "daily_p05_abs": -2016.0,
      "pass_expected_dd": false,
      "pass_stress_dd": false,
      "pass_worst_day": false,
      "pass_day_p05": false,
      "pass_all": false
    },
    {
      "lot_size": 1.6,
      "expected_dd_abs": -36768.0,
      "stress_dd_abs": -33834.496,
      "worst_day_abs": -6707.2,
      "daily_p05_abs": -2150.4,
      "pass_expected_dd": false,
      "pass_stress_dd": false,
      "pass_worst_day": false,
      "pass_day_p05": false,
      "pass_all": false
    },
    {
      "lot_size": 1.7,
      "expected_dd_abs": -39066.0,
      "stress_dd_abs": -35949.152,
      "worst_day_abs": -7126.4,
      "daily_p05_abs": -2284.8,
      "pass_expected_dd": false,
      "pass_stress_dd": false,
      "pass_worst_day": false,