{
  "strategy_id": "EURUSD_59_2.34.129_SELL_M15",
  "summary": {
    "strategy_id": "EURUSD_59_2.34.129_SELL_M15",
    "side_mix": null,
    "symbol_count": 1,
    "trade_count": 964,
    "baseline_lot": 0.1,
    "avg_trade_0_1": 0.7868464730290455,
    "avg_loss_0_1": -32.07627118644068,
    "p05_trade_0_1": -46.4,
    "p01_trade_0_1": -62.585,
    "worst_day_0_1": -117.8,
    "p05_day_0_1": -46.419999999999995,
    "expected_dd_0_1": -442.68,
    "stress_dd_0_1": -1172.785,
    "robustness_score": 0.8,
    "portfolio_fit_score": 0.6936448985389184,
    "diversification_score": 0.8874005945602508,
    "regime_dependency_score": 0.4471274922219652,
    "correlation_penalty": 0.0888474181573862,
    "allowed_expected_dd_limit_abs": 1200.0,
    "allowed_stress_dd_limit_abs": 2500.0,
    "allowed_worst_day_limit_abs": 650.0,
    "allowed_day_p05_limit_abs": 450.0,
    "recommended_lot_size": 0.1,
    "max_safe_lot_size": 0.2,
    "expected_dd_at_recommended_lot": -442.68,
    "stress_dd_at_recommended_lot": -1172.785,
    "max_loss_per_day_recommendation": -46.419999999999995,
    "recommended_risk_budget": "VERY_LOW",
    "sizing_constraints": "{\"baseline_lot\": 0.1, \"recommended_lot_size\": 0.1, \"max_safe_lot_size\": 0.2, \"lot_step\": 0.1, \"max_supported_lot\": 5.0, \"max_expected_dd_abs\": 1200.0, \"max_stress_dd_abs\": 2500.0, \"max_worst_day_abs\": 650.0, \"max_daily_p05_abs\": 450.0}"
  },
  "baseline_metrics": {
    "trade_count": 964,
    "daily_count": 960,
    "net_profit_0_1": 758.5199999999999,
    "avg_trade_0_1": 0.7868464730290455,
    "median_trade_0_1": 13.5,
    "std_trade_0_1": 27.588686493628046,
    "avg_loss_0_1": -32.07627118644068,
    "p05_trade_0_1": -46.4,
    "p01_trade_0_1": -62.585,
    "profit_factor_0_1": 1.0668005284015853,
    "historical_max_dd_0_1": -442.68,
    "mc_dd_p95_0_1": -1172.785,
    "avg_day_0_1": 0.7901249999999999,
    "std_day_0_1": 27.631235170056016,
    "worst_day_0_1": -117.8,
    "p05_day_0_1": -46.419999999999995
  },
  "optional_layer_metrics": {
    "robustness_score": 0.8,
    "portfolio_fit_score": 0.6936448985389184,
    "diversification_score": 0.8874005945602508,
    "correlation_penalty": 0.0888474181573862,
    "regime_dependency_score": 0.4471274922219652
  },
  "limits": {
    "stress_limit_abs": 2500.0,
    "expected_dd_limit_abs": 1200.0,
    "worst_day_limit_abs": 650.0,
    "day_p05_limit_abs": 450.0
  },
  "lot_grid_table": [
    {
      "lot_size": 0.1,
      "expected_dd_abs": -442.68,
      "stress_dd_abs": -1172.785,
      "worst_day_abs": -117.8,
      "daily_p05_abs": -46.419999999999995,
      "pass_expected_dd": true,
      "pass_stress_dd": true,
      "pass_worst_day": true,
      "pass_day_p05": true,
      "pass_all": true
    },
    {
      "lot_size": 0.2,
      "expected_dd_abs": -885.36,
      "stress_dd_abs": -2345.57,
      "worst_day_abs": -235.6,
      "daily_p05_abs": -92.83999999999999,
      "pass_expected_dd": true,
      "pass_stress_dd": true,
      "pass_worst_day": true,
      "pass_day_p05": true,
      "pass_all": true
    },
    {
      "lot_size": 0.3,
      "expected_dd_abs": -1328.0399999999997,
      "stress_dd_abs": -3518.3549999999996,
      "worst_day_abs": -353.3999999999999,
      "daily_p05_abs": -139.25999999999996,
      "pass_expected_dd": false,
      "pass_stress_dd": false,
      "pass_worst_day": true,
      "pass_day_p05": true,
      "pass_all": false
    },
    {
      "lot_size": 0.4,
      "expected_dd_abs": -1770.72,
      "stress_dd_abs": -4691.14,
      "worst_day_abs": -471.2,
      "daily_p05_abs": -185.67999999999998,
      "pass_expected_dd": false,
      "pass_stress_dd": false,
      "pass_worst_day": true,
      "pass_day_p05": true,
      "pass_all": false
    },
    {
      "lot_size": 0.5,
      "expected_dd_abs": -2213.4,
      "stress_dd_abs": -5863.925,
      "worst_day_abs": -589.0,
      "daily_p05_abs": -232.09999999999997,
      "pass_expected_dd": false,
      "pass_stress_dd": false,
      "pass_worst_day": true,
      "pass_day_p05": true,
      "pass_all": false
    },
    {
      "lot_size": 0.6,
      "expected_dd_abs": -2656.0799999999995,
      "stress_dd_abs": -7036.709999999999,
      "worst_day_abs": -706.7999999999998,
      "daily_p05_abs": -278.5199999999999,
      "pass_expected_dd": false,
      "pass_stress_dd": false,
      "pass_worst_day": false,
      "pass_day_p05": true,
      "pass_all": false
    },
    {
      "lot_size": 0.7,
      "expected_dd_abs": -3098.7599999999998,
      "stress_dd_abs": -8209.494999999999,
      "worst_day_abs": -824.5999999999999,
      "daily_p05_abs": -324.93999999999994,
      "pass_expected_dd": false,
      "pass_stress_dd": false,
      "pass_worst_day": false,
      "pass_day_p05": true,
      "pass_all": false
    },
    {
      "lot_size": 0.8,
      "expected_dd_abs": -3541.44,
      "stress_dd_abs": -9382.28,
      "worst_day_abs": -942.4,
      "daily_p05_abs": -371.35999999999996,
      "pass_expected_dd": false,
      "pass_stress_dd": false,
      "pass_worst_day": false,
      "pass_day_p05": true,
      "pass_all": false
    },
    {
      "lot_size": 0.9,
      "expected_dd_abs": -3984.12,
      "stress_dd_abs": -10555.065,
      "worst_day_abs": -1060.2,
      "daily_p05_abs": -417.78,
      "pass_expected_dd": false,
      "pass_stress_dd": false,
      "pass_worst_day": false,
      "pass_day_p05": true,
      "pass_all": false
    },
    {
      "lot_size": 1.0,
      "expected_dd_abs": -4426.8,
      "stress_dd_abs": -11727.85,
      "worst_day_abs": -1178.0,
      "daily_p05_abs": -464.19999999999993,
      "pass_expected_dd": false,
      "pass_stress_dd": false,
      "pass_worst_day": false,
      "pass_day_p05": false,
      "pass_all": false
    },
    {
      "lot_size": 1.1,
      "expected_dd_abs": -4869.4800000000005,
      "stress_dd_abs": -12900.635,
      "worst_day_abs": -1295.8,
      "daily_p05_abs": -510.61999999999995,
      "pass_expected_dd": false,
      "pass_stress_dd": false,
      "pass_worst_day": false,
      "pass_day_p05": false,
      "pass_all": false
    },
    {
      "lot_size": 1.2,
      "expected_dd_abs": -5312.159999999999,
      "stress_dd_abs": -14073.419999999998,
      "worst_day_abs": -1413.5999999999997,
      "daily_p05_abs": -557.0399999999998,
      "pass_expected_dd": false,
      "pass_stress_dd": false,
      "pass_worst_day": false,
      "pass_day_p05": false,
      "pass_all": false
    },
    {
      "lot_size": 1.3,
      "expected_dd_abs": -5754.84,
      "stress_dd_abs": -15246.205000000002,
      "worst_day_abs": -1531.3999999999999,
      "daily_p05_abs": -603.4599999999999,
      "pass_expected_dd": false,
      "pass_stress_dd": false,
      "pass_worst_day": false,
      "pass_day_p05": false,
      "pass_all": false
    },
    {
      "lot_size": 1.4,
      "expected_dd_abs": -6197.5199999999995,
      "stress_dd_abs": -16418.989999999998,
      "worst_day_abs": -1649.1999999999998,
      "daily_p05_abs": -649.8799999999999,
      "pass_expected_dd": false,
      "pass_stress_dd": false,
      "pass_worst_day": false,
      "pass_day_p05": false,
      "pass_all": false
    },
    {
      "lot_size": 1.5,
      "expected_dd_abs": -6640.2,
      "stress_dd_abs": -17591.775,
      "worst_day_abs": -1767.0,
      "daily_p05_abs": -696.3,
      "pass_expected_dd": false,
      "pass_stress_dd": false,
      "pass_worst_day": false,
      "pass_day_p05": false,
      "pass_all": false
    },
    {
      "lot_size": 1.6,
      "expected_dd_abs": -7082.88,
      "stress_dd_abs": -18764.56,
      "worst_day_abs": -1884.8,
      "daily_p05_abs": -742.7199999999999,
      "pass_expected_dd": false,
      "pass_stress_dd": false,
      "pass_worst_day": false,
      "pass_day_p05": false,
      "pass_all": false
    },
    {
      "lot_size": 1.7,
      "expected_dd_abs": -7525.56,
      "stress_dd_abs": -19937.345,
      "worst_day_abs": -2002.6,