{
  "strategy_id": "EURUSD_71_5.30.159_SELL_M15",
  "summary": {
    "strategy_id": "EURUSD_71_5.30.159_SELL_M15",
    "side_mix": null,
    "symbol_count": 1,
    "trade_count": 1001,
    "baseline_lot": 0.1,
    "avg_trade_0_1": 0.8002797202797204,
    "avg_loss_0_1": -24.407826086956522,
    "p05_trade_0_1": -35.9,
    "p01_trade_0_1": -48.5,
    "worst_day_0_1": -84.48,
    "p05_day_0_1": -36.04,
    "expected_dd_0_1": -460.1999999999998,
    "stress_dd_0_1": -928.3639999999998,
    "robustness_score": 0.8,
    "portfolio_fit_score": 0.6952751505256676,
    "diversification_score": 0.8908813040132011,
    "regime_dependency_score": 0.4641865427085472,
    "correlation_penalty": 0.0729800896977782,
    "allowed_expected_dd_limit_abs": 1200.0,
    "allowed_stress_dd_limit_abs": 2250.0,
    "allowed_worst_day_limit_abs": 650.0,
    "allowed_day_p05_limit_abs": 450.0,
    "recommended_lot_size": 0.1,
    "max_safe_lot_size": 0.2,
    "expected_dd_at_recommended_lot": -460.1999999999998,
    "stress_dd_at_recommended_lot": -928.3639999999998,
    "max_loss_per_day_recommendation": -36.04,
    "recommended_risk_budget": "VERY_LOW",
    "sizing_constraints": "{\"baseline_lot\": 0.1, \"recommended_lot_size\": 0.1, \"max_safe_lot_size\": 0.2, \"lot_step\": 0.1, \"max_supported_lot\": 5.0, \"max_expected_dd_abs\": 1200.0, \"max_stress_dd_abs\": 2250.0, \"max_worst_day_abs\": 650.0, \"max_daily_p05_abs\": 450.0}"
  },
  "baseline_metrics": {
    "trade_count": 1001,
    "daily_count": 994,
    "net_profit_0_1": 801.0800000000002,
    "avg_trade_0_1": 0.8002797202797204,
    "median_trade_0_1": 11.3,
    "std_trade_0_1": 23.210153707411727,
    "avg_loss_0_1": -24.407826086956522,
    "p05_trade_0_1": -35.9,
    "p01_trade_0_1": -48.5,
    "profit_factor_0_1": 1.0792768613852373,
    "historical_max_dd_0_1": -460.1999999999998,
    "mc_dd_p95_0_1": -928.3639999999998,
    "avg_day_0_1": 0.8059154929577467,
    "std_day_0_1": 23.24525893288564,
    "worst_day_0_1": -84.48,
    "p05_day_0_1": -36.04
  },
  "optional_layer_metrics": {
    "robustness_score": 0.8,
    "portfolio_fit_score": 0.6952751505256676,
    "diversification_score": 0.8908813040132011,
    "correlation_penalty": 0.0729800896977782,
    "regime_dependency_score": 0.4641865427085472
  },
  "limits": {
    "stress_limit_abs": 2250.0,
    "expected_dd_limit_abs": 1200.0,
    "worst_day_limit_abs": 650.0,
    "day_p05_limit_abs": 450.0
  },
  "lot_grid_table": [
    {
      "lot_size": 0.1,
      "expected_dd_abs": -460.1999999999998,
      "stress_dd_abs": -928.3639999999998,
      "worst_day_abs": -84.48,
      "daily_p05_abs": -36.04,
      "pass_expected_dd": true,
      "pass_stress_dd": true,
      "pass_worst_day": true,
      "pass_day_p05": true,
      "pass_all": true
    },
    {
      "lot_size": 0.2,
      "expected_dd_abs": -920.3999999999996,
      "stress_dd_abs": -1856.7279999999996,
      "worst_day_abs": -168.96,
      "daily_p05_abs": -72.08,
      "pass_expected_dd": true,
      "pass_stress_dd": true,
      "pass_worst_day": true,
      "pass_day_p05": true,
      "pass_all": true
    },
    {
      "lot_size": 0.3,
      "expected_dd_abs": -1380.5999999999992,
      "stress_dd_abs": -2785.091999999999,
      "worst_day_abs": -253.43999999999997,
      "daily_p05_abs": -108.11999999999998,
      "pass_expected_dd": false,
      "pass_stress_dd": false,
      "pass_worst_day": true,
      "pass_day_p05": true,
      "pass_all": false
    },
    {
      "lot_size": 0.4,
      "expected_dd_abs": -1840.7999999999993,
      "stress_dd_abs": -3713.455999999999,
      "worst_day_abs": -337.92,
      "daily_p05_abs": -144.16,
      "pass_expected_dd": false,
      "pass_stress_dd": false,
      "pass_worst_day": true,
      "pass_day_p05": true,
      "pass_all": false
    },
    {
      "lot_size": 0.5,
      "expected_dd_abs": -2300.999999999999,
      "stress_dd_abs": -4641.819999999999,
      "worst_day_abs": -422.40000000000003,
      "daily_p05_abs": -180.2,
      "pass_expected_dd": false,
      "pass_stress_dd": false,
      "pass_worst_day": true,
      "pass_day_p05": true,
      "pass_all": false
    },
    {
      "lot_size": 0.6,
      "expected_dd_abs": -2761.1999999999985,
      "stress_dd_abs": -5570.183999999998,
      "worst_day_abs": -506.87999999999994,
      "daily_p05_abs": -216.23999999999995,
      "pass_expected_dd": false,
      "pass_stress_dd": false,
      "pass_worst_day": true,
      "pass_day_p05": true,
      "pass_all": false
    },
    {
      "lot_size": 0.7,
      "expected_dd_abs": -3221.3999999999983,
      "stress_dd_abs": -6498.547999999998,
      "worst_day_abs": -591.3599999999999,
      "daily_p05_abs": -252.27999999999997,
      "pass_expected_dd": false,
      "pass_stress_dd": false,
      "pass_worst_day": true,
      "pass_day_p05": true,
      "pass_all": false
    },
    {
      "lot_size": 0.8,
      "expected_dd_abs": -3681.5999999999985,
      "stress_dd_abs": -7426.911999999998,
      "worst_day_abs": -675.84,
      "daily_p05_abs": -288.32,
      "pass_expected_dd": false,
      "pass_stress_dd": false,
      "pass_worst_day": false,
      "pass_day_p05": true,
      "pass_all": false
    },
    {
      "lot_size": 0.9,
      "expected_dd_abs": -4141.799999999998,
      "stress_dd_abs": -8355.275999999998,
      "worst_day_abs": -760.32,
      "daily_p05_abs": -324.36,
      "pass_expected_dd": false,
      "pass_stress_dd": false,
      "pass_worst_day": false,
      "pass_day_p05": true,
      "pass_all": false
    },
    {
      "lot_size": 1.0,
      "expected_dd_abs": -4601.999999999998,
      "stress_dd_abs": -9283.639999999998,
      "worst_day_abs": -844.8000000000001,
      "daily_p05_abs": -360.4,
      "pass_expected_dd": false,
      "pass_stress_dd": false,
      "pass_worst_day": false,
      "pass_day_p05": true,
      "pass_all": false
    },
    {
      "lot_size": 1.1,
      "expected_dd_abs": -5062.199999999998,
      "stress_dd_abs": -10212.003999999997,
      "worst_day_abs": -929.2800000000001,
      "daily_p05_abs": -396.44,
      "pass_expected_dd": false,
      "pass_stress_dd": false,
      "pass_worst_day": false,
      "pass_day_p05": true,
      "pass_all": false
    },
    {
      "lot_size": 1.2,
      "expected_dd_abs": -5522.399999999997,
      "stress_dd_abs": -11140.367999999997,
      "worst_day_abs": -1013.7599999999999,
      "daily_p05_abs": -432.4799999999999,
      "pass_expected_dd": false,
      "pass_stress_dd": false,
      "pass_worst_day": false,
      "pass_day_p05": true,
      "pass_all": false
    },
    {
      "lot_size": 1.3,
      "expected_dd_abs": -5982.599999999998,
      "stress_dd_abs": -12068.731999999998,
      "worst_day_abs": -1098.24,
      "daily_p05_abs": -468.52,
      "pass_expected_dd": false,
      "pass_stress_dd": false,
      "pass_worst_day": false,
      "pass_day_p05": false,
      "pass_all": false
    },
    {
      "lot_size": 1.4,
      "expected_dd_abs": -6442.7999999999965,
      "stress_dd_abs": -12997.095999999996,
      "worst_day_abs": -1182.7199999999998,
      "daily_p05_abs": -504.55999999999995,
      "pass_expected_dd": false,
      "pass_stress_dd": false,
      "pass_worst_day": false,
      "pass_day_p05": false,
      "pass_all": false
    },
    {
      "lot_size": 1.5,
      "expected_dd_abs": -6902.999999999997,
      "stress_dd_abs": -13925.459999999997,
      "worst_day_abs": -1267.2,
      "daily_p05_abs": -540.6,
      "pass_expected_dd": false,
      "pass_stress_dd": false,
      "pass_worst_day": false,
      "pass_day_p05": false,
      "pass_all": false
    },
    {
      "lot_size": 1.6,
      "expected_dd_abs": -7363.199999999997,
      "stress_dd_abs": -14853.823999999997,
      "worst_day_abs": -1351.68,
      "daily_p05_abs": -576.64,
      "pass_expected_dd": false,
      "pass_stress_dd": false,
      "pass_worst_day": false,
      "pass_day_p05": false,