{
  "strategy_id": "GBPJPY_66_4.17.131_BOTH_M15",
  "summary": {
    "strategy_id": "GBPJPY_66_4.17.131_BOTH_M15",
    "side_mix": null,
    "symbol_count": 1,
    "trade_count": 908,
    "baseline_lot": 0.1,
    "avg_trade_0_1": 3.1788215859030835,
    "avg_loss_0_1": -45.14290076335878,
    "p05_trade_0_1": -75.7925,
    "p01_trade_0_1": -89.6079,
    "worst_day_0_1": -92.54,
    "p05_day_0_1": -75.8075,
    "expected_dd_0_1": -1053.77,
    "stress_dd_0_1": -1497.7000000000005,
    "robustness_score": 1.0,
    "portfolio_fit_score": 0.7083307968736124,
    "diversification_score": 0.916964815887173,
    "regime_dependency_score": 0.5296714984841833,
    "correlation_penalty": 0.0802018599335028,
    "allowed_expected_dd_limit_abs": 1200.0,
    "allowed_stress_dd_limit_abs": 2250.0,
    "allowed_worst_day_limit_abs": 650.0,
    "allowed_day_p05_limit_abs": 450.0,
    "recommended_lot_size": 0.1,
    "max_safe_lot_size": 0.1,
    "expected_dd_at_recommended_lot": -1053.77,
    "stress_dd_at_recommended_lot": -1497.7000000000005,
    "max_loss_per_day_recommendation": -75.8075,
    "recommended_risk_budget": "VERY_LOW",
    "sizing_constraints": "{\"baseline_lot\": 0.1, \"recommended_lot_size\": 0.1, \"max_safe_lot_size\": 0.1, \"lot_step\": 0.1, \"max_supported_lot\": 5.0, \"max_expected_dd_abs\": 1200.0, \"max_stress_dd_abs\": 2250.0, \"max_worst_day_abs\": 650.0, \"max_daily_p05_abs\": 450.0}"
  },
  "baseline_metrics": {
    "trade_count": 908,
    "daily_count": 902,
    "net_profit_0_1": 2886.37,
    "avg_trade_0_1": 3.1788215859030835,
    "median_trade_0_1": 7.985,
    "std_trade_0_1": 49.32568974745156,
    "avg_loss_0_1": -45.14290076335878,
    "p05_trade_0_1": -75.7925,
    "p01_trade_0_1": -89.6079,
    "profit_factor_0_1": 1.162693420272406,
    "historical_max_dd_0_1": -1053.77,
    "mc_dd_p95_0_1": -1497.7000000000005,
    "avg_day_0_1": 3.1999667405764964,
    "std_day_0_1": 49.395479230060836,
    "worst_day_0_1": -92.54,
    "p05_day_0_1": -75.8075
  },
  "optional_layer_metrics": {
    "robustness_score": 1.0,
    "portfolio_fit_score": 0.7083307968736124,
    "diversification_score": 0.916964815887173,
    "correlation_penalty": 0.0802018599335028,
    "regime_dependency_score": 0.5296714984841833
  },
  "limits": {
    "stress_limit_abs": 2250.0,
    "expected_dd_limit_abs": 1200.0,
    "worst_day_limit_abs": 650.0,
    "day_p05_limit_abs": 450.0
  },
  "lot_grid_table": [
    {
      "lot_size": 0.1,
      "expected_dd_abs": -1053.77,
      "stress_dd_abs": -1497.7000000000005,
      "worst_day_abs": -92.54,
      "daily_p05_abs": -75.8075,
      "pass_expected_dd": true,
      "pass_stress_dd": true,
      "pass_worst_day": true,
      "pass_day_p05": true,
      "pass_all": true
    },
    {
      "lot_size": 0.2,
      "expected_dd_abs": -2107.54,
      "stress_dd_abs": -2995.400000000001,
      "worst_day_abs": -185.08,
      "daily_p05_abs": -151.615,
      "pass_expected_dd": false,
      "pass_stress_dd": false,
      "pass_worst_day": true,
      "pass_day_p05": true,
      "pass_all": false
    },
    {
      "lot_size": 0.3,
      "expected_dd_abs": -3161.3099999999995,
      "stress_dd_abs": -4493.100000000001,
      "worst_day_abs": -277.62,
      "daily_p05_abs": -227.42249999999999,
      "pass_expected_dd": false,
      "pass_stress_dd": false,
      "pass_worst_day": true,
      "pass_day_p05": true,
      "pass_all": false
    },
    {
      "lot_size": 0.4,
      "expected_dd_abs": -4215.08,
      "stress_dd_abs": -5990.800000000002,
      "worst_day_abs": -370.16,
      "daily_p05_abs": -303.23,
      "pass_expected_dd": false,
      "pass_stress_dd": false,
      "pass_worst_day": true,
      "pass_day_p05": true,
      "pass_all": false
    },
    {
      "lot_size": 0.5,
      "expected_dd_abs": -5268.85,
      "stress_dd_abs": -7488.500000000003,
      "worst_day_abs": -462.70000000000005,
      "daily_p05_abs": -379.0375,
      "pass_expected_dd": false,
      "pass_stress_dd": false,
      "pass_worst_day": true,
      "pass_day_p05": true,
      "pass_all": false
    },
    {
      "lot_size": 0.6,
      "expected_dd_abs": -6322.619999999999,
      "stress_dd_abs": -8986.200000000003,
      "worst_day_abs": -555.24,
      "daily_p05_abs": -454.84499999999997,
      "pass_expected_dd": false,
      "pass_stress_dd": false,
      "pass_worst_day": true,
      "pass_day_p05": false,
      "pass_all": false
    },
    {
      "lot_size": 0.7,
      "expected_dd_abs": -7376.3899999999985,
      "stress_dd_abs": -10483.900000000001,
      "worst_day_abs": -647.78,
      "daily_p05_abs": -530.6524999999999,
      "pass_expected_dd": false,
      "pass_stress_dd": false,
      "pass_worst_day": true,
      "pass_day_p05": false,
      "pass_all": false
    },
    {
      "lot_size": 0.8,
      "expected_dd_abs": -8430.16,
      "stress_dd_abs": -11981.600000000004,
      "worst_day_abs": -740.32,
      "daily_p05_abs": -606.46,
      "pass_expected_dd": false,
      "pass_stress_dd": false,
      "pass_worst_day": false,
      "pass_day_p05": false,
      "pass_all": false
    },
    {
      "lot_size": 0.9,
      "expected_dd_abs": -9483.93,
      "stress_dd_abs": -13479.300000000005,
      "worst_day_abs": -832.86,
      "daily_p05_abs": -682.2675,
      "pass_expected_dd": false,
      "pass_stress_dd": false,
      "pass_worst_day": false,
      "pass_day_p05": false,
      "pass_all": false
    },
    {
      "lot_size": 1.0,
      "expected_dd_abs": -10537.7,
      "stress_dd_abs": -14977.000000000005,
      "worst_day_abs": -925.4000000000001,
      "daily_p05_abs": -758.075,
      "pass_expected_dd": false,
      "pass_stress_dd": false,
      "pass_worst_day": false,
      "pass_day_p05": false,
      "pass_all": false
    },
    {
      "lot_size": 1.1,
      "expected_dd_abs": -11591.47,
      "stress_dd_abs": -16474.700000000004,
      "worst_day_abs": -1017.94,
      "daily_p05_abs": -833.8825,
      "pass_expected_dd": false,
      "pass_stress_dd": false,
      "pass_worst_day": false,
      "pass_day_p05": false,
      "pass_all": false
    },
    {
      "lot_size": 1.2,
      "expected_dd_abs": -12645.239999999998,
      "stress_dd_abs": -17972.400000000005,
      "worst_day_abs": -1110.48,
      "daily_p05_abs": -909.6899999999999,
      "pass_expected_dd": false,
      "pass_stress_dd": false,
      "pass_worst_day": false,
      "pass_day_p05": false,
      "pass_all": false
    },
    {
      "lot_size": 1.3,
      "expected_dd_abs": -13699.01,
      "stress_dd_abs": -19470.100000000006,
      "worst_day_abs": -1203.02,
      "daily_p05_abs": -985.4975000000001,
      "pass_expected_dd": false,
      "pass_stress_dd": false,
      "pass_worst_day": false,
      "pass_day_p05": false,
      "pass_all": false
    },
    {
      "lot_size": 1.4,
      "expected_dd_abs": -14752.779999999997,
      "stress_dd_abs": -20967.800000000003,
      "worst_day_abs": -1295.56,
      "daily_p05_abs": -1061.3049999999998,
      "pass_expected_dd": false,
      "pass_stress_dd": false,
      "pass_worst_day": false,
      "pass_day_p05": false,
      "pass_all": false
    },
    {
      "lot_size": 1.5,
      "expected_dd_abs": -15806.55,
      "stress_dd_abs": -22465.500000000007,
      "worst_day_abs": -1388.1000000000001,
      "daily_p05_abs": -1137.1125000000002,
      "pass_expected_dd": false,
      "pass_stress_dd": false,
      "pass_worst_day": false,
      "pass_day_p05": false,
      "pass_all": false
    },
    {
      "lot_size": 1.6,
      "expected_dd_abs": -16860.32,
      "stress_dd_abs": -23963.200000000008,
      "worst_day_abs": -1480.64,
      "daily_p05_abs": -1212.92,
      "pass_expected_dd": false,
      "pass_stress_dd": false,
      "pass_worst_day": false,
      "pass_day_p05": false,
      "pass_all": false
    },
    {
      "lot_size": 1.7,
      "expected_dd_abs": -17914.09,
      "stress_dd_abs": -25460.90000000001,
      "worst_day_abs": -1573.18,