{
  "strategy_id": "GBPJPY_67_4.19.99_BOTH_M15",
  "summary": {
    "strategy_id": "GBPJPY_67_4.19.99_BOTH_M15",
    "side_mix": null,
    "symbol_count": 1,
    "trade_count": 929,
    "baseline_lot": 0.1,
    "avg_trade_0_1": 3.1705166846071045,
    "avg_loss_0_1": -44.521629629629636,
    "p05_trade_0_1": -75.802,
    "p01_trade_0_1": -89.2908,
    "worst_day_0_1": -92.3,
    "p05_day_0_1": -75.807,
    "expected_dd_0_1": -899.9599999999999,
    "stress_dd_0_1": -1476.9865,
    "robustness_score": 1.0,
    "portfolio_fit_score": 0.7066461553961754,
    "diversification_score": 0.913526354850107,
    "regime_dependency_score": 0.4525326992501775,
    "correlation_penalty": 0.0647516188279169,
    "allowed_expected_dd_limit_abs": 1200.0,
    "allowed_stress_dd_limit_abs": 2250.0,
    "allowed_worst_day_limit_abs": 650.0,
    "allowed_day_p05_limit_abs": 450.0,
    "recommended_lot_size": 0.1,
    "max_safe_lot_size": 0.1,
    "expected_dd_at_recommended_lot": -899.9599999999999,
    "stress_dd_at_recommended_lot": -1476.9865,
    "max_loss_per_day_recommendation": -75.807,
    "recommended_risk_budget": "VERY_LOW",
    "sizing_constraints": "{\"baseline_lot\": 0.1, \"recommended_lot_size\": 0.1, \"max_safe_lot_size\": 0.1, \"lot_step\": 0.1, \"max_supported_lot\": 5.0, \"max_expected_dd_abs\": 1200.0, \"max_stress_dd_abs\": 2250.0, \"max_worst_day_abs\": 650.0, \"max_daily_p05_abs\": 450.0}"
  },
  "baseline_metrics": {
    "trade_count": 929,
    "daily_count": 924,
    "net_profit_0_1": 2945.41,
    "avg_trade_0_1": 3.1705166846071045,
    "median_trade_0_1": 7.49,
    "std_trade_0_1": 49.17567134588969,
    "avg_loss_0_1": -44.521629629629636,
    "p05_trade_0_1": -75.802,
    "p01_trade_0_1": -89.2908,
    "profit_factor_0_1": 1.1633502040345487,
    "historical_max_dd_0_1": -899.9599999999999,
    "mc_dd_p95_0_1": -1476.9865,
    "avg_day_0_1": 3.1876731601731607,
    "std_day_0_1": 49.28198576794742,
    "worst_day_0_1": -92.3,
    "p05_day_0_1": -75.807
  },
  "optional_layer_metrics": {
    "robustness_score": 1.0,
    "portfolio_fit_score": 0.7066461553961754,
    "diversification_score": 0.913526354850107,
    "correlation_penalty": 0.0647516188279169,
    "regime_dependency_score": 0.4525326992501775
  },
  "limits": {
    "stress_limit_abs": 2250.0,
    "expected_dd_limit_abs": 1200.0,
    "worst_day_limit_abs": 650.0,
    "day_p05_limit_abs": 450.0
  },
  "lot_grid_table": [
    {
      "lot_size": 0.1,
      "expected_dd_abs": -899.9599999999999,
      "stress_dd_abs": -1476.9865,
      "worst_day_abs": -92.3,
      "daily_p05_abs": -75.807,
      "pass_expected_dd": true,
      "pass_stress_dd": true,
      "pass_worst_day": true,
      "pass_day_p05": true,
      "pass_all": true
    },
    {
      "lot_size": 0.2,
      "expected_dd_abs": -1799.9199999999998,
      "stress_dd_abs": -2953.973,
      "worst_day_abs": -184.6,
      "daily_p05_abs": -151.614,
      "pass_expected_dd": false,
      "pass_stress_dd": false,
      "pass_worst_day": true,
      "pass_day_p05": true,
      "pass_all": false
    },
    {
      "lot_size": 0.3,
      "expected_dd_abs": -2699.879999999999,
      "stress_dd_abs": -4430.959499999999,
      "worst_day_abs": -276.9,
      "daily_p05_abs": -227.42099999999996,
      "pass_expected_dd": false,
      "pass_stress_dd": false,
      "pass_worst_day": true,
      "pass_day_p05": true,
      "pass_all": false
    },
    {
      "lot_size": 0.4,
      "expected_dd_abs": -3599.8399999999997,
      "stress_dd_abs": -5907.946,
      "worst_day_abs": -369.2,
      "daily_p05_abs": -303.228,
      "pass_expected_dd": false,
      "pass_stress_dd": false,
      "pass_worst_day": true,
      "pass_day_p05": true,
      "pass_all": false
    },
    {
      "lot_size": 0.5,
      "expected_dd_abs": -4499.799999999999,
      "stress_dd_abs": -7384.9325,
      "worst_day_abs": -461.5,
      "daily_p05_abs": -379.035,
      "pass_expected_dd": false,
      "pass_stress_dd": false,
      "pass_worst_day": true,
      "pass_day_p05": true,
      "pass_all": false
    },
    {
      "lot_size": 0.6,
      "expected_dd_abs": -5399.759999999998,
      "stress_dd_abs": -8861.918999999998,
      "worst_day_abs": -553.8,
      "daily_p05_abs": -454.8419999999999,
      "pass_expected_dd": false,
      "pass_stress_dd": false,
      "pass_worst_day": true,
      "pass_day_p05": false,
      "pass_all": false
    },
    {
      "lot_size": 0.7,
      "expected_dd_abs": -6299.719999999998,
      "stress_dd_abs": -10338.905499999999,
      "worst_day_abs": -646.0999999999999,
      "daily_p05_abs": -530.649,
      "pass_expected_dd": false,
      "pass_stress_dd": false,
      "pass_worst_day": true,
      "pass_day_p05": false,
      "pass_all": false
    },
    {
      "lot_size": 0.8,
      "expected_dd_abs": -7199.679999999999,
      "stress_dd_abs": -11815.892,
      "worst_day_abs": -738.4,
      "daily_p05_abs": -606.456,
      "pass_expected_dd": false,
      "pass_stress_dd": false,
      "pass_worst_day": false,
      "pass_day_p05": false,
      "pass_all": false
    },
    {
      "lot_size": 0.9,
      "expected_dd_abs": -8099.639999999999,
      "stress_dd_abs": -13292.878499999999,
      "worst_day_abs": -830.6999999999999,
      "daily_p05_abs": -682.263,
      "pass_expected_dd": false,
      "pass_stress_dd": false,
      "pass_worst_day": false,
      "pass_day_p05": false,
      "pass_all": false
    },
    {
      "lot_size": 1.0,
      "expected_dd_abs": -8999.599999999999,
      "stress_dd_abs": -14769.865,
      "worst_day_abs": -923.0,
      "daily_p05_abs": -758.07,
      "pass_expected_dd": false,
      "pass_stress_dd": false,
      "pass_worst_day": false,
      "pass_day_p05": false,
      "pass_all": false
    },
    {
      "lot_size": 1.1,
      "expected_dd_abs": -9899.56,
      "stress_dd_abs": -16246.8515,
      "worst_day_abs": -1015.3,
      "daily_p05_abs": -833.8770000000001,
      "pass_expected_dd": false,
      "pass_stress_dd": false,
      "pass_worst_day": false,
      "pass_day_p05": false,
      "pass_all": false
    },
    {
      "lot_size": 1.2,
      "expected_dd_abs": -10799.519999999997,
      "stress_dd_abs": -17723.837999999996,
      "worst_day_abs": -1107.6,
      "daily_p05_abs": -909.6839999999999,
      "pass_expected_dd": false,
      "pass_stress_dd": false,
      "pass_worst_day": false,
      "pass_day_p05": false,
      "pass_all": false
    },
    {
      "lot_size": 1.3,
      "expected_dd_abs": -11699.48,
      "stress_dd_abs": -19200.8245,
      "worst_day_abs": -1199.8999999999999,
      "daily_p05_abs": -985.491,
      "pass_expected_dd": false,
      "pass_stress_dd": false,
      "pass_worst_day": false,
      "pass_day_p05": false,
      "pass_all": false
    },
    {
      "lot_size": 1.4,
      "expected_dd_abs": -12599.439999999997,
      "stress_dd_abs": -20677.810999999998,
      "worst_day_abs": -1292.1999999999998,
      "daily_p05_abs": -1061.298,
      "pass_expected_dd": false,
      "pass_stress_dd": false,
      "pass_worst_day": false,
      "pass_day_p05": false,
      "pass_all": false
    },
    {
      "lot_size": 1.5,
      "expected_dd_abs": -13499.4,
      "stress_dd_abs": -22154.7975,
      "worst_day_abs": -1384.5,
      "daily_p05_abs": -1137.105,
      "pass_expected_dd": false,
      "pass_stress_dd": false,
      "pass_worst_day": false,
      "pass_day_p05": false,
      "pass_all": false
    },
    {
      "lot_size": 1.6,
      "expected_dd_abs": -14399.359999999999,
      "stress_dd_abs": -23631.784,
      "worst_day_abs": -1476.8,
      "daily_p05_abs": -1212.912,
      "pass_expected_dd": false,
      "pass_stress_dd": false,
      "pass_worst_day": false,
      "pass_day_p05": false,
      "pass_all": false
    },
    {
      "lot_size": 1.7,
      "expected_dd_abs": -15299.319999999998,
      "stress_dd_abs": -25108.7705,
      "worst_day_abs": -1569.1,
      "daily_p05_abs": -1288.719,
      "pass_expected_dd": false,