{
  "strategy_id": "GBPJPY_50_5.35.116_BUY_M15",
  "summary": {
    "strategy_id": "GBPJPY_50_5.35.116_BUY_M15",
    "side_mix": null,
    "symbol_count": 1,
    "trade_count": 539,
    "baseline_lot": 0.1,
    "avg_trade_0_1": 3.3193506493506493,
    "avg_loss_0_1": -40.65082191780822,
    "p05_trade_0_1": -72.171,
    "p01_trade_0_1": -85.1192,
    "worst_day_0_1": -87.7,
    "p05_day_0_1": -72.171,
    "expected_dd_0_1": -619.0999999999998,
    "stress_dd_0_1": -1038.790000000002,
    "robustness_score": 1.0,
    "portfolio_fit_score": 0.7212900651396877,
    "diversification_score": 0.9426682154330224,
    "regime_dependency_score": 0.4968527631723187,
    "correlation_penalty": 0.0177898491121077,
    "allowed_expected_dd_limit_abs": 1200.0,
    "allowed_stress_dd_limit_abs": 2250.0,
    "allowed_worst_day_limit_abs": 650.0,
    "allowed_day_p05_limit_abs": 450.0,
    "recommended_lot_size": 0.1,
    "max_safe_lot_size": 0.1,
    "expected_dd_at_recommended_lot": -619.0999999999998,
    "stress_dd_at_recommended_lot": -1038.790000000002,
    "max_loss_per_day_recommendation": -72.171,
    "recommended_risk_budget": "VERY_LOW",
    "sizing_constraints": "{\"baseline_lot\": 0.1, \"recommended_lot_size\": 0.1, \"max_safe_lot_size\": 0.1, \"lot_step\": 0.1, \"max_supported_lot\": 5.0, \"max_expected_dd_abs\": 1200.0, \"max_stress_dd_abs\": 2250.0, \"max_worst_day_abs\": 650.0, \"max_daily_p05_abs\": 450.0}"
  },
  "baseline_metrics": {
    "trade_count": 539,
    "daily_count": 539,
    "net_profit_0_1": 1789.1299999999999,
    "avg_trade_0_1": 3.3193506493506493,
    "median_trade_0_1": 10.45,
    "std_trade_0_1": 43.53388146121844,
    "avg_loss_0_1": -40.65082191780822,
    "p05_trade_0_1": -72.171,
    "p01_trade_0_1": -85.1192,
    "profit_factor_0_1": 1.2009687133882165,
    "historical_max_dd_0_1": -619.0999999999998,
    "mc_dd_p95_0_1": -1038.790000000002,
    "avg_day_0_1": 3.3193506493506493,
    "std_day_0_1": 43.53388146121844,
    "worst_day_0_1": -87.7,
    "p05_day_0_1": -72.171
  },
  "optional_layer_metrics": {
    "robustness_score": 1.0,
    "portfolio_fit_score": 0.7212900651396877,
    "diversification_score": 0.9426682154330224,
    "correlation_penalty": 0.0177898491121077,
    "regime_dependency_score": 0.4968527631723187
  },
  "limits": {
    "stress_limit_abs": 2250.0,
    "expected_dd_limit_abs": 1200.0,
    "worst_day_limit_abs": 650.0,
    "day_p05_limit_abs": 450.0
  },
  "lot_grid_table": [
    {
      "lot_size": 0.1,
      "expected_dd_abs": -619.0999999999998,
      "stress_dd_abs": -1038.790000000002,
      "worst_day_abs": -87.7,
      "daily_p05_abs": -72.171,
      "pass_expected_dd": true,
      "pass_stress_dd": true,
      "pass_worst_day": true,
      "pass_day_p05": true,
      "pass_all": true
    },
    {
      "lot_size": 0.2,
      "expected_dd_abs": -1238.1999999999996,
      "stress_dd_abs": -2077.580000000004,
      "worst_day_abs": -175.4,
      "daily_p05_abs": -144.342,
      "pass_expected_dd": false,
      "pass_stress_dd": true,
      "pass_worst_day": true,
      "pass_day_p05": true,
      "pass_all": false
    },
    {
      "lot_size": 0.3,
      "expected_dd_abs": -1857.299999999999,
      "stress_dd_abs": -3116.3700000000053,
      "worst_day_abs": -263.09999999999997,
      "daily_p05_abs": -216.51299999999998,
      "pass_expected_dd": false,
      "pass_stress_dd": false,
      "pass_worst_day": true,
      "pass_day_p05": true,
      "pass_all": false
    },
    {
      "lot_size": 0.4,
      "expected_dd_abs": -2476.399999999999,
      "stress_dd_abs": -4155.160000000008,
      "worst_day_abs": -350.8,
      "daily_p05_abs": -288.684,
      "pass_expected_dd": false,
      "pass_stress_dd": false,
      "pass_worst_day": true,
      "pass_day_p05": true,
      "pass_all": false
    },
    {
      "lot_size": 0.5,
      "expected_dd_abs": -3095.499999999999,
      "stress_dd_abs": -5193.95000000001,
      "worst_day_abs": -438.5,
      "daily_p05_abs": -360.855,
      "pass_expected_dd": false,
      "pass_stress_dd": false,
      "pass_worst_day": true,
      "pass_day_p05": true,
      "pass_all": false
    },
    {
      "lot_size": 0.6,
      "expected_dd_abs": -3714.599999999998,
      "stress_dd_abs": -6232.740000000011,
      "worst_day_abs": -526.1999999999999,
      "daily_p05_abs": -433.02599999999995,
      "pass_expected_dd": false,
      "pass_stress_dd": false,
      "pass_worst_day": true,
      "pass_day_p05": true,
      "pass_all": false
    },
    {
      "lot_size": 0.7,
      "expected_dd_abs": -4333.699999999998,
      "stress_dd_abs": -7271.530000000013,
      "worst_day_abs": -613.9,
      "daily_p05_abs": -505.197,
      "pass_expected_dd": false,
      "pass_stress_dd": false,
      "pass_worst_day": true,
      "pass_day_p05": false,
      "pass_all": false
    },
    {
      "lot_size": 0.8,
      "expected_dd_abs": -4952.799999999998,
      "stress_dd_abs": -8310.320000000016,
      "worst_day_abs": -701.6,
      "daily_p05_abs": -577.368,
      "pass_expected_dd": false,
      "pass_stress_dd": false,
      "pass_worst_day": false,
      "pass_day_p05": false,
      "pass_all": false
    },
    {
      "lot_size": 0.9,
      "expected_dd_abs": -5571.899999999998,
      "stress_dd_abs": -9349.110000000019,
      "worst_day_abs": -789.3000000000001,
      "daily_p05_abs": -649.5390000000001,
      "pass_expected_dd": false,
      "pass_stress_dd": false,
      "pass_worst_day": false,
      "pass_day_p05": false,
      "pass_all": false
    },
    {
      "lot_size": 1.0,
      "expected_dd_abs": -6190.999999999998,
      "stress_dd_abs": -10387.90000000002,
      "worst_day_abs": -877.0,
      "daily_p05_abs": -721.71,
      "pass_expected_dd": false,
      "pass_stress_dd": false,
      "pass_worst_day": false,
      "pass_day_p05": false,
      "pass_all": false
    },
    {
      "lot_size": 1.1,
      "expected_dd_abs": -6810.099999999998,
      "stress_dd_abs": -11426.690000000022,
      "worst_day_abs": -964.7,
      "daily_p05_abs": -793.8810000000001,
      "pass_expected_dd": false,
      "pass_stress_dd": false,
      "pass_worst_day": false,
      "pass_day_p05": false,
      "pass_all": false
    },
    {
      "lot_size": 1.2,
      "expected_dd_abs": -7429.199999999996,
      "stress_dd_abs": -12465.480000000021,
      "worst_day_abs": -1052.3999999999999,
      "daily_p05_abs": -866.0519999999999,
      "pass_expected_dd": false,
      "pass_stress_dd": false,
      "pass_worst_day": false,
      "pass_day_p05": false,
      "pass_all": false
    },
    {
      "lot_size": 1.3,
      "expected_dd_abs": -8048.299999999997,
      "stress_dd_abs": -13504.270000000026,
      "worst_day_abs": -1140.1000000000001,
      "daily_p05_abs": -938.2230000000001,
      "pass_expected_dd": false,
      "pass_stress_dd": false,
      "pass_worst_day": false,
      "pass_day_p05": false,
      "pass_all": false
    },
    {
      "lot_size": 1.4,
      "expected_dd_abs": -8667.399999999996,
      "stress_dd_abs": -14543.060000000027,
      "worst_day_abs": -1227.8,
      "daily_p05_abs": -1010.394,
      "pass_expected_dd": false,
      "pass_stress_dd": false,
      "pass_worst_day": false,
      "pass_day_p05": false,
      "pass_all": false
    },
    {
      "lot_size": 1.5,
      "expected_dd_abs": -9286.499999999996,
      "stress_dd_abs": -15581.85000000003,
      "worst_day_abs": -1315.5,
      "daily_p05_abs": -1082.565,
      "pass_expected_dd": false,
      "pass_stress_dd": false,
      "pass_worst_day": false,
      "pass_day_p05": false,
      "pass_all": false
    },
    {
      "lot_size": 1.6,
      "expected_dd_abs": -9905.599999999997,
      "stress_dd_abs": -16620.640000000032,
      "worst_day_abs": -1403.2,
      "daily_p05_abs": -1154.736,
      "pass_expected_dd": false,
      "pass_stress_dd": false,
      "pass_worst_day": false,
      "pass_day_p05": false,
      "pass_all": false
    },
    {
      "lot_size": 1.7,