{
  "strategy_id": "GBPJPY_65_2.14.157_BUY_M15",
  "summary": {
    "strategy_id": "GBPJPY_65_2.14.157_BUY_M15",
    "side_mix": null,
    "symbol_count": 1,
    "trade_count": 680,
    "baseline_lot": 0.1,
    "avg_trade_0_1": 5.50589705882353,
    "avg_loss_0_1": -43.74003184713376,
    "p05_trade_0_1": -75.5425,
    "p01_trade_0_1": -89.4636,
    "worst_day_0_1": -92.24,
    "p05_day_0_1": -75.555,
    "expected_dd_0_1": -604.8200000000002,
    "stress_dd_0_1": -1241.6005000000007,
    "robustness_score": 1.0,
    "portfolio_fit_score": 0.7132585898017699,
    "diversification_score": 0.9267870318804744,
    "regime_dependency_score": 0.4945053161107883,
    "correlation_penalty": 0.033493061124644,
    "allowed_expected_dd_limit_abs": 1200.0,
    "allowed_stress_dd_limit_abs": 2250.0,
    "allowed_worst_day_limit_abs": 650.0,
    "allowed_day_p05_limit_abs": 450.0,
    "recommended_lot_size": 0.1,
    "max_safe_lot_size": 0.1,
    "expected_dd_at_recommended_lot": -604.8200000000002,
    "stress_dd_at_recommended_lot": -1241.6005000000007,
    "max_loss_per_day_recommendation": -75.555,
    "recommended_risk_budget": "VERY_LOW",
    "sizing_constraints": "{\"baseline_lot\": 0.1, \"recommended_lot_size\": 0.1, \"max_safe_lot_size\": 0.1, \"lot_step\": 0.1, \"max_supported_lot\": 5.0, \"max_expected_dd_abs\": 1200.0, \"max_stress_dd_abs\": 2250.0, \"max_worst_day_abs\": 650.0, \"max_daily_p05_abs\": 450.0}"
  },
  "baseline_metrics": {
    "trade_count": 680,
    "daily_count": 675,
    "net_profit_0_1": 3744.01,
    "avg_trade_0_1": 5.50589705882353,
    "median_trade_0_1": 4.84,
    "std_trade_0_1": 55.94225563574736,
    "avg_loss_0_1": -43.74003184713376,
    "p05_trade_0_1": -75.5425,
    "p01_trade_0_1": -89.4636,
    "profit_factor_0_1": 1.2726015099345656,
    "historical_max_dd_0_1": -604.8200000000002,
    "mc_dd_p95_0_1": -1241.6005000000007,
    "avg_day_0_1": 5.546681481481481,
    "std_day_0_1": 55.97909418971043,
    "worst_day_0_1": -92.24,
    "p05_day_0_1": -75.555
  },
  "optional_layer_metrics": {
    "robustness_score": 1.0,
    "portfolio_fit_score": 0.7132585898017699,
    "diversification_score": 0.9267870318804744,
    "correlation_penalty": 0.033493061124644,
    "regime_dependency_score": 0.4945053161107883
  },
  "limits": {
    "stress_limit_abs": 2250.0,
    "expected_dd_limit_abs": 1200.0,
    "worst_day_limit_abs": 650.0,
    "day_p05_limit_abs": 450.0
  },
  "lot_grid_table": [
    {
      "lot_size": 0.1,
      "expected_dd_abs": -604.8200000000002,
      "stress_dd_abs": -1241.6005000000007,
      "worst_day_abs": -92.24,
      "daily_p05_abs": -75.555,
      "pass_expected_dd": true,
      "pass_stress_dd": true,
      "pass_worst_day": true,
      "pass_day_p05": true,
      "pass_all": true
    },
    {
      "lot_size": 0.2,
      "expected_dd_abs": -1209.6400000000003,
      "stress_dd_abs": -2483.2010000000014,
      "worst_day_abs": -184.48,
      "daily_p05_abs": -151.11,
      "pass_expected_dd": false,
      "pass_stress_dd": false,
      "pass_worst_day": true,
      "pass_day_p05": true,
      "pass_all": false
    },
    {
      "lot_size": 0.3,
      "expected_dd_abs": -1814.4600000000003,
      "stress_dd_abs": -3724.8015000000014,
      "worst_day_abs": -276.71999999999997,
      "daily_p05_abs": -226.665,
      "pass_expected_dd": false,
      "pass_stress_dd": false,
      "pass_worst_day": true,
      "pass_day_p05": true,
      "pass_all": false
    },
    {
      "lot_size": 0.4,
      "expected_dd_abs": -2419.2800000000007,
      "stress_dd_abs": -4966.402000000003,
      "worst_day_abs": -368.96,
      "daily_p05_abs": -302.22,
      "pass_expected_dd": false,
      "pass_stress_dd": false,
      "pass_worst_day": true,
      "pass_day_p05": true,
      "pass_all": false
    },
    {
      "lot_size": 0.5,
      "expected_dd_abs": -3024.100000000001,
      "stress_dd_abs": -6208.002500000003,
      "worst_day_abs": -461.2,
      "daily_p05_abs": -377.77500000000003,
      "pass_expected_dd": false,
      "pass_stress_dd": false,
      "pass_worst_day": true,
      "pass_day_p05": true,
      "pass_all": false
    },
    {
      "lot_size": 0.6,
      "expected_dd_abs": -3628.9200000000005,
      "stress_dd_abs": -7449.603000000003,
      "worst_day_abs": -553.4399999999999,
      "daily_p05_abs": -453.33,
      "pass_expected_dd": false,
      "pass_stress_dd": false,
      "pass_worst_day": true,
      "pass_day_p05": false,
      "pass_all": false
    },
    {
      "lot_size": 0.7,
      "expected_dd_abs": -4233.740000000001,
      "stress_dd_abs": -8691.203500000003,
      "worst_day_abs": -645.6799999999998,
      "daily_p05_abs": -528.885,
      "pass_expected_dd": false,
      "pass_stress_dd": false,
      "pass_worst_day": true,
      "pass_day_p05": false,
      "pass_all": false
    },
    {
      "lot_size": 0.8,
      "expected_dd_abs": -4838.560000000001,
      "stress_dd_abs": -9932.804000000006,
      "worst_day_abs": -737.92,
      "daily_p05_abs": -604.44,
      "pass_expected_dd": false,
      "pass_stress_dd": false,
      "pass_worst_day": false,
      "pass_day_p05": false,
      "pass_all": false
    },
    {
      "lot_size": 0.9,
      "expected_dd_abs": -5443.380000000001,
      "stress_dd_abs": -11174.404500000006,
      "worst_day_abs": -830.16,
      "daily_p05_abs": -679.9950000000001,
      "pass_expected_dd": false,
      "pass_stress_dd": false,
      "pass_worst_day": false,
      "pass_day_p05": false,
      "pass_all": false
    },
    {
      "lot_size": 1.0,
      "expected_dd_abs": -6048.200000000002,
      "stress_dd_abs": -12416.005000000006,
      "worst_day_abs": -922.4,
      "daily_p05_abs": -755.5500000000001,
      "pass_expected_dd": false,
      "pass_stress_dd": false,
      "pass_worst_day": false,
      "pass_day_p05": false,
      "pass_all": false
    },
    {
      "lot_size": 1.1,
      "expected_dd_abs": -6653.020000000002,
      "stress_dd_abs": -13657.605500000007,
      "worst_day_abs": -1014.64,
      "daily_p05_abs": -831.105,
      "pass_expected_dd": false,
      "pass_stress_dd": false,
      "pass_worst_day": false,
      "pass_day_p05": false,
      "pass_all": false
    },
    {
      "lot_size": 1.2,
      "expected_dd_abs": -7257.840000000001,
      "stress_dd_abs": -14899.206000000006,
      "worst_day_abs": -1106.8799999999999,
      "daily_p05_abs": -906.66,
      "pass_expected_dd": false,
      "pass_stress_dd": false,
      "pass_worst_day": false,
      "pass_day_p05": false,
      "pass_all": false
    },
    {
      "lot_size": 1.3,
      "expected_dd_abs": -7862.660000000002,
      "stress_dd_abs": -16140.80650000001,
      "worst_day_abs": -1199.12,
      "daily_p05_abs": -982.2150000000001,
      "pass_expected_dd": false,
      "pass_stress_dd": false,
      "pass_worst_day": false,
      "pass_day_p05": false,
      "pass_all": false
    },
    {
      "lot_size": 1.4,
      "expected_dd_abs": -8467.480000000001,
      "stress_dd_abs": -17382.407000000007,
      "worst_day_abs": -1291.3599999999997,
      "daily_p05_abs": -1057.77,
      "pass_expected_dd": false,
      "pass_stress_dd": false,
      "pass_worst_day": false,
      "pass_day_p05": false,
      "pass_all": false
    },
    {
      "lot_size": 1.5,
      "expected_dd_abs": -9072.300000000003,
      "stress_dd_abs": -18624.00750000001,
      "worst_day_abs": -1383.6,
      "daily_p05_abs": -1133.325,
      "pass_expected_dd": false,
      "pass_stress_dd": false,
      "pass_worst_day": false,
      "pass_day_p05": false,
      "pass_all": false
    },
    {
      "lot_size": 1.6,
      "expected_dd_abs": -9677.120000000003,
      "stress_dd_abs": -19865.60800000001,
      "worst_day_abs": -1475.84,
      "daily_p05_abs": -1208.88,
      "pass_expected_dd": false,
      "pass_stress_dd": false,
      "pass_worst_day": false,
      "pass_day_p05": false,
      "pass_all": false
    },
    {
      "lot_size": 1.7,