{
  "strategy_id": "GBPUSD_20_1.32.126_BUY_M15",
  "summary": {
    "strategy_id": "GBPUSD_20_1.32.126_BUY_M15",
    "side_mix": null,
    "symbol_count": 1,
    "trade_count": 610,
    "baseline_lot": 0.1,
    "avg_trade_0_1": -0.005311475409836174,
    "avg_loss_0_1": -23.117873563218392,
    "p05_trade_0_1": -35.775,
    "p01_trade_0_1": -51.601000000000006,
    "worst_day_0_1": -73.5,
    "p05_day_0_1": -35.775,
    "expected_dd_0_1": -659.7999999999998,
    "stress_dd_0_1": -1216.1209999999996,
    "robustness_score": 0.6000000000000001,
    "portfolio_fit_score": 0.7219740637274181,
    "diversification_score": 0.9440508427454694,
    "regime_dependency_score": 0.6674162524253999,
    "correlation_penalty": 0.0106698548277928,
    "allowed_expected_dd_limit_abs": 867.0,
    "allowed_stress_dd_limit_abs": 1700.0,
    "allowed_worst_day_limit_abs": 650.0,
    "allowed_day_p05_limit_abs": 450.0,
    "recommended_lot_size": 0.1,
    "max_safe_lot_size": 0.1,
    "expected_dd_at_recommended_lot": -659.7999999999998,
    "stress_dd_at_recommended_lot": -1216.1209999999996,
    "max_loss_per_day_recommendation": -35.775,
    "recommended_risk_budget": "VERY_LOW",
    "sizing_constraints": "{\"baseline_lot\": 0.1, \"recommended_lot_size\": 0.1, \"max_safe_lot_size\": 0.1, \"lot_step\": 0.1, \"max_supported_lot\": 5.0, \"max_expected_dd_abs\": 867.0, \"max_stress_dd_abs\": 1700.0, \"max_worst_day_abs\": 650.0, \"max_daily_p05_abs\": 450.0}"
  },
  "baseline_metrics": {
    "trade_count": 610,
    "daily_count": 610,
    "net_profit_0_1": -3.240000000000066,
    "avg_trade_0_1": -0.005311475409836174,
    "median_trade_0_1": -14.95,
    "std_trade_0_1": 30.196330326279046,
    "avg_loss_0_1": -23.117873563218392,
    "p05_trade_0_1": -35.775,
    "p01_trade_0_1": -51.601000000000006,
    "profit_factor_0_1": 0.9995972663834273,
    "historical_max_dd_0_1": -659.7999999999998,
    "mc_dd_p95_0_1": -1216.1209999999996,
    "avg_day_0_1": -0.005311475409836174,
    "std_day_0_1": 30.196330326279046,
    "worst_day_0_1": -73.5,
    "p05_day_0_1": -35.775
  },
  "optional_layer_metrics": {
    "robustness_score": 0.6000000000000001,
    "portfolio_fit_score": 0.7219740637274181,
    "diversification_score": 0.9440508427454694,
    "correlation_penalty": 0.0106698548277928,
    "regime_dependency_score": 0.6674162524253999
  },
  "limits": {
    "stress_limit_abs": 1700.0,
    "expected_dd_limit_abs": 867.0,
    "worst_day_limit_abs": 650.0,
    "day_p05_limit_abs": 450.0
  },
  "lot_grid_table": [
    {
      "lot_size": 0.1,
      "expected_dd_abs": -659.7999999999998,
      "stress_dd_abs": -1216.1209999999996,
      "worst_day_abs": -73.5,
      "daily_p05_abs": -35.775,
      "pass_expected_dd": true,
      "pass_stress_dd": true,
      "pass_worst_day": true,
      "pass_day_p05": true,
      "pass_all": true
    },
    {
      "lot_size": 0.2,
      "expected_dd_abs": -1319.5999999999997,
      "stress_dd_abs": -2432.2419999999993,
      "worst_day_abs": -147.0,
      "daily_p05_abs": -71.55,
      "pass_expected_dd": false,
      "pass_stress_dd": false,
      "pass_worst_day": true,
      "pass_day_p05": true,
      "pass_all": false
    },
    {
      "lot_size": 0.3,
      "expected_dd_abs": -1979.3999999999992,
      "stress_dd_abs": -3648.3629999999985,
      "worst_day_abs": -220.49999999999997,
      "daily_p05_abs": -107.32499999999997,
      "pass_expected_dd": false,
      "pass_stress_dd": false,
      "pass_worst_day": true,
      "pass_day_p05": true,
      "pass_all": false
    },
    {
      "lot_size": 0.4,
      "expected_dd_abs": -2639.1999999999994,
      "stress_dd_abs": -4864.483999999999,
      "worst_day_abs": -294.0,
      "daily_p05_abs": -143.1,
      "pass_expected_dd": false,
      "pass_stress_dd": false,
      "pass_worst_day": true,
      "pass_day_p05": true,
      "pass_all": false
    },
    {
      "lot_size": 0.5,
      "expected_dd_abs": -3298.999999999999,
      "stress_dd_abs": -6080.604999999998,
      "worst_day_abs": -367.5,
      "daily_p05_abs": -178.875,
      "pass_expected_dd": false,
      "pass_stress_dd": false,
      "pass_worst_day": true,
      "pass_day_p05": true,
      "pass_all": false
    },
    {
      "lot_size": 0.6,
      "expected_dd_abs": -3958.7999999999984,
      "stress_dd_abs": -7296.725999999997,
      "worst_day_abs": -440.99999999999994,
      "daily_p05_abs": -214.64999999999995,
      "pass_expected_dd": false,
      "pass_stress_dd": false,
      "pass_worst_day": true,
      "pass_day_p05": true,
      "pass_all": false
    },
    {
      "lot_size": 0.7,
      "expected_dd_abs": -4618.5999999999985,
      "stress_dd_abs": -8512.846999999996,
      "worst_day_abs": -514.4999999999999,
      "daily_p05_abs": -250.42499999999995,
      "pass_expected_dd": false,
      "pass_stress_dd": false,
      "pass_worst_day": true,
      "pass_day_p05": true,
      "pass_all": false
    },
    {
      "lot_size": 0.8,
      "expected_dd_abs": -5278.399999999999,
      "stress_dd_abs": -9728.967999999997,
      "worst_day_abs": -588.0,
      "daily_p05_abs": -286.2,
      "pass_expected_dd": false,
      "pass_stress_dd": false,
      "pass_worst_day": true,
      "pass_day_p05": true,
      "pass_all": false
    },
    {
      "lot_size": 0.9,
      "expected_dd_abs": -5938.199999999999,
      "stress_dd_abs": -10945.088999999996,
      "worst_day_abs": -661.5,
      "daily_p05_abs": -321.97499999999997,
      "pass_expected_dd": false,
      "pass_stress_dd": false,
      "pass_worst_day": false,
      "pass_day_p05": true,
      "pass_all": false
    },
    {
      "lot_size": 1.0,
      "expected_dd_abs": -6597.999999999998,
      "stress_dd_abs": -12161.209999999995,
      "worst_day_abs": -735.0,
      "daily_p05_abs": -357.75,
      "pass_expected_dd": false,
      "pass_stress_dd": false,
      "pass_worst_day": false,
      "pass_day_p05": true,
      "pass_all": false
    },
    {
      "lot_size": 1.1,
      "expected_dd_abs": -7257.799999999998,
      "stress_dd_abs": -13377.330999999996,
      "worst_day_abs": -808.5,
      "daily_p05_abs": -393.525,
      "pass_expected_dd": false,
      "pass_stress_dd": false,
      "pass_worst_day": false,
      "pass_day_p05": true,
      "pass_all": false
    },
    {
      "lot_size": 1.2,
      "expected_dd_abs": -7917.599999999997,
      "stress_dd_abs": -14593.451999999994,
      "worst_day_abs": -881.9999999999999,
      "daily_p05_abs": -429.2999999999999,
      "pass_expected_dd": false,
      "pass_stress_dd": false,
      "pass_worst_day": false,
      "pass_day_p05": true,
      "pass_all": false
    },
    {
      "lot_size": 1.3,
      "expected_dd_abs": -8577.399999999998,
      "stress_dd_abs": -15809.572999999995,
      "worst_day_abs": -955.5,
      "daily_p05_abs": -465.075,
      "pass_expected_dd": false,
      "pass_stress_dd": false,
      "pass_worst_day": false,
      "pass_day_p05": false,
      "pass_all": false
    },
    {
      "lot_size": 1.4,
      "expected_dd_abs": -9237.199999999997,
      "stress_dd_abs": -17025.693999999992,
      "worst_day_abs": -1028.9999999999998,
      "daily_p05_abs": -500.8499999999999,
      "pass_expected_dd": false,
      "pass_stress_dd": false,
      "pass_worst_day": false,
      "pass_day_p05": false,
      "pass_all": false
    },
    {
      "lot_size": 1.5,
      "expected_dd_abs": -9896.999999999998,
      "stress_dd_abs": -18241.814999999995,
      "worst_day_abs": -1102.5,
      "daily_p05_abs": -536.625,
      "pass_expected_dd": false,
      "pass_stress_dd": false,
      "pass_worst_day": false,
      "pass_day_p05": false,
      "pass_all": false
    },
    {
      "lot_size": 1.6,
      "expected_dd_abs": -10556.799999999997,
      "stress_dd_abs": -19457.935999999994,
      "worst_day_abs": -1176.0,
      "daily_p05_abs": -572.4,
      "pass_expected_dd": false,
      "pass_stress_dd": false,
      "pass_worst_day": false,
      "pass_day_p05": false,