{
  "strategy_id": "GBPUSD_69_3.13.113_BUY_M15",
  "summary": {
    "strategy_id": "GBPUSD_69_3.13.113_BUY_M15",
    "side_mix": null,
    "symbol_count": 1,
    "trade_count": 758,
    "baseline_lot": 0.1,
    "avg_trade_0_1": 1.6907124010554089,
    "avg_loss_0_1": -17.594101123595507,
    "p05_trade_0_1": -29.9,
    "p01_trade_0_1": -64.145,
    "worst_day_0_1": -124.2,
    "p05_day_0_1": -29.9,
    "expected_dd_0_1": -357.78,
    "stress_dd_0_1": -581.9200000000004,
    "robustness_score": 1.0,
    "portfolio_fit_score": 0.71603200842411,
    "diversification_score": 0.9316654992621408,
    "regime_dependency_score": 0.39356334311329855,
    "correlation_penalty": 0.0248037315819057,
    "allowed_expected_dd_limit_abs": 1200.0,
    "allowed_stress_dd_limit_abs": 2500.0,
    "allowed_worst_day_limit_abs": 650.0,
    "allowed_day_p05_limit_abs": 450.0,
    "recommended_lot_size": 0.2,
    "max_safe_lot_size": 0.3,
    "expected_dd_at_recommended_lot": -715.56,
    "stress_dd_at_recommended_lot": -1163.8400000000008,
    "max_loss_per_day_recommendation": -59.8,
    "recommended_risk_budget": "VERY_LOW",
    "sizing_constraints": "{\"baseline_lot\": 0.1, \"recommended_lot_size\": 0.2, \"max_safe_lot_size\": 0.3, \"lot_step\": 0.1, \"max_supported_lot\": 5.0, \"max_expected_dd_abs\": 1200.0, \"max_stress_dd_abs\": 2500.0, \"max_worst_day_abs\": 650.0, \"max_daily_p05_abs\": 450.0}"
  },
  "baseline_metrics": {
    "trade_count": 758,
    "daily_count": 756,
    "net_profit_0_1": 1281.56,
    "avg_trade_0_1": 1.6907124010554089,
    "median_trade_0_1": 9.55,
    "std_trade_0_1": 21.734398920915783,
    "avg_loss_0_1": -17.594101123595507,
    "p05_trade_0_1": -29.9,
    "p01_trade_0_1": -64.145,
    "profit_factor_0_1": 1.2046076474814402,
    "historical_max_dd_0_1": -357.78,
    "mc_dd_p95_0_1": -581.9200000000004,
    "avg_day_0_1": 1.6951851851851854,
    "std_day_0_1": 21.665285348621286,
    "worst_day_0_1": -124.2,
    "p05_day_0_1": -29.9
  },
  "optional_layer_metrics": {
    "robustness_score": 1.0,
    "portfolio_fit_score": 0.71603200842411,
    "diversification_score": 0.9316654992621408,
    "correlation_penalty": 0.0248037315819057,
    "regime_dependency_score": 0.39356334311329855
  },
  "limits": {
    "stress_limit_abs": 2500.0,
    "expected_dd_limit_abs": 1200.0,
    "worst_day_limit_abs": 650.0,
    "day_p05_limit_abs": 450.0
  },
  "lot_grid_table": [
    {
      "lot_size": 0.1,
      "expected_dd_abs": -357.78,
      "stress_dd_abs": -581.9200000000004,
      "worst_day_abs": -124.2,
      "daily_p05_abs": -29.9,
      "pass_expected_dd": true,
      "pass_stress_dd": true,
      "pass_worst_day": true,
      "pass_day_p05": true,
      "pass_all": true
    },
    {
      "lot_size": 0.2,
      "expected_dd_abs": -715.56,
      "stress_dd_abs": -1163.8400000000008,
      "worst_day_abs": -248.4,
      "daily_p05_abs": -59.8,
      "pass_expected_dd": true,
      "pass_stress_dd": true,
      "pass_worst_day": true,
      "pass_day_p05": true,
      "pass_all": true
    },
    {
      "lot_size": 0.3,
      "expected_dd_abs": -1073.3399999999997,
      "stress_dd_abs": -1745.760000000001,
      "worst_day_abs": -372.59999999999997,
      "daily_p05_abs": -89.69999999999999,
      "pass_expected_dd": true,
      "pass_stress_dd": true,
      "pass_worst_day": true,
      "pass_day_p05": true,
      "pass_all": true
    },
    {
      "lot_size": 0.4,
      "expected_dd_abs": -1431.12,
      "stress_dd_abs": -2327.6800000000017,
      "worst_day_abs": -496.8,
      "daily_p05_abs": -119.6,
      "pass_expected_dd": false,
      "pass_stress_dd": true,
      "pass_worst_day": true,
      "pass_day_p05": true,
      "pass_all": false
    },
    {
      "lot_size": 0.5,
      "expected_dd_abs": -1788.8999999999999,
      "stress_dd_abs": -2909.600000000002,
      "worst_day_abs": -621.0,
      "daily_p05_abs": -149.5,
      "pass_expected_dd": false,
      "pass_stress_dd": false,
      "pass_worst_day": true,
      "pass_day_p05": true,
      "pass_all": false
    },
    {
      "lot_size": 0.6,
      "expected_dd_abs": -2146.6799999999994,
      "stress_dd_abs": -3491.520000000002,
      "worst_day_abs": -745.1999999999999,
      "daily_p05_abs": -179.39999999999998,
      "pass_expected_dd": false,
      "pass_stress_dd": false,
      "pass_worst_day": false,
      "pass_day_p05": true,
      "pass_all": false
    },
    {
      "lot_size": 0.7,
      "expected_dd_abs": -2504.4599999999996,
      "stress_dd_abs": -4073.4400000000023,
      "worst_day_abs": -869.3999999999999,
      "daily_p05_abs": -209.29999999999995,
      "pass_expected_dd": false,
      "pass_stress_dd": false,
      "pass_worst_day": false,
      "pass_day_p05": true,
      "pass_all": false
    },
    {
      "lot_size": 0.8,
      "expected_dd_abs": -2862.24,
      "stress_dd_abs": -4655.360000000003,
      "worst_day_abs": -993.6,
      "daily_p05_abs": -239.2,
      "pass_expected_dd": false,
      "pass_stress_dd": false,
      "pass_worst_day": false,
      "pass_day_p05": true,
      "pass_all": false
    },
    {
      "lot_size": 0.9,
      "expected_dd_abs": -3220.0199999999995,
      "stress_dd_abs": -5237.280000000003,
      "worst_day_abs": -1117.8,
      "daily_p05_abs": -269.09999999999997,
      "pass_expected_dd": false,
      "pass_stress_dd": false,
      "pass_worst_day": false,
      "pass_day_p05": true,
      "pass_all": false
    },
    {
      "lot_size": 1.0,
      "expected_dd_abs": -3577.7999999999997,
      "stress_dd_abs": -5819.200000000004,
      "worst_day_abs": -1242.0,
      "daily_p05_abs": -299.0,
      "pass_expected_dd": false,
      "pass_stress_dd": false,
      "pass_worst_day": false,
      "pass_day_p05": true,
      "pass_all": false
    },
    {
      "lot_size": 1.1,
      "expected_dd_abs": -3935.58,
      "stress_dd_abs": -6401.120000000004,
      "worst_day_abs": -1366.2,
      "daily_p05_abs": -328.9,
      "pass_expected_dd": false,
      "pass_stress_dd": false,
      "pass_worst_day": false,
      "pass_day_p05": true,
      "pass_all": false
    },
    {
      "lot_size": 1.2,
      "expected_dd_abs": -4293.359999999999,
      "stress_dd_abs": -6983.040000000004,
      "worst_day_abs": -1490.3999999999999,
      "daily_p05_abs": -358.79999999999995,
      "pass_expected_dd": false,
      "pass_stress_dd": false,
      "pass_worst_day": false,
      "pass_day_p05": true,
      "pass_all": false
    },
    {
      "lot_size": 1.3,
      "expected_dd_abs": -4651.139999999999,
      "stress_dd_abs": -7564.9600000000055,
      "worst_day_abs": -1614.6000000000001,
      "daily_p05_abs": -388.7,
      "pass_expected_dd": false,
      "pass_stress_dd": false,
      "pass_worst_day": false,
      "pass_day_p05": true,
      "pass_all": false
    },
    {
      "lot_size": 1.4,
      "expected_dd_abs": -5008.919999999999,
      "stress_dd_abs": -8146.880000000005,
      "worst_day_abs": -1738.7999999999997,
      "daily_p05_abs": -418.5999999999999,
      "pass_expected_dd": false,
      "pass_stress_dd": false,
      "pass_worst_day": false,
      "pass_day_p05": true,
      "pass_all": false
    },
    {
      "lot_size": 1.5,
      "expected_dd_abs": -5366.7,
      "stress_dd_abs": -8728.800000000007,
      "worst_day_abs": -1863.0,
      "daily_p05_abs": -448.5,
      "pass_expected_dd": false,
      "pass_stress_dd": false,
      "pass_worst_day": false,
      "pass_day_p05": true,
      "pass_all": false
    },
    {
      "lot_size": 1.6,
      "expected_dd_abs": -5724.48,
      "stress_dd_abs": -9310.720000000007,
      "worst_day_abs": -1987.2,
      "daily_p05_abs": -478.4,
      "pass_expected_dd": false,
      "pass_stress_dd": false,
      "pass_worst_day": false,
      "pass_day_p05": false,
      "pass_all": false
    },
    {
      "lot_size": 1.7,
      "expected_dd_abs": -6082.259999999999,
      "stress_dd_abs": -9892.640000000007,
      "worst_day_abs": -2111.4,