{
  "strategy_id": "GBPUSD_22_6.11.100_SELL_M15",
  "summary": {
    "strategy_id": "GBPUSD_22_6.11.100_SELL_M15",
    "side_mix": null,
    "symbol_count": 1,
    "trade_count": 394,
    "baseline_lot": 0.1,
    "avg_trade_0_1": 1.8238071065989845,
    "avg_loss_0_1": -11.741081081081083,
    "p05_trade_0_1": -23.915,
    "p01_trade_0_1": -59.6526,
    "worst_day_0_1": -178.5,
    "p05_day_0_1": -23.05,
    "expected_dd_0_1": -183.70000000000005,
    "stress_dd_0_1": -493.4290000000005,
    "robustness_score": 0.6000000000000001,
    "portfolio_fit_score": 0.7220563268672036,
    "diversification_score": 0.9440120813538074,
    "regime_dependency_score": 0.45677591413396806,
    "correlation_penalty": 0.0243917532341554,
    "allowed_expected_dd_limit_abs": 1020.0,
    "allowed_stress_dd_limit_abs": 1912.5,
    "allowed_worst_day_limit_abs": 650.0,
    "allowed_day_p05_limit_abs": 450.0,
    "recommended_lot_size": 0.2,
    "max_safe_lot_size": 0.3,
    "expected_dd_at_recommended_lot": -367.4000000000001,
    "stress_dd_at_recommended_lot": -986.858000000001,
    "max_loss_per_day_recommendation": -46.1,
    "recommended_risk_budget": "VERY_LOW",
    "sizing_constraints": "{\"baseline_lot\": 0.1, \"recommended_lot_size\": 0.2, \"max_safe_lot_size\": 0.3, \"lot_step\": 0.1, \"max_supported_lot\": 5.0, \"max_expected_dd_abs\": 1020.0, \"max_stress_dd_abs\": 1912.5, \"max_worst_day_abs\": 650.0, \"max_daily_p05_abs\": 450.0}"
  },
  "baseline_metrics": {
    "trade_count": 394,
    "daily_count": 392,
    "net_profit_0_1": 718.5799999999999,
    "avg_trade_0_1": 1.8238071065989845,
    "median_trade_0_1": -2.1500000000000004,
    "std_trade_0_1": 22.46293446223822,
    "avg_loss_0_1": -11.741081081081083,
    "p05_trade_0_1": -23.915,
    "p01_trade_0_1": -59.6526,
    "profit_factor_0_1": 1.2756855884474319,
    "historical_max_dd_0_1": -183.70000000000005,
    "mc_dd_p95_0_1": -493.4290000000005,
    "avg_day_0_1": 1.833112244897959,
    "std_day_0_1": 22.486505382217675,
    "worst_day_0_1": -178.5,
    "p05_day_0_1": -23.05
  },
  "optional_layer_metrics": {
    "robustness_score": 0.6000000000000001,
    "portfolio_fit_score": 0.7220563268672036,
    "diversification_score": 0.9440120813538074,
    "correlation_penalty": 0.0243917532341554,
    "regime_dependency_score": 0.45677591413396806
  },
  "limits": {
    "stress_limit_abs": 1912.5,
    "expected_dd_limit_abs": 1020.0,
    "worst_day_limit_abs": 650.0,
    "day_p05_limit_abs": 450.0
  },
  "lot_grid_table": [
    {
      "lot_size": 0.1,
      "expected_dd_abs": -183.70000000000005,
      "stress_dd_abs": -493.4290000000005,
      "worst_day_abs": -178.5,
      "daily_p05_abs": -23.05,
      "pass_expected_dd": true,
      "pass_stress_dd": true,
      "pass_worst_day": true,
      "pass_day_p05": true,
      "pass_all": true
    },
    {
      "lot_size": 0.2,
      "expected_dd_abs": -367.4000000000001,
      "stress_dd_abs": -986.858000000001,
      "worst_day_abs": -357.0,
      "daily_p05_abs": -46.1,
      "pass_expected_dd": true,
      "pass_stress_dd": true,
      "pass_worst_day": true,
      "pass_day_p05": true,
      "pass_all": true
    },
    {
      "lot_size": 0.3,
      "expected_dd_abs": -551.1,
      "stress_dd_abs": -1480.2870000000012,
      "worst_day_abs": -535.4999999999999,
      "daily_p05_abs": -69.14999999999999,
      "pass_expected_dd": true,
      "pass_stress_dd": true,
      "pass_worst_day": true,
      "pass_day_p05": true,
      "pass_all": true
    },
    {
      "lot_size": 0.4,
      "expected_dd_abs": -734.8000000000002,
      "stress_dd_abs": -1973.716000000002,
      "worst_day_abs": -714.0,
      "daily_p05_abs": -92.2,
      "pass_expected_dd": true,
      "pass_stress_dd": false,
      "pass_worst_day": false,
      "pass_day_p05": true,
      "pass_all": false
    },
    {
      "lot_size": 0.5,
      "expected_dd_abs": -918.5000000000002,
      "stress_dd_abs": -2467.1450000000023,
      "worst_day_abs": -892.5,
      "daily_p05_abs": -115.25,
      "pass_expected_dd": true,
      "pass_stress_dd": false,
      "pass_worst_day": false,
      "pass_day_p05": true,
      "pass_all": false
    },
    {
      "lot_size": 0.6,
      "expected_dd_abs": -1102.2,
      "stress_dd_abs": -2960.5740000000023,
      "worst_day_abs": -1070.9999999999998,
      "daily_p05_abs": -138.29999999999998,
      "pass_expected_dd": false,
      "pass_stress_dd": false,
      "pass_worst_day": false,
      "pass_day_p05": true,
      "pass_all": false
    },
    {
      "lot_size": 0.7,
      "expected_dd_abs": -1285.9,
      "stress_dd_abs": -3454.003000000003,
      "worst_day_abs": -1249.4999999999998,
      "daily_p05_abs": -161.35,
      "pass_expected_dd": false,
      "pass_stress_dd": false,
      "pass_worst_day": false,
      "pass_day_p05": true,
      "pass_all": false
    },
    {
      "lot_size": 0.8,
      "expected_dd_abs": -1469.6000000000004,
      "stress_dd_abs": -3947.432000000004,
      "worst_day_abs": -1428.0,
      "daily_p05_abs": -184.4,
      "pass_expected_dd": false,
      "pass_stress_dd": false,
      "pass_worst_day": false,
      "pass_day_p05": true,
      "pass_all": false
    },
    {
      "lot_size": 0.9,
      "expected_dd_abs": -1653.3000000000004,
      "stress_dd_abs": -4440.861000000004,
      "worst_day_abs": -1606.5,
      "daily_p05_abs": -207.45000000000002,
      "pass_expected_dd": false,
      "pass_stress_dd": false,
      "pass_worst_day": false,
      "pass_day_p05": true,
      "pass_all": false
    },
    {
      "lot_size": 1.0,
      "expected_dd_abs": -1837.0000000000005,
      "stress_dd_abs": -4934.2900000000045,
      "worst_day_abs": -1785.0,
      "daily_p05_abs": -230.5,
      "pass_expected_dd": false,
      "pass_stress_dd": false,
      "pass_worst_day": false,
      "pass_day_p05": true,
      "pass_all": false
    },
    {
      "lot_size": 1.1,
      "expected_dd_abs": -2020.7000000000005,
      "stress_dd_abs": -5427.7190000000055,
      "worst_day_abs": -1963.5,
      "daily_p05_abs": -253.55,
      "pass_expected_dd": false,
      "pass_stress_dd": false,
      "pass_worst_day": false,
      "pass_day_p05": true,
      "pass_all": false
    },
    {
      "lot_size": 1.2,
      "expected_dd_abs": -2204.4,
      "stress_dd_abs": -5921.148000000005,
      "worst_day_abs": -2141.9999999999995,
      "daily_p05_abs": -276.59999999999997,
      "pass_expected_dd": false,
      "pass_stress_dd": false,
      "pass_worst_day": false,
      "pass_day_p05": true,
      "pass_all": false
    },
    {
      "lot_size": 1.3,
      "expected_dd_abs": -2388.1000000000004,
      "stress_dd_abs": -6414.577000000007,
      "worst_day_abs": -2320.5,
      "daily_p05_abs": -299.65000000000003,
      "pass_expected_dd": false,
      "pass_stress_dd": false,
      "pass_worst_day": false,
      "pass_day_p05": true,
      "pass_all": false
    },
    {
      "lot_size": 1.4,
      "expected_dd_abs": -2571.8,
      "stress_dd_abs": -6908.006000000006,
      "worst_day_abs": -2498.9999999999995,
      "daily_p05_abs": -322.7,
      "pass_expected_dd": false,
      "pass_stress_dd": false,
      "pass_worst_day": false,
      "pass_day_p05": true,
      "pass_all": false
    },
    {
      "lot_size": 1.5,
      "expected_dd_abs": -2755.500000000001,
      "stress_dd_abs": -7401.435000000008,
      "worst_day_abs": -2677.5,
      "daily_p05_abs": -345.75,
      "pass_expected_dd": false,
      "pass_stress_dd": false,
      "pass_worst_day": false,
      "pass_day_p05": true,
      "pass_all": false
    },
    {
      "lot_size": 1.6,
      "expected_dd_abs": -2939.2000000000007,
      "stress_dd_abs": -7894.864000000008,
      "worst_day_abs": -2856.0,
      "daily_p05_abs": -368.8,
      "pass_expected_dd": false,
      "pass_stress_dd": false,
      "pass_worst_day": false,
      "pass_day_p05": true,
      "pass_all": false
    },
    {
      "lot_size": 1.7,
      "expected_dd_abs": -3122.9000000000005,