{
  "strategy_id": "GBPUSD_74_6.52.179_SELL_M15",
  "summary": {
    "strategy_id": "GBPUSD_74_6.52.179_SELL_M15",
    "side_mix": null,
    "symbol_count": 1,
    "trade_count": 723,
    "baseline_lot": 0.1,
    "avg_trade_0_1": 3.377123098201936,
    "avg_loss_0_1": -29.991242937853105,
    "p05_trade_0_1": -47.86,
    "p01_trade_0_1": -68.57799999999999,
    "worst_day_0_1": -108.4,
    "p05_day_0_1": -47.879999999999995,
    "expected_dd_0_1": -483.4999999999999,
    "stress_dd_0_1": -846.56,
    "robustness_score": 1.0,
    "portfolio_fit_score": 0.7112025143092634,
    "diversification_score": 0.9220263055529956,
    "regime_dependency_score": 0.4213239749753095,
    "correlation_penalty": 0.0355439006189531,
    "allowed_expected_dd_limit_abs": 1200.0,
    "allowed_stress_dd_limit_abs": 2500.0,
    "allowed_worst_day_limit_abs": 650.0,
    "allowed_day_p05_limit_abs": 450.0,
    "recommended_lot_size": 0.1,
    "max_safe_lot_size": 0.2,
    "expected_dd_at_recommended_lot": -483.4999999999999,
    "stress_dd_at_recommended_lot": -846.56,
    "max_loss_per_day_recommendation": -47.879999999999995,
    "recommended_risk_budget": "VERY_LOW",
    "sizing_constraints": "{\"baseline_lot\": 0.1, \"recommended_lot_size\": 0.1, \"max_safe_lot_size\": 0.2, \"lot_step\": 0.1, \"max_supported_lot\": 5.0, \"max_expected_dd_abs\": 1200.0, \"max_stress_dd_abs\": 2500.0, \"max_worst_day_abs\": 650.0, \"max_daily_p05_abs\": 450.0}"
  },
  "baseline_metrics": {
    "trade_count": 723,
    "daily_count": 722,
    "net_profit_0_1": 2441.66,
    "avg_trade_0_1": 3.377123098201936,
    "median_trade_0_1": 1.9,
    "std_trade_0_1": 36.68434014203569,
    "avg_loss_0_1": -29.991242937853105,
    "p05_trade_0_1": -47.86,
    "p01_trade_0_1": -68.57799999999999,
    "profit_factor_0_1": 1.229978618994245,
    "historical_max_dd_0_1": -483.4999999999999,
    "mc_dd_p95_0_1": -846.56,
    "avg_day_0_1": 3.3818005540166203,
    "std_day_0_1": 36.71458793276196,
    "worst_day_0_1": -108.4,
    "p05_day_0_1": -47.879999999999995
  },
  "optional_layer_metrics": {
    "robustness_score": 1.0,
    "portfolio_fit_score": 0.7112025143092634,
    "diversification_score": 0.9220263055529956,
    "correlation_penalty": 0.0355439006189531,
    "regime_dependency_score": 0.4213239749753095
  },
  "limits": {
    "stress_limit_abs": 2500.0,
    "expected_dd_limit_abs": 1200.0,
    "worst_day_limit_abs": 650.0,
    "day_p05_limit_abs": 450.0
  },
  "lot_grid_table": [
    {
      "lot_size": 0.1,
      "expected_dd_abs": -483.4999999999999,
      "stress_dd_abs": -846.56,
      "worst_day_abs": -108.4,
      "daily_p05_abs": -47.879999999999995,
      "pass_expected_dd": true,
      "pass_stress_dd": true,
      "pass_worst_day": true,
      "pass_day_p05": true,
      "pass_all": true
    },
    {
      "lot_size": 0.2,
      "expected_dd_abs": -966.9999999999998,
      "stress_dd_abs": -1693.12,
      "worst_day_abs": -216.8,
      "daily_p05_abs": -95.75999999999999,
      "pass_expected_dd": true,
      "pass_stress_dd": true,
      "pass_worst_day": true,
      "pass_day_p05": true,
      "pass_all": true
    },
    {
      "lot_size": 0.3,
      "expected_dd_abs": -1450.4999999999995,
      "stress_dd_abs": -2539.6799999999994,
      "worst_day_abs": -325.2,
      "daily_p05_abs": -143.63999999999996,
      "pass_expected_dd": false,
      "pass_stress_dd": false,
      "pass_worst_day": true,
      "pass_day_p05": true,
      "pass_all": false
    },
    {
      "lot_size": 0.4,
      "expected_dd_abs": -1933.9999999999995,
      "stress_dd_abs": -3386.24,
      "worst_day_abs": -433.6,
      "daily_p05_abs": -191.51999999999998,
      "pass_expected_dd": false,
      "pass_stress_dd": false,
      "pass_worst_day": true,
      "pass_day_p05": true,
      "pass_all": false
    },
    {
      "lot_size": 0.5,
      "expected_dd_abs": -2417.4999999999995,
      "stress_dd_abs": -4232.799999999999,
      "worst_day_abs": -542.0,
      "daily_p05_abs": -239.39999999999998,
      "pass_expected_dd": false,
      "pass_stress_dd": false,
      "pass_worst_day": true,
      "pass_day_p05": true,
      "pass_all": false
    },
    {
      "lot_size": 0.6,
      "expected_dd_abs": -2900.999999999999,
      "stress_dd_abs": -5079.359999999999,
      "worst_day_abs": -650.4,
      "daily_p05_abs": -287.2799999999999,
      "pass_expected_dd": false,
      "pass_stress_dd": false,
      "pass_worst_day": false,
      "pass_day_p05": true,
      "pass_all": false
    },
    {
      "lot_size": 0.7,
      "expected_dd_abs": -3384.4999999999986,
      "stress_dd_abs": -5925.919999999999,
      "worst_day_abs": -758.8,
      "daily_p05_abs": -335.1599999999999,
      "pass_expected_dd": false,
      "pass_stress_dd": false,
      "pass_worst_day": false,
      "pass_day_p05": true,
      "pass_all": false
    },
    {
      "lot_size": 0.8,
      "expected_dd_abs": -3867.999999999999,
      "stress_dd_abs": -6772.48,
      "worst_day_abs": -867.2,
      "daily_p05_abs": -383.03999999999996,
      "pass_expected_dd": false,
      "pass_stress_dd": false,
      "pass_worst_day": false,
      "pass_day_p05": true,
      "pass_all": false
    },
    {
      "lot_size": 0.9,
      "expected_dd_abs": -4351.499999999999,
      "stress_dd_abs": -7619.039999999999,
      "worst_day_abs": -975.6,
      "daily_p05_abs": -430.91999999999996,
      "pass_expected_dd": false,
      "pass_stress_dd": false,
      "pass_worst_day": false,
      "pass_day_p05": true,
      "pass_all": false
    },
    {
      "lot_size": 1.0,
      "expected_dd_abs": -4834.999999999999,
      "stress_dd_abs": -8465.599999999999,
      "worst_day_abs": -1084.0,
      "daily_p05_abs": -478.79999999999995,
      "pass_expected_dd": false,
      "pass_stress_dd": false,
      "pass_worst_day": false,
      "pass_day_p05": false,
      "pass_all": false
    },
    {
      "lot_size": 1.1,
      "expected_dd_abs": -5318.499999999999,
      "stress_dd_abs": -9312.16,
      "worst_day_abs": -1192.4,
      "daily_p05_abs": -526.68,
      "pass_expected_dd": false,
      "pass_stress_dd": false,
      "pass_worst_day": false,
      "pass_day_p05": false,
      "pass_all": false
    },
    {
      "lot_size": 1.2,
      "expected_dd_abs": -5801.999999999998,
      "stress_dd_abs": -10158.719999999998,
      "worst_day_abs": -1300.8,
      "daily_p05_abs": -574.5599999999998,
      "pass_expected_dd": false,
      "pass_stress_dd": false,
      "pass_worst_day": false,
      "pass_day_p05": false,
      "pass_all": false
    },
    {
      "lot_size": 1.3,
      "expected_dd_abs": -6285.499999999998,
      "stress_dd_abs": -11005.279999999999,
      "worst_day_abs": -1409.2,
      "daily_p05_abs": -622.4399999999999,
      "pass_expected_dd": false,
      "pass_stress_dd": false,
      "pass_worst_day": false,
      "pass_day_p05": false,
      "pass_all": false
    },
    {
      "lot_size": 1.4,
      "expected_dd_abs": -6768.999999999997,
      "stress_dd_abs": -11851.839999999998,
      "worst_day_abs": -1517.6,
      "daily_p05_abs": -670.3199999999998,
      "pass_expected_dd": false,
      "pass_stress_dd": false,
      "pass_worst_day": false,
      "pass_day_p05": false,
      "pass_all": false
    },
    {
      "lot_size": 1.5,
      "expected_dd_abs": -7252.499999999998,
      "stress_dd_abs": -12698.4,
      "worst_day_abs": -1626.0,
      "daily_p05_abs": -718.1999999999999,
      "pass_expected_dd": false,
      "pass_stress_dd": false,
      "pass_worst_day": false,
      "pass_day_p05": false,
      "pass_all": false
    },
    {
      "lot_size": 1.6,
      "expected_dd_abs": -7735.999999999998,
      "stress_dd_abs": -13544.96,
      "worst_day_abs": -1734.4,
      "daily_p05_abs": -766.0799999999999,
      "pass_expected_dd": false,
      "pass_stress_dd": false,
      "pass_worst_day": false,
      "pass_day_p05": false,
      "pass_all": false
    },
    {
      "lot_size": 1.7,