{
  "strategy_id": "GBPUSD_21_3.3.167_BUY_M15",
  "summary": {
    "strategy_id": "GBPUSD_21_3.3.167_BUY_M15",
    "side_mix": null,
    "symbol_count": 1,
    "trade_count": 774,
    "baseline_lot": 0.1,
    "avg_trade_0_1": 1.604857881136951,
    "avg_loss_0_1": -32.580491400491404,
    "p05_trade_0_1": -51.98,
    "p01_trade_0_1": -68.156,
    "worst_day_0_1": -112.2,
    "p05_day_0_1": -51.58,
    "expected_dd_0_1": -743.2000000000002,
    "stress_dd_0_1": -1315.1819999999987,
    "robustness_score": 0.6000000000000001,
    "portfolio_fit_score": 0.7185579138394864,
    "diversification_score": 0.9370160772161812,
    "regime_dependency_score": 0.35367830831291286,
    "correlation_penalty": 0.0325643947308545,
    "allowed_expected_dd_limit_abs": 1020.0,
    "allowed_stress_dd_limit_abs": 2125.0,
    "allowed_worst_day_limit_abs": 650.0,
    "allowed_day_p05_limit_abs": 450.0,
    "recommended_lot_size": 0.1,
    "max_safe_lot_size": 0.1,
    "expected_dd_at_recommended_lot": -743.2000000000002,
    "stress_dd_at_recommended_lot": -1315.1819999999987,
    "max_loss_per_day_recommendation": -51.58,
    "recommended_risk_budget": "VERY_LOW",
    "sizing_constraints": "{\"baseline_lot\": 0.1, \"recommended_lot_size\": 0.1, \"max_safe_lot_size\": 0.1, \"lot_step\": 0.1, \"max_supported_lot\": 5.0, \"max_expected_dd_abs\": 1020.0, \"max_stress_dd_abs\": 2125.0, \"max_worst_day_abs\": 650.0, \"max_daily_p05_abs\": 450.0}"
  },
  "baseline_metrics": {
    "trade_count": 774,
    "daily_count": 773,
    "net_profit_0_1": 1242.16,
    "avg_trade_0_1": 1.604857881136951,
    "median_trade_0_1": -5.4,
    "std_trade_0_1": 40.92013804298731,
    "avg_loss_0_1": -32.580491400491404,
    "p05_trade_0_1": -51.98,
    "p01_trade_0_1": -68.156,
    "profit_factor_0_1": 1.0936753879637353,
    "historical_max_dd_0_1": -743.2000000000002,
    "mc_dd_p95_0_1": -1315.1819999999987,
    "avg_day_0_1": 1.6069340232858988,
    "std_day_0_1": 40.87736957739435,
    "worst_day_0_1": -112.2,
    "p05_day_0_1": -51.58
  },
  "optional_layer_metrics": {
    "robustness_score": 0.6000000000000001,
    "portfolio_fit_score": 0.7185579138394864,
    "diversification_score": 0.9370160772161812,
    "correlation_penalty": 0.0325643947308545,
    "regime_dependency_score": 0.35367830831291286
  },
  "limits": {
    "stress_limit_abs": 2125.0,
    "expected_dd_limit_abs": 1020.0,
    "worst_day_limit_abs": 650.0,
    "day_p05_limit_abs": 450.0
  },
  "lot_grid_table": [
    {
      "lot_size": 0.1,
      "expected_dd_abs": -743.2000000000002,
      "stress_dd_abs": -1315.1819999999987,
      "worst_day_abs": -112.2,
      "daily_p05_abs": -51.58,
      "pass_expected_dd": true,
      "pass_stress_dd": true,
      "pass_worst_day": true,
      "pass_day_p05": true,
      "pass_all": true
    },
    {
      "lot_size": 0.2,
      "expected_dd_abs": -1486.4000000000003,
      "stress_dd_abs": -2630.3639999999973,
      "worst_day_abs": -224.4,
      "daily_p05_abs": -103.16,
      "pass_expected_dd": false,
      "pass_stress_dd": false,
      "pass_worst_day": true,
      "pass_day_p05": true,
      "pass_all": false
    },
    {
      "lot_size": 0.3,
      "expected_dd_abs": -2229.6000000000004,
      "stress_dd_abs": -3945.5459999999953,
      "worst_day_abs": -336.59999999999997,
      "daily_p05_abs": -154.73999999999998,
      "pass_expected_dd": false,
      "pass_stress_dd": false,
      "pass_worst_day": true,
      "pass_day_p05": true,
      "pass_all": false
    },
    {
      "lot_size": 0.4,
      "expected_dd_abs": -2972.8000000000006,
      "stress_dd_abs": -5260.727999999995,
      "worst_day_abs": -448.8,
      "daily_p05_abs": -206.32,
      "pass_expected_dd": false,
      "pass_stress_dd": false,
      "pass_worst_day": true,
      "pass_day_p05": true,
      "pass_all": false
    },
    {
      "lot_size": 0.5,
      "expected_dd_abs": -3716.000000000001,
      "stress_dd_abs": -6575.9099999999935,
      "worst_day_abs": -561.0,
      "daily_p05_abs": -257.9,
      "pass_expected_dd": false,
      "pass_stress_dd": false,
      "pass_worst_day": true,
      "pass_day_p05": true,
      "pass_all": false
    },
    {
      "lot_size": 0.6,
      "expected_dd_abs": -4459.200000000001,
      "stress_dd_abs": -7891.091999999991,
      "worst_day_abs": -673.1999999999999,
      "daily_p05_abs": -309.47999999999996,
      "pass_expected_dd": false,
      "pass_stress_dd": false,
      "pass_worst_day": false,
      "pass_day_p05": true,
      "pass_all": false
    },
    {
      "lot_size": 0.7,
      "expected_dd_abs": -5202.400000000001,
      "stress_dd_abs": -9206.273999999989,
      "worst_day_abs": -785.3999999999999,
      "daily_p05_abs": -361.05999999999995,
      "pass_expected_dd": false,
      "pass_stress_dd": false,
      "pass_worst_day": false,
      "pass_day_p05": true,
      "pass_all": false
    },
    {
      "lot_size": 0.8,
      "expected_dd_abs": -5945.600000000001,
      "stress_dd_abs": -10521.45599999999,
      "worst_day_abs": -897.6,
      "daily_p05_abs": -412.64,
      "pass_expected_dd": false,
      "pass_stress_dd": false,
      "pass_worst_day": false,
      "pass_day_p05": true,
      "pass_all": false
    },
    {
      "lot_size": 0.9,
      "expected_dd_abs": -6688.800000000001,
      "stress_dd_abs": -11836.637999999988,
      "worst_day_abs": -1009.8000000000001,
      "daily_p05_abs": -464.21999999999997,
      "pass_expected_dd": false,
      "pass_stress_dd": false,
      "pass_worst_day": false,
      "pass_day_p05": false,
      "pass_all": false
    },
    {
      "lot_size": 1.0,
      "expected_dd_abs": -7432.000000000002,
      "stress_dd_abs": -13151.819999999987,
      "worst_day_abs": -1122.0,
      "daily_p05_abs": -515.8,
      "pass_expected_dd": false,
      "pass_stress_dd": false,
      "pass_worst_day": false,
      "pass_day_p05": false,
      "pass_all": false
    },
    {
      "lot_size": 1.1,
      "expected_dd_abs": -8175.200000000002,
      "stress_dd_abs": -14467.001999999986,
      "worst_day_abs": -1234.2,
      "daily_p05_abs": -567.38,
      "pass_expected_dd": false,
      "pass_stress_dd": false,
      "pass_worst_day": false,
      "pass_day_p05": false,
      "pass_all": false
    },
    {
      "lot_size": 1.2,
      "expected_dd_abs": -8918.400000000001,
      "stress_dd_abs": -15782.183999999981,
      "worst_day_abs": -1346.3999999999999,
      "daily_p05_abs": -618.9599999999999,
      "pass_expected_dd": false,
      "pass_stress_dd": false,
      "pass_worst_day": false,
      "pass_day_p05": false,
      "pass_all": false
    },
    {
      "lot_size": 1.3,
      "expected_dd_abs": -9661.600000000002,
      "stress_dd_abs": -17097.365999999984,
      "worst_day_abs": -1458.6000000000001,
      "daily_p05_abs": -670.54,
      "pass_expected_dd": false,
      "pass_stress_dd": false,
      "pass_worst_day": false,
      "pass_day_p05": false,
      "pass_all": false
    },
    {
      "lot_size": 1.4,
      "expected_dd_abs": -10404.800000000001,
      "stress_dd_abs": -18412.547999999977,
      "worst_day_abs": -1570.7999999999997,
      "daily_p05_abs": -722.1199999999999,
      "pass_expected_dd": false,
      "pass_stress_dd": false,
      "pass_worst_day": false,
      "pass_day_p05": false,
      "pass_all": false
    },
    {
      "lot_size": 1.5,
      "expected_dd_abs": -11148.000000000002,
      "stress_dd_abs": -19727.72999999998,
      "worst_day_abs": -1683.0,
      "daily_p05_abs": -773.6999999999999,
      "pass_expected_dd": false,
      "pass_stress_dd": false,
      "pass_worst_day": false,
      "pass_day_p05": false,
      "pass_all": false
    },
    {
      "lot_size": 1.6,
      "expected_dd_abs": -11891.200000000003,
      "stress_dd_abs": -21042.91199999998,
      "worst_day_abs": -1795.2,
      "daily_p05_abs": -825.28,
      "pass_expected_dd": false,
      "pass_stress_dd": false,
      "pass_worst_day": false,
      "pass_day_p05": false,