{
  "strategy_id": "NZDUSD_25_5.7.105_SELL_M15",
  "summary": {
    "strategy_id": "NZDUSD_25_5.7.105_SELL_M15",
    "side_mix": null,
    "symbol_count": 1,
    "trade_count": 711,
    "baseline_lot": 0.1,
    "avg_trade_0_1": 1.1025316455696204,
    "avg_loss_0_1": -23.120058139534883,
    "p05_trade_0_1": -40.7,
    "p01_trade_0_1": -62.26,
    "worst_day_0_1": -111.3,
    "p05_day_0_1": -40.04,
    "expected_dd_0_1": -465.0000000000002,
    "stress_dd_0_1": -927.01,
    "robustness_score": 0.6000000000000001,
    "portfolio_fit_score": 0.6995959126258053,
    "diversification_score": 0.8992147460216957,
    "regime_dependency_score": 0.5057320646355173,
    "correlation_penalty": 0.0836485920088333,
    "allowed_expected_dd_limit_abs": 1020.0,
    "allowed_stress_dd_limit_abs": 1912.5,
    "allowed_worst_day_limit_abs": 650.0,
    "allowed_day_p05_limit_abs": 450.0,
    "recommended_lot_size": 0.1,
    "max_safe_lot_size": 0.2,
    "expected_dd_at_recommended_lot": -465.0000000000002,
    "stress_dd_at_recommended_lot": -927.01,
    "max_loss_per_day_recommendation": -40.04,
    "recommended_risk_budget": "VERY_LOW",
    "sizing_constraints": "{\"baseline_lot\": 0.1, \"recommended_lot_size\": 0.1, \"max_safe_lot_size\": 0.2, \"lot_step\": 0.1, \"max_supported_lot\": 5.0, \"max_expected_dd_abs\": 1020.0, \"max_stress_dd_abs\": 1912.5, \"max_worst_day_abs\": 650.0, \"max_daily_p05_abs\": 450.0}"
  },
  "baseline_metrics": {
    "trade_count": 711,
    "daily_count": 709,
    "net_profit_0_1": 783.9000000000001,
    "avg_trade_0_1": 1.1025316455696204,
    "median_trade_0_1": 2.2,
    "std_trade_0_1": 27.445416648143535,
    "avg_loss_0_1": -23.120058139534883,
    "p05_trade_0_1": -40.7,
    "p01_trade_0_1": -62.26,
    "profit_factor_0_1": 1.0985628606993323,
    "historical_max_dd_0_1": -465.0000000000002,
    "mc_dd_p95_0_1": -927.01,
    "avg_day_0_1": 1.1056417489421722,
    "std_day_0_1": 27.604353558041357,
    "worst_day_0_1": -111.3,
    "p05_day_0_1": -40.04
  },
  "optional_layer_metrics": {
    "robustness_score": 0.6000000000000001,
    "portfolio_fit_score": 0.6995959126258053,
    "diversification_score": 0.8992147460216957,
    "correlation_penalty": 0.0836485920088333,
    "regime_dependency_score": 0.5057320646355173
  },
  "limits": {
    "stress_limit_abs": 1912.5,
    "expected_dd_limit_abs": 1020.0,
    "worst_day_limit_abs": 650.0,
    "day_p05_limit_abs": 450.0
  },
  "lot_grid_table": [
    {
      "lot_size": 0.1,
      "expected_dd_abs": -465.0000000000002,
      "stress_dd_abs": -927.01,
      "worst_day_abs": -111.3,
      "daily_p05_abs": -40.04,
      "pass_expected_dd": true,
      "pass_stress_dd": true,
      "pass_worst_day": true,
      "pass_day_p05": true,
      "pass_all": true
    },
    {
      "lot_size": 0.2,
      "expected_dd_abs": -930.0000000000005,
      "stress_dd_abs": -1854.02,
      "worst_day_abs": -222.6,
      "daily_p05_abs": -80.08,
      "pass_expected_dd": true,
      "pass_stress_dd": true,
      "pass_worst_day": true,
      "pass_day_p05": true,
      "pass_all": true
    },
    {
      "lot_size": 0.3,
      "expected_dd_abs": -1395.0000000000005,
      "stress_dd_abs": -2781.0299999999997,
      "worst_day_abs": -333.8999999999999,
      "daily_p05_abs": -120.11999999999998,
      "pass_expected_dd": false,
      "pass_stress_dd": false,
      "pass_worst_day": true,
      "pass_day_p05": true,
      "pass_all": false
    },
    {
      "lot_size": 0.4,
      "expected_dd_abs": -1860.000000000001,
      "stress_dd_abs": -3708.04,
      "worst_day_abs": -445.2,
      "daily_p05_abs": -160.16,
      "pass_expected_dd": false,
      "pass_stress_dd": false,
      "pass_worst_day": true,
      "pass_day_p05": true,
      "pass_all": false
    },
    {
      "lot_size": 0.5,
      "expected_dd_abs": -2325.000000000001,
      "stress_dd_abs": -4635.05,
      "worst_day_abs": -556.5,
      "daily_p05_abs": -200.2,
      "pass_expected_dd": false,
      "pass_stress_dd": false,
      "pass_worst_day": true,
      "pass_day_p05": true,
      "pass_all": false
    },
    {
      "lot_size": 0.6,
      "expected_dd_abs": -2790.000000000001,
      "stress_dd_abs": -5562.0599999999995,
      "worst_day_abs": -667.7999999999998,
      "daily_p05_abs": -240.23999999999995,
      "pass_expected_dd": false,
      "pass_stress_dd": false,
      "pass_worst_day": false,
      "pass_day_p05": true,
      "pass_all": false
    },
    {
      "lot_size": 0.7,
      "expected_dd_abs": -3255.0000000000014,
      "stress_dd_abs": -6489.069999999999,
      "worst_day_abs": -779.0999999999999,
      "daily_p05_abs": -280.28,
      "pass_expected_dd": false,
      "pass_stress_dd": false,
      "pass_worst_day": false,
      "pass_day_p05": true,
      "pass_all": false
    },
    {
      "lot_size": 0.8,
      "expected_dd_abs": -3720.000000000002,
      "stress_dd_abs": -7416.08,
      "worst_day_abs": -890.4,
      "daily_p05_abs": -320.32,
      "pass_expected_dd": false,
      "pass_stress_dd": false,
      "pass_worst_day": false,
      "pass_day_p05": true,
      "pass_all": false
    },
    {
      "lot_size": 0.9,
      "expected_dd_abs": -4185.000000000002,
      "stress_dd_abs": -8343.09,
      "worst_day_abs": -1001.6999999999999,
      "daily_p05_abs": -360.36,
      "pass_expected_dd": false,
      "pass_stress_dd": false,
      "pass_worst_day": false,
      "pass_day_p05": true,
      "pass_all": false
    },
    {
      "lot_size": 1.0,
      "expected_dd_abs": -4650.000000000002,
      "stress_dd_abs": -9270.1,
      "worst_day_abs": -1113.0,
      "daily_p05_abs": -400.4,
      "pass_expected_dd": false,
      "pass_stress_dd": false,
      "pass_worst_day": false,
      "pass_day_p05": true,
      "pass_all": false
    },
    {
      "lot_size": 1.1,
      "expected_dd_abs": -5115.000000000003,
      "stress_dd_abs": -10197.11,
      "worst_day_abs": -1224.3,
      "daily_p05_abs": -440.44,
      "pass_expected_dd": false,
      "pass_stress_dd": false,
      "pass_worst_day": false,
      "pass_day_p05": true,
      "pass_all": false
    },
    {
      "lot_size": 1.2,
      "expected_dd_abs": -5580.000000000002,
      "stress_dd_abs": -11124.119999999999,
      "worst_day_abs": -1335.5999999999997,
      "daily_p05_abs": -480.4799999999999,
      "pass_expected_dd": false,
      "pass_stress_dd": false,
      "pass_worst_day": false,
      "pass_day_p05": false,
      "pass_all": false
    },
    {
      "lot_size": 1.3,
      "expected_dd_abs": -6045.000000000003,
      "stress_dd_abs": -12051.13,
      "worst_day_abs": -1446.8999999999999,
      "daily_p05_abs": -520.52,
      "pass_expected_dd": false,
      "pass_stress_dd": false,
      "pass_worst_day": false,
      "pass_day_p05": false,
      "pass_all": false
    },
    {
      "lot_size": 1.4,
      "expected_dd_abs": -6510.000000000003,
      "stress_dd_abs": -12978.139999999998,
      "worst_day_abs": -1558.1999999999998,
      "daily_p05_abs": -560.56,
      "pass_expected_dd": false,
      "pass_stress_dd": false,
      "pass_worst_day": false,
      "pass_day_p05": false,
      "pass_all": false
    },
    {
      "lot_size": 1.5,
      "expected_dd_abs": -6975.000000000004,
      "stress_dd_abs": -13905.15,
      "worst_day_abs": -1669.5,
      "daily_p05_abs": -600.6,
      "pass_expected_dd": false,
      "pass_stress_dd": false,
      "pass_worst_day": false,
      "pass_day_p05": false,
      "pass_all": false
    },
    {
      "lot_size": 1.6,
      "expected_dd_abs": -7440.000000000004,
      "stress_dd_abs": -14832.16,
      "worst_day_abs": -1780.8,
      "daily_p05_abs": -640.64,
      "pass_expected_dd": false,
      "pass_stress_dd": false,
      "pass_worst_day": false,
      "pass_day_p05": false,
      "pass_all": false
    },
    {
      "lot_size": 1.7,
      "expected_dd_abs": -7905.000000000004,
      "stress_dd_abs": -15759.17,
      "worst_day_abs": -1892.1,
      "daily_p05_abs": -680.68,