{
  "strategy_id": "NZDUSD_23_2.12.147_SELL_M15",
  "summary": {
    "strategy_id": "NZDUSD_23_2.12.147_SELL_M15",
    "side_mix": null,
    "symbol_count": 1,
    "trade_count": 517,
    "baseline_lot": 0.1,
    "avg_trade_0_1": 1.5773694390715667,
    "avg_loss_0_1": -23.961875,
    "p05_trade_0_1": -45.8,
    "p01_trade_0_1": -70.224,
    "worst_day_0_1": -86.1,
    "p05_day_0_1": -45.85,
    "expected_dd_0_1": -268.3,
    "stress_dd_0_1": -500.32000000000016,
    "robustness_score": 0.8,
    "portfolio_fit_score": 0.7092042124808279,
    "diversification_score": 0.9184662087454396,
    "regime_dependency_score": 0.6425517246788677,
    "correlation_penalty": 0.0600163572573847,
    "allowed_expected_dd_limit_abs": 1020.0,
    "allowed_stress_dd_limit_abs": 2000.0,
    "allowed_worst_day_limit_abs": 650.0,
    "allowed_day_p05_limit_abs": 450.0,
    "recommended_lot_size": 0.2,
    "max_safe_lot_size": 0.3,
    "expected_dd_at_recommended_lot": -536.6,
    "stress_dd_at_recommended_lot": -1000.6400000000003,
    "max_loss_per_day_recommendation": -91.7,
    "recommended_risk_budget": "VERY_LOW",
    "sizing_constraints": "{\"baseline_lot\": 0.1, \"recommended_lot_size\": 0.2, \"max_safe_lot_size\": 0.3, \"lot_step\": 0.1, \"max_supported_lot\": 5.0, \"max_expected_dd_abs\": 1020.0, \"max_stress_dd_abs\": 2000.0, \"max_worst_day_abs\": 650.0, \"max_daily_p05_abs\": 450.0}"
  },
  "baseline_metrics": {
    "trade_count": 517,
    "daily_count": 516,
    "net_profit_0_1": 815.5,
    "avg_trade_0_1": 1.5773694390715667,
    "median_trade_0_1": 10.4,
    "std_trade_0_1": 21.059768453862556,
    "avg_loss_0_1": -23.961875,
    "p05_trade_0_1": -45.8,
    "p01_trade_0_1": -70.224,
    "profit_factor_0_1": 1.2127076866897935,
    "historical_max_dd_0_1": -268.3,
    "mc_dd_p95_0_1": -500.32000000000016,
    "avg_day_0_1": 1.5804263565891472,
    "std_day_0_1": 21.12322112030925,
    "worst_day_0_1": -86.1,
    "p05_day_0_1": -45.85
  },
  "optional_layer_metrics": {
    "robustness_score": 0.8,
    "portfolio_fit_score": 0.7092042124808279,
    "diversification_score": 0.9184662087454396,
    "correlation_penalty": 0.0600163572573847,
    "regime_dependency_score": 0.6425517246788677
  },
  "limits": {
    "stress_limit_abs": 2000.0,
    "expected_dd_limit_abs": 1020.0,
    "worst_day_limit_abs": 650.0,
    "day_p05_limit_abs": 450.0
  },
  "lot_grid_table": [
    {
      "lot_size": 0.1,
      "expected_dd_abs": -268.3,
      "stress_dd_abs": -500.32000000000016,
      "worst_day_abs": -86.1,
      "daily_p05_abs": -45.85,
      "pass_expected_dd": true,
      "pass_stress_dd": true,
      "pass_worst_day": true,
      "pass_day_p05": true,
      "pass_all": true
    },
    {
      "lot_size": 0.2,
      "expected_dd_abs": -536.6,
      "stress_dd_abs": -1000.6400000000003,
      "worst_day_abs": -172.2,
      "daily_p05_abs": -91.7,
      "pass_expected_dd": true,
      "pass_stress_dd": true,
      "pass_worst_day": true,
      "pass_day_p05": true,
      "pass_all": true
    },
    {
      "lot_size": 0.3,
      "expected_dd_abs": -804.8999999999999,
      "stress_dd_abs": -1500.9600000000003,
      "worst_day_abs": -258.29999999999995,
      "daily_p05_abs": -137.54999999999998,
      "pass_expected_dd": true,
      "pass_stress_dd": true,
      "pass_worst_day": true,
      "pass_day_p05": true,
      "pass_all": true
    },
    {
      "lot_size": 0.4,
      "expected_dd_abs": -1073.2,
      "stress_dd_abs": -2001.2800000000007,
      "worst_day_abs": -344.4,
      "daily_p05_abs": -183.4,
      "pass_expected_dd": false,
      "pass_stress_dd": false,
      "pass_worst_day": true,
      "pass_day_p05": true,
      "pass_all": false
    },
    {
      "lot_size": 0.5,
      "expected_dd_abs": -1341.5,
      "stress_dd_abs": -2501.600000000001,
      "worst_day_abs": -430.5,
      "daily_p05_abs": -229.25,
      "pass_expected_dd": false,
      "pass_stress_dd": false,
      "pass_worst_day": true,
      "pass_day_p05": true,
      "pass_all": false
    },
    {
      "lot_size": 0.6,
      "expected_dd_abs": -1609.7999999999997,
      "stress_dd_abs": -3001.9200000000005,
      "worst_day_abs": -516.5999999999999,
      "daily_p05_abs": -275.09999999999997,
      "pass_expected_dd": false,
      "pass_stress_dd": false,
      "pass_worst_day": true,
      "pass_day_p05": true,
      "pass_all": false
    },
    {
      "lot_size": 0.7,
      "expected_dd_abs": -1878.1,
      "stress_dd_abs": -3502.2400000000007,
      "worst_day_abs": -602.6999999999999,
      "daily_p05_abs": -320.95,
      "pass_expected_dd": false,
      "pass_stress_dd": false,
      "pass_worst_day": true,
      "pass_day_p05": true,
      "pass_all": false
    },
    {
      "lot_size": 0.8,
      "expected_dd_abs": -2146.4,
      "stress_dd_abs": -4002.5600000000013,
      "worst_day_abs": -688.8,
      "daily_p05_abs": -366.8,
      "pass_expected_dd": false,
      "pass_stress_dd": false,
      "pass_worst_day": false,
      "pass_day_p05": true,
      "pass_all": false
    },
    {
      "lot_size": 0.9,
      "expected_dd_abs": -2414.7000000000003,
      "stress_dd_abs": -4502.880000000001,
      "worst_day_abs": -774.9,
      "daily_p05_abs": -412.65000000000003,
      "pass_expected_dd": false,
      "pass_stress_dd": false,
      "pass_worst_day": false,
      "pass_day_p05": true,
      "pass_all": false
    },
    {
      "lot_size": 1.0,
      "expected_dd_abs": -2683.0,
      "stress_dd_abs": -5003.200000000002,
      "worst_day_abs": -861.0,
      "daily_p05_abs": -458.5,
      "pass_expected_dd": false,
      "pass_stress_dd": false,
      "pass_worst_day": false,
      "pass_day_p05": false,
      "pass_all": false
    },
    {
      "lot_size": 1.1,
      "expected_dd_abs": -2951.3,
      "stress_dd_abs": -5503.520000000002,
      "worst_day_abs": -947.0999999999999,
      "daily_p05_abs": -504.35,
      "pass_expected_dd": false,
      "pass_stress_dd": false,
      "pass_worst_day": false,
      "pass_day_p05": false,
      "pass_all": false
    },
    {
      "lot_size": 1.2,
      "expected_dd_abs": -3219.5999999999995,
      "stress_dd_abs": -6003.840000000001,
      "worst_day_abs": -1033.1999999999998,
      "daily_p05_abs": -550.1999999999999,
      "pass_expected_dd": false,
      "pass_stress_dd": false,
      "pass_worst_day": false,
      "pass_day_p05": false,
      "pass_all": false
    },
    {
      "lot_size": 1.3,
      "expected_dd_abs": -3487.9,
      "stress_dd_abs": -6504.160000000002,
      "worst_day_abs": -1119.3,
      "daily_p05_abs": -596.0500000000001,
      "pass_expected_dd": false,
      "pass_stress_dd": false,
      "pass_worst_day": false,
      "pass_day_p05": false,
      "pass_all": false
    },
    {
      "lot_size": 1.4,
      "expected_dd_abs": -3756.2,
      "stress_dd_abs": -7004.480000000001,
      "worst_day_abs": -1205.3999999999999,
      "daily_p05_abs": -641.9,
      "pass_expected_dd": false,
      "pass_stress_dd": false,
      "pass_worst_day": false,
      "pass_day_p05": false,
      "pass_all": false
    },
    {
      "lot_size": 1.5,
      "expected_dd_abs": -4024.5,
      "stress_dd_abs": -7504.800000000003,
      "worst_day_abs": -1291.5,
      "daily_p05_abs": -687.75,
      "pass_expected_dd": false,
      "pass_stress_dd": false,
      "pass_worst_day": false,
      "pass_day_p05": false,
      "pass_all": false
    },
    {
      "lot_size": 1.6,
      "expected_dd_abs": -4292.8,
      "stress_dd_abs": -8005.120000000003,
      "worst_day_abs": -1377.6,
      "daily_p05_abs": -733.6,
      "pass_expected_dd": false,
      "pass_stress_dd": false,
      "pass_worst_day": false,
      "pass_day_p05": false,
      "pass_all": false
    },
    {
      "lot_size": 1.7,
      "expected_dd_abs": -4561.1,
      "stress_dd_abs": -8505.440000000002,
      "worst_day_abs": -1463.6999999999998,
      "daily_p05_abs": -779.45,
      "pass_expected_dd": false,
      "pass_stress_dd": false,