{
  "strategy_id": "NZDUSD_75_4.73.120_SELL_M15",
  "summary": {
    "strategy_id": "NZDUSD_75_4.73.120_SELL_M15",
    "side_mix": null,
    "symbol_count": 1,
    "trade_count": 560,
    "baseline_lot": 0.1,
    "avg_trade_0_1": 1.625535714285714,
    "avg_loss_0_1": -18.59750889679715,
    "p05_trade_0_1": -29.429999999999996,
    "p01_trade_0_1": -47.428,
    "worst_day_0_1": -77.9,
    "p05_day_0_1": -29.459999999999997,
    "expected_dd_0_1": -251.10000000000002,
    "stress_dd_0_1": -577.405,
    "robustness_score": 0.6000000000000001,
    "portfolio_fit_score": 0.705665909977712,
    "diversification_score": 0.9113344667529064,
    "regime_dependency_score": 0.4761205081435026,
    "correlation_penalty": 0.0648774414529734,
    "allowed_expected_dd_limit_abs": 1020.0,
    "allowed_stress_dd_limit_abs": 1912.5,
    "allowed_worst_day_limit_abs": 650.0,
    "allowed_day_p05_limit_abs": 450.0,
    "recommended_lot_size": 0.2,
    "max_safe_lot_size": 0.3,
    "expected_dd_at_recommended_lot": -502.20000000000005,
    "stress_dd_at_recommended_lot": -1154.81,
    "max_loss_per_day_recommendation": -58.919999999999995,
    "recommended_risk_budget": "VERY_LOW",
    "sizing_constraints": "{\"baseline_lot\": 0.1, \"recommended_lot_size\": 0.2, \"max_safe_lot_size\": 0.3, \"lot_step\": 0.1, \"max_supported_lot\": 5.0, \"max_expected_dd_abs\": 1020.0, \"max_stress_dd_abs\": 1912.5, \"max_worst_day_abs\": 650.0, \"max_daily_p05_abs\": 450.0}"
  },
  "baseline_metrics": {
    "trade_count": 560,
    "daily_count": 559,
    "net_profit_0_1": 910.2999999999998,
    "avg_trade_0_1": 1.625535714285714,
    "median_trade_0_1": -0.0999999999999999,
    "std_trade_0_1": 23.514521256221162,
    "avg_loss_0_1": -18.59750889679715,
    "p05_trade_0_1": -29.429999999999996,
    "p01_trade_0_1": -47.428,
    "profit_factor_0_1": 1.174190091658853,
    "historical_max_dd_0_1": -251.10000000000002,
    "mc_dd_p95_0_1": -577.405,
    "avg_day_0_1": 1.6284436493738819,
    "std_day_0_1": 23.634892260411203,
    "worst_day_0_1": -77.9,
    "p05_day_0_1": -29.459999999999997
  },
  "optional_layer_metrics": {
    "robustness_score": 0.6000000000000001,
    "portfolio_fit_score": 0.705665909977712,
    "diversification_score": 0.9113344667529064,
    "correlation_penalty": 0.0648774414529734,
    "regime_dependency_score": 0.4761205081435026
  },
  "limits": {
    "stress_limit_abs": 1912.5,
    "expected_dd_limit_abs": 1020.0,
    "worst_day_limit_abs": 650.0,
    "day_p05_limit_abs": 450.0
  },
  "lot_grid_table": [
    {
      "lot_size": 0.1,
      "expected_dd_abs": -251.10000000000002,
      "stress_dd_abs": -577.405,
      "worst_day_abs": -77.9,
      "daily_p05_abs": -29.459999999999997,
      "pass_expected_dd": true,
      "pass_stress_dd": true,
      "pass_worst_day": true,
      "pass_day_p05": true,
      "pass_all": true
    },
    {
      "lot_size": 0.2,
      "expected_dd_abs": -502.20000000000005,
      "stress_dd_abs": -1154.81,
      "worst_day_abs": -155.8,
      "daily_p05_abs": -58.919999999999995,
      "pass_expected_dd": true,
      "pass_stress_dd": true,
      "pass_worst_day": true,
      "pass_day_p05": true,
      "pass_all": true
    },
    {
      "lot_size": 0.3,
      "expected_dd_abs": -753.3,
      "stress_dd_abs": -1732.2149999999997,
      "worst_day_abs": -233.7,
      "daily_p05_abs": -88.37999999999998,
      "pass_expected_dd": true,
      "pass_stress_dd": true,
      "pass_worst_day": true,
      "pass_day_p05": true,
      "pass_all": true
    },
    {
      "lot_size": 0.4,
      "expected_dd_abs": -1004.4000000000001,
      "stress_dd_abs": -2309.62,
      "worst_day_abs": -311.6,
      "daily_p05_abs": -117.83999999999999,
      "pass_expected_dd": true,
      "pass_stress_dd": false,
      "pass_worst_day": true,
      "pass_day_p05": true,
      "pass_all": false
    },
    {
      "lot_size": 0.5,
      "expected_dd_abs": -1255.5,
      "stress_dd_abs": -2887.0249999999996,
      "worst_day_abs": -389.5,
      "daily_p05_abs": -147.29999999999998,
      "pass_expected_dd": false,
      "pass_stress_dd": false,
      "pass_worst_day": true,
      "pass_day_p05": true,
      "pass_all": false
    },
    {
      "lot_size": 0.6,
      "expected_dd_abs": -1506.6,
      "stress_dd_abs": -3464.4299999999994,
      "worst_day_abs": -467.4,
      "daily_p05_abs": -176.75999999999996,
      "pass_expected_dd": false,
      "pass_stress_dd": false,
      "pass_worst_day": true,
      "pass_day_p05": true,
      "pass_all": false
    },
    {
      "lot_size": 0.7,
      "expected_dd_abs": -1757.7,
      "stress_dd_abs": -4041.834999999999,
      "worst_day_abs": -545.3,
      "daily_p05_abs": -206.21999999999994,
      "pass_expected_dd": false,
      "pass_stress_dd": false,
      "pass_worst_day": true,
      "pass_day_p05": true,
      "pass_all": false
    },
    {
      "lot_size": 0.8,
      "expected_dd_abs": -2008.8000000000002,
      "stress_dd_abs": -4619.24,
      "worst_day_abs": -623.2,
      "daily_p05_abs": -235.67999999999998,
      "pass_expected_dd": false,
      "pass_stress_dd": false,
      "pass_worst_day": true,
      "pass_day_p05": true,
      "pass_all": false
    },
    {
      "lot_size": 0.9,
      "expected_dd_abs": -2259.9,
      "stress_dd_abs": -5196.6449999999995,
      "worst_day_abs": -701.1,
      "daily_p05_abs": -265.14,
      "pass_expected_dd": false,
      "pass_stress_dd": false,
      "pass_worst_day": false,
      "pass_day_p05": true,
      "pass_all": false
    },
    {
      "lot_size": 1.0,
      "expected_dd_abs": -2511.0,
      "stress_dd_abs": -5774.049999999999,
      "worst_day_abs": -779.0,
      "daily_p05_abs": -294.59999999999997,
      "pass_expected_dd": false,
      "pass_stress_dd": false,
      "pass_worst_day": false,
      "pass_day_p05": true,
      "pass_all": false
    },
    {
      "lot_size": 1.1,
      "expected_dd_abs": -2762.1000000000004,
      "stress_dd_abs": -6351.455,
      "worst_day_abs": -856.9000000000001,
      "daily_p05_abs": -324.05999999999995,
      "pass_expected_dd": false,
      "pass_stress_dd": false,
      "pass_worst_day": false,
      "pass_day_p05": true,
      "pass_all": false
    },
    {
      "lot_size": 1.2,
      "expected_dd_abs": -3013.2,
      "stress_dd_abs": -6928.859999999999,
      "worst_day_abs": -934.8,
      "daily_p05_abs": -353.5199999999999,
      "pass_expected_dd": false,
      "pass_stress_dd": false,
      "pass_worst_day": false,
      "pass_day_p05": true,
      "pass_all": false
    },
    {
      "lot_size": 1.3,
      "expected_dd_abs": -3264.3,
      "stress_dd_abs": -7506.264999999999,
      "worst_day_abs": -1012.7,
      "daily_p05_abs": -382.97999999999996,
      "pass_expected_dd": false,
      "pass_stress_dd": false,
      "pass_worst_day": false,
      "pass_day_p05": true,
      "pass_all": false
    },
    {
      "lot_size": 1.4,
      "expected_dd_abs": -3515.4,
      "stress_dd_abs": -8083.669999999998,
      "worst_day_abs": -1090.6,
      "daily_p05_abs": -412.4399999999999,
      "pass_expected_dd": false,
      "pass_stress_dd": false,
      "pass_worst_day": false,
      "pass_day_p05": true,
      "pass_all": false
    },
    {
      "lot_size": 1.5,
      "expected_dd_abs": -3766.5000000000005,
      "stress_dd_abs": -8661.074999999999,
      "worst_day_abs": -1168.5,
      "daily_p05_abs": -441.9,
      "pass_expected_dd": false,
      "pass_stress_dd": false,
      "pass_worst_day": false,
      "pass_day_p05": true,
      "pass_all": false
    },
    {
      "lot_size": 1.6,
      "expected_dd_abs": -4017.6000000000004,
      "stress_dd_abs": -9238.48,
      "worst_day_abs": -1246.4,
      "daily_p05_abs": -471.35999999999996,
      "pass_expected_dd": false,
      "pass_stress_dd": false,
      "pass_worst_day": false,
      "pass_day_p05": false,
      "pass_all": false
    },
    {
      "lot_size": 1.7,
      "expected_dd_abs": -4268.700000000001,