{
  "strategy_id": "NZDUSD_26_2.6.180_SELL_M15",
  "summary": {
    "strategy_id": "NZDUSD_26_2.6.180_SELL_M15",
    "side_mix": null,
    "symbol_count": 1,
    "trade_count": 759,
    "baseline_lot": 0.1,
    "avg_trade_0_1": 0.8459815546772069,
    "avg_loss_0_1": -23.63179190751445,
    "p05_trade_0_1": -49.59,
    "p01_trade_0_1": -81.0,
    "worst_day_0_1": -81.0,
    "p05_day_0_1": -49.349999999999994,
    "expected_dd_0_1": -462.9999999999998,
    "stress_dd_0_1": -973.85,
    "robustness_score": 0.6000000000000001,
    "portfolio_fit_score": 0.697587410254578,
    "diversification_score": 0.8950543166217071,
    "regime_dependency_score": 0.576392791782814,
    "correlation_penalty": 0.0901395957187157,
    "allowed_expected_dd_limit_abs": 1020.0,
    "allowed_stress_dd_limit_abs": 1912.5,
    "allowed_worst_day_limit_abs": 650.0,
    "allowed_day_p05_limit_abs": 450.0,
    "recommended_lot_size": 0.1,
    "max_safe_lot_size": 0.1,
    "expected_dd_at_recommended_lot": -462.9999999999998,
    "stress_dd_at_recommended_lot": -973.85,
    "max_loss_per_day_recommendation": -49.349999999999994,
    "recommended_risk_budget": "VERY_LOW",
    "sizing_constraints": "{\"baseline_lot\": 0.1, \"recommended_lot_size\": 0.1, \"max_safe_lot_size\": 0.1, \"lot_step\": 0.1, \"max_supported_lot\": 5.0, \"max_expected_dd_abs\": 1020.0, \"max_stress_dd_abs\": 1912.5, \"max_worst_day_abs\": 650.0, \"max_daily_p05_abs\": 450.0}"
  },
  "baseline_metrics": {
    "trade_count": 759,
    "daily_count": 755,
    "net_profit_0_1": 642.1,
    "avg_trade_0_1": 0.8459815546772069,
    "median_trade_0_1": 4.2,
    "std_trade_0_1": 27.556571824472968,
    "avg_loss_0_1": -23.63179190751445,
    "p05_trade_0_1": -49.59,
    "p01_trade_0_1": -81.0,
    "profit_factor_0_1": 1.078528972922731,
    "historical_max_dd_0_1": -462.9999999999998,
    "mc_dd_p95_0_1": -973.85,
    "avg_day_0_1": 0.8504635761589404,
    "std_day_0_1": 27.51637388924872,
    "worst_day_0_1": -81.0,
    "p05_day_0_1": -49.349999999999994
  },
  "optional_layer_metrics": {
    "robustness_score": 0.6000000000000001,
    "portfolio_fit_score": 0.697587410254578,
    "diversification_score": 0.8950543166217071,
    "correlation_penalty": 0.0901395957187157,
    "regime_dependency_score": 0.576392791782814
  },
  "limits": {
    "stress_limit_abs": 1912.5,
    "expected_dd_limit_abs": 1020.0,
    "worst_day_limit_abs": 650.0,
    "day_p05_limit_abs": 450.0
  },
  "lot_grid_table": [
    {
      "lot_size": 0.1,
      "expected_dd_abs": -462.9999999999998,
      "stress_dd_abs": -973.85,
      "worst_day_abs": -81.0,
      "daily_p05_abs": -49.349999999999994,
      "pass_expected_dd": true,
      "pass_stress_dd": true,
      "pass_worst_day": true,
      "pass_day_p05": true,
      "pass_all": true
    },
    {
      "lot_size": 0.2,
      "expected_dd_abs": -925.9999999999995,
      "stress_dd_abs": -1947.7,
      "worst_day_abs": -162.0,
      "daily_p05_abs": -98.69999999999999,
      "pass_expected_dd": true,
      "pass_stress_dd": false,
      "pass_worst_day": true,
      "pass_day_p05": true,
      "pass_all": false
    },
    {
      "lot_size": 0.3,
      "expected_dd_abs": -1388.999999999999,
      "stress_dd_abs": -2921.5499999999997,
      "worst_day_abs": -242.99999999999997,
      "daily_p05_abs": -148.04999999999995,
      "pass_expected_dd": false,
      "pass_stress_dd": false,
      "pass_worst_day": true,
      "pass_day_p05": true,
      "pass_all": false
    },
    {
      "lot_size": 0.4,
      "expected_dd_abs": -1851.999999999999,
      "stress_dd_abs": -3895.4,
      "worst_day_abs": -324.0,
      "daily_p05_abs": -197.39999999999998,
      "pass_expected_dd": false,
      "pass_stress_dd": false,
      "pass_worst_day": true,
      "pass_day_p05": true,
      "pass_all": false
    },
    {
      "lot_size": 0.5,
      "expected_dd_abs": -2314.999999999999,
      "stress_dd_abs": -4869.25,
      "worst_day_abs": -405.0,
      "daily_p05_abs": -246.74999999999997,
      "pass_expected_dd": false,
      "pass_stress_dd": false,
      "pass_worst_day": true,
      "pass_day_p05": true,
      "pass_all": false
    },
    {
      "lot_size": 0.6,
      "expected_dd_abs": -2777.999999999998,
      "stress_dd_abs": -5843.099999999999,
      "worst_day_abs": -485.99999999999994,
      "daily_p05_abs": -296.0999999999999,
      "pass_expected_dd": false,
      "pass_stress_dd": false,
      "pass_worst_day": true,
      "pass_day_p05": true,
      "pass_all": false
    },
    {
      "lot_size": 0.7,
      "expected_dd_abs": -3240.999999999998,
      "stress_dd_abs": -6816.949999999999,
      "worst_day_abs": -566.9999999999999,
      "daily_p05_abs": -345.44999999999993,
      "pass_expected_dd": false,
      "pass_stress_dd": false,
      "pass_worst_day": true,
      "pass_day_p05": true,
      "pass_all": false
    },
    {
      "lot_size": 0.8,
      "expected_dd_abs": -3703.999999999998,
      "stress_dd_abs": -7790.8,
      "worst_day_abs": -648.0,
      "daily_p05_abs": -394.79999999999995,
      "pass_expected_dd": false,
      "pass_stress_dd": false,
      "pass_worst_day": true,
      "pass_day_p05": true,
      "pass_all": false
    },
    {
      "lot_size": 0.9,
      "expected_dd_abs": -4166.999999999998,
      "stress_dd_abs": -8764.65,
      "worst_day_abs": -729.0,
      "daily_p05_abs": -444.15,
      "pass_expected_dd": false,
      "pass_stress_dd": false,
      "pass_worst_day": false,
      "pass_day_p05": true,
      "pass_all": false
    },
    {
      "lot_size": 1.0,
      "expected_dd_abs": -4629.999999999998,
      "stress_dd_abs": -9738.5,
      "worst_day_abs": -810.0,
      "daily_p05_abs": -493.49999999999994,
      "pass_expected_dd": false,
      "pass_stress_dd": false,
      "pass_worst_day": false,
      "pass_day_p05": false,
      "pass_all": false
    },
    {
      "lot_size": 1.1,
      "expected_dd_abs": -5092.999999999997,
      "stress_dd_abs": -10712.35,
      "worst_day_abs": -891.0,
      "daily_p05_abs": -542.8499999999999,
      "pass_expected_dd": false,
      "pass_stress_dd": false,
      "pass_worst_day": false,
      "pass_day_p05": false,
      "pass_all": false
    },
    {
      "lot_size": 1.2,
      "expected_dd_abs": -5555.999999999996,
      "stress_dd_abs": -11686.199999999999,
      "worst_day_abs": -971.9999999999999,
      "daily_p05_abs": -592.1999999999998,
      "pass_expected_dd": false,
      "pass_stress_dd": false,
      "pass_worst_day": false,
      "pass_day_p05": false,
      "pass_all": false
    },
    {
      "lot_size": 1.3,
      "expected_dd_abs": -6018.999999999997,
      "stress_dd_abs": -12660.050000000001,
      "worst_day_abs": -1053.0,
      "daily_p05_abs": -641.55,
      "pass_expected_dd": false,
      "pass_stress_dd": false,
      "pass_worst_day": false,
      "pass_day_p05": false,
      "pass_all": false
    },
    {
      "lot_size": 1.4,
      "expected_dd_abs": -6481.999999999996,
      "stress_dd_abs": -13633.899999999998,
      "worst_day_abs": -1133.9999999999998,
      "daily_p05_abs": -690.8999999999999,
      "pass_expected_dd": false,
      "pass_stress_dd": false,
      "pass_worst_day": false,
      "pass_day_p05": false,
      "pass_all": false
    },
    {
      "lot_size": 1.5,
      "expected_dd_abs": -6944.999999999996,
      "stress_dd_abs": -14607.75,
      "worst_day_abs": -1215.0,
      "daily_p05_abs": -740.2499999999999,
      "pass_expected_dd": false,
      "pass_stress_dd": false,
      "pass_worst_day": false,
      "pass_day_p05": false,
      "pass_all": false
    },
    {
      "lot_size": 1.6,
      "expected_dd_abs": -7407.999999999996,
      "stress_dd_abs": -15581.6,
      "worst_day_abs": -1296.0,
      "daily_p05_abs": -789.5999999999999,
      "pass_expected_dd": false,
      "pass_stress_dd": false,
      "pass_worst_day": false,
      "pass_day_p05": false,
      "pass_all": false
    },
    {
      "lot_size": 1.7,