{
  "strategy_id": "NZDUSD_76_5.71.164_BUY_M15",
  "summary": {
    "strategy_id": "NZDUSD_76_5.71.164_BUY_M15",
    "side_mix": null,
    "symbol_count": 1,
    "trade_count": 546,
    "baseline_lot": 0.1,
    "avg_trade_0_1": 0.573956043956044,
    "avg_loss_0_1": -18.84152466367713,
    "p05_trade_0_1": -26.1,
    "p01_trade_0_1": -32.894999999999996,
    "worst_day_0_1": -39.2,
    "p05_day_0_1": -26.1,
    "expected_dd_0_1": -297.79999999999995,
    "stress_dd_0_1": -533.33,
    "robustness_score": 0.6000000000000001,
    "portfolio_fit_score": 0.7191678011546678,
    "diversification_score": 0.93819242718901,
    "regime_dependency_score": 0.49992206393880956,
    "correlation_penalty": 0.0242307203313923,
    "allowed_expected_dd_limit_abs": 1020.0,
    "allowed_stress_dd_limit_abs": 1912.5,
    "allowed_worst_day_limit_abs": 650.0,
    "allowed_day_p05_limit_abs": 450.0,
    "recommended_lot_size": 0.2,
    "max_safe_lot_size": 0.3,
    "expected_dd_at_recommended_lot": -595.5999999999999,
    "stress_dd_at_recommended_lot": -1066.66,
    "max_loss_per_day_recommendation": -52.2,
    "recommended_risk_budget": "VERY_LOW",
    "sizing_constraints": "{\"baseline_lot\": 0.1, \"recommended_lot_size\": 0.2, \"max_safe_lot_size\": 0.3, \"lot_step\": 0.1, \"max_supported_lot\": 5.0, \"max_expected_dd_abs\": 1020.0, \"max_stress_dd_abs\": 1912.5, \"max_worst_day_abs\": 650.0, \"max_daily_p05_abs\": 450.0}"
  },
  "baseline_metrics": {
    "trade_count": 546,
    "daily_count": 546,
    "net_profit_0_1": 313.38000000000005,
    "avg_trade_0_1": 0.573956043956044,
    "median_trade_0_1": 9.95,
    "std_trade_0_1": 17.30658881026546,
    "avg_loss_0_1": -18.84152466367713,
    "p05_trade_0_1": -26.1,
    "p01_trade_0_1": -32.894999999999996,
    "profit_factor_0_1": 1.0745848069572503,
    "historical_max_dd_0_1": -297.79999999999995,
    "mc_dd_p95_0_1": -533.33,
    "avg_day_0_1": 0.573956043956044,
    "std_day_0_1": 17.30658881026546,
    "worst_day_0_1": -39.2,
    "p05_day_0_1": -26.1
  },
  "optional_layer_metrics": {
    "robustness_score": 0.6000000000000001,
    "portfolio_fit_score": 0.7191678011546678,
    "diversification_score": 0.93819242718901,
    "correlation_penalty": 0.0242307203313923,
    "regime_dependency_score": 0.49992206393880956
  },
  "limits": {
    "stress_limit_abs": 1912.5,
    "expected_dd_limit_abs": 1020.0,
    "worst_day_limit_abs": 650.0,
    "day_p05_limit_abs": 450.0
  },
  "lot_grid_table": [
    {
      "lot_size": 0.1,
      "expected_dd_abs": -297.79999999999995,
      "stress_dd_abs": -533.33,
      "worst_day_abs": -39.2,
      "daily_p05_abs": -26.1,
      "pass_expected_dd": true,
      "pass_stress_dd": true,
      "pass_worst_day": true,
      "pass_day_p05": true,
      "pass_all": true
    },
    {
      "lot_size": 0.2,
      "expected_dd_abs": -595.5999999999999,
      "stress_dd_abs": -1066.66,
      "worst_day_abs": -78.4,
      "daily_p05_abs": -52.2,
      "pass_expected_dd": true,
      "pass_stress_dd": true,
      "pass_worst_day": true,
      "pass_day_p05": true,
      "pass_all": true
    },
    {
      "lot_size": 0.3,
      "expected_dd_abs": -893.3999999999997,
      "stress_dd_abs": -1599.9899999999998,
      "worst_day_abs": -117.6,
      "daily_p05_abs": -78.3,
      "pass_expected_dd": true,
      "pass_stress_dd": true,
      "pass_worst_day": true,
      "pass_day_p05": true,
      "pass_all": true
    },
    {
      "lot_size": 0.4,
      "expected_dd_abs": -1191.1999999999998,
      "stress_dd_abs": -2133.32,
      "worst_day_abs": -156.8,
      "daily_p05_abs": -104.4,
      "pass_expected_dd": false,
      "pass_stress_dd": false,
      "pass_worst_day": true,
      "pass_day_p05": true,
      "pass_all": false
    },
    {
      "lot_size": 0.5,
      "expected_dd_abs": -1488.9999999999998,
      "stress_dd_abs": -2666.65,
      "worst_day_abs": -196.0,
      "daily_p05_abs": -130.5,
      "pass_expected_dd": false,
      "pass_stress_dd": false,
      "pass_worst_day": true,
      "pass_day_p05": true,
      "pass_all": false
    },
    {
      "lot_size": 0.6,
      "expected_dd_abs": -1786.7999999999995,
      "stress_dd_abs": -3199.9799999999996,
      "worst_day_abs": -235.2,
      "daily_p05_abs": -156.6,
      "pass_expected_dd": false,
      "pass_stress_dd": false,
      "pass_worst_day": true,
      "pass_day_p05": true,
      "pass_all": false
    },
    {
      "lot_size": 0.7,
      "expected_dd_abs": -2084.5999999999995,
      "stress_dd_abs": -3733.31,
      "worst_day_abs": -274.4,
      "daily_p05_abs": -182.7,
      "pass_expected_dd": false,
      "pass_stress_dd": false,
      "pass_worst_day": true,
      "pass_day_p05": true,
      "pass_all": false
    },
    {
      "lot_size": 0.8,
      "expected_dd_abs": -2382.3999999999996,
      "stress_dd_abs": -4266.64,
      "worst_day_abs": -313.6,
      "daily_p05_abs": -208.8,
      "pass_expected_dd": false,
      "pass_stress_dd": false,
      "pass_worst_day": true,
      "pass_day_p05": true,
      "pass_all": false
    },
    {
      "lot_size": 0.9,
      "expected_dd_abs": -2680.2,
      "stress_dd_abs": -4799.97,
      "worst_day_abs": -352.8,
      "daily_p05_abs": -234.9,
      "pass_expected_dd": false,
      "pass_stress_dd": false,
      "pass_worst_day": true,
      "pass_day_p05": true,
      "pass_all": false
    },
    {
      "lot_size": 1.0,
      "expected_dd_abs": -2977.9999999999995,
      "stress_dd_abs": -5333.3,
      "worst_day_abs": -392.0,
      "daily_p05_abs": -261.0,
      "pass_expected_dd": false,
      "pass_stress_dd": false,
      "pass_worst_day": true,
      "pass_day_p05": true,
      "pass_all": false
    },
    {
      "lot_size": 1.1,
      "expected_dd_abs": -3275.7999999999993,
      "stress_dd_abs": -5866.63,
      "worst_day_abs": -431.20000000000005,
      "daily_p05_abs": -287.1,
      "pass_expected_dd": false,
      "pass_stress_dd": false,
      "pass_worst_day": true,
      "pass_day_p05": true,
      "pass_all": false
    },
    {
      "lot_size": 1.2,
      "expected_dd_abs": -3573.599999999999,
      "stress_dd_abs": -6399.959999999999,
      "worst_day_abs": -470.4,
      "daily_p05_abs": -313.2,
      "pass_expected_dd": false,
      "pass_stress_dd": false,
      "pass_worst_day": true,
      "pass_day_p05": true,
      "pass_all": false
    },
    {
      "lot_size": 1.3,
      "expected_dd_abs": -3871.3999999999996,
      "stress_dd_abs": -6933.290000000001,
      "worst_day_abs": -509.6,
      "daily_p05_abs": -339.3,
      "pass_expected_dd": false,
      "pass_stress_dd": false,
      "pass_worst_day": true,
      "pass_day_p05": true,
      "pass_all": false
    },
    {
      "lot_size": 1.4,
      "expected_dd_abs": -4169.199999999999,
      "stress_dd_abs": -7466.62,
      "worst_day_abs": -548.8,
      "daily_p05_abs": -365.4,
      "pass_expected_dd": false,
      "pass_stress_dd": false,
      "pass_worst_day": true,
      "pass_day_p05": true,
      "pass_all": false
    },
    {
      "lot_size": 1.5,
      "expected_dd_abs": -4466.999999999999,
      "stress_dd_abs": -7999.950000000001,
      "worst_day_abs": -588.0,
      "daily_p05_abs": -391.5,
      "pass_expected_dd": false,
      "pass_stress_dd": false,
      "pass_worst_day": true,
      "pass_day_p05": true,
      "pass_all": false
    },
    {
      "lot_size": 1.6,
      "expected_dd_abs": -4764.799999999999,
      "stress_dd_abs": -8533.28,
      "worst_day_abs": -627.2,
      "daily_p05_abs": -417.6,
      "pass_expected_dd": false,
      "pass_stress_dd": false,
      "pass_worst_day": true,
      "pass_day_p05": true,
      "pass_all": false
    },
    {
      "lot_size": 1.7,
      "expected_dd_abs": -5062.599999999999,
      "stress_dd_abs": -9066.61,
      "worst_day_abs": -666.4000000000001,
      "daily_p05_abs": -443.70000000000005,
      "pass_expected_dd": false,
      "pass_stress_dd": false,
      "pass_worst_day": false,
      "pass_day_p05": true,