{
  "strategy_id": "NZDUSD_27_6.16.107_SELL_M15",
  "summary": {
    "strategy_id": "NZDUSD_27_6.16.107_SELL_M15",
    "side_mix": null,
    "symbol_count": 1,
    "trade_count": 576,
    "baseline_lot": 0.1,
    "avg_trade_0_1": 1.0345486111111108,
    "avg_loss_0_1": -24.26850393700788,
    "p05_trade_0_1": -50.324999999999996,
    "p01_trade_0_1": -59.35,
    "worst_day_0_1": -93.8,
    "p05_day_0_1": -50.335,
    "expected_dd_0_1": -459.5999999999992,
    "stress_dd_0_1": -836.4749999999998,
    "robustness_score": 0.6000000000000001,
    "portfolio_fit_score": 0.7062615022716214,
    "diversification_score": 0.912385925313328,
    "regime_dependency_score": 0.5828922715085324,
    "correlation_penalty": 0.0772064263921792,
    "allowed_expected_dd_limit_abs": 1020.0,
    "allowed_stress_dd_limit_abs": 1912.5,
    "allowed_worst_day_limit_abs": 650.0,
    "allowed_day_p05_limit_abs": 450.0,
    "recommended_lot_size": 0.1,
    "max_safe_lot_size": 0.2,
    "expected_dd_at_recommended_lot": -459.5999999999992,
    "stress_dd_at_recommended_lot": -836.4749999999998,
    "max_loss_per_day_recommendation": -50.335,
    "recommended_risk_budget": "VERY_LOW",
    "sizing_constraints": "{\"baseline_lot\": 0.1, \"recommended_lot_size\": 0.1, \"max_safe_lot_size\": 0.2, \"lot_step\": 0.1, \"max_supported_lot\": 5.0, \"max_expected_dd_abs\": 1020.0, \"max_stress_dd_abs\": 1912.5, \"max_worst_day_abs\": 650.0, \"max_daily_p05_abs\": 450.0}"
  },
  "baseline_metrics": {
    "trade_count": 576,
    "daily_count": 574,
    "net_profit_0_1": 595.8999999999999,
    "avg_trade_0_1": 1.0345486111111108,
    "median_trade_0_1": 3.45,
    "std_trade_0_1": 26.97234469286414,
    "avg_loss_0_1": -24.26850393700788,
    "p05_trade_0_1": -50.324999999999996,
    "p01_trade_0_1": -59.35,
    "profit_factor_0_1": 1.0966711008727814,
    "historical_max_dd_0_1": -459.5999999999992,
    "mc_dd_p95_0_1": -836.4749999999998,
    "avg_day_0_1": 1.0381533101045297,
    "std_day_0_1": 26.98441520486467,
    "worst_day_0_1": -93.8,
    "p05_day_0_1": -50.335
  },
  "optional_layer_metrics": {
    "robustness_score": 0.6000000000000001,
    "portfolio_fit_score": 0.7062615022716214,
    "diversification_score": 0.912385925313328,
    "correlation_penalty": 0.0772064263921792,
    "regime_dependency_score": 0.5828922715085324
  },
  "limits": {
    "stress_limit_abs": 1912.5,
    "expected_dd_limit_abs": 1020.0,
    "worst_day_limit_abs": 650.0,
    "day_p05_limit_abs": 450.0
  },
  "lot_grid_table": [
    {
      "lot_size": 0.1,
      "expected_dd_abs": -459.5999999999992,
      "stress_dd_abs": -836.4749999999998,
      "worst_day_abs": -93.8,
      "daily_p05_abs": -50.335,
      "pass_expected_dd": true,
      "pass_stress_dd": true,
      "pass_worst_day": true,
      "pass_day_p05": true,
      "pass_all": true
    },
    {
      "lot_size": 0.2,
      "expected_dd_abs": -919.1999999999985,
      "stress_dd_abs": -1672.9499999999996,
      "worst_day_abs": -187.6,
      "daily_p05_abs": -100.67,
      "pass_expected_dd": true,
      "pass_stress_dd": true,
      "pass_worst_day": true,
      "pass_day_p05": true,
      "pass_all": true
    },
    {
      "lot_size": 0.3,
      "expected_dd_abs": -1378.7999999999975,
      "stress_dd_abs": -2509.424999999999,
      "worst_day_abs": -281.4,
      "daily_p05_abs": -151.00499999999997,
      "pass_expected_dd": false,
      "pass_stress_dd": false,
      "pass_worst_day": true,
      "pass_day_p05": true,
      "pass_all": false
    },
    {
      "lot_size": 0.4,
      "expected_dd_abs": -1838.399999999997,
      "stress_dd_abs": -3345.899999999999,
      "worst_day_abs": -375.2,
      "daily_p05_abs": -201.34,
      "pass_expected_dd": false,
      "pass_stress_dd": false,
      "pass_worst_day": true,
      "pass_day_p05": true,
      "pass_all": false
    },
    {
      "lot_size": 0.5,
      "expected_dd_abs": -2297.9999999999964,
      "stress_dd_abs": -4182.374999999999,
      "worst_day_abs": -469.0,
      "daily_p05_abs": -251.675,
      "pass_expected_dd": false,
      "pass_stress_dd": false,
      "pass_worst_day": true,
      "pass_day_p05": true,
      "pass_all": false
    },
    {
      "lot_size": 0.6,
      "expected_dd_abs": -2757.599999999995,
      "stress_dd_abs": -5018.849999999998,
      "worst_day_abs": -562.8,
      "daily_p05_abs": -302.00999999999993,
      "pass_expected_dd": false,
      "pass_stress_dd": false,
      "pass_worst_day": true,
      "pass_day_p05": true,
      "pass_all": false
    },
    {
      "lot_size": 0.7,
      "expected_dd_abs": -3217.1999999999944,
      "stress_dd_abs": -5855.324999999998,
      "worst_day_abs": -656.5999999999999,
      "daily_p05_abs": -352.34499999999997,
      "pass_expected_dd": false,
      "pass_stress_dd": false,
      "pass_worst_day": false,
      "pass_day_p05": true,
      "pass_all": false
    },
    {
      "lot_size": 0.8,
      "expected_dd_abs": -3676.799999999994,
      "stress_dd_abs": -6691.799999999998,
      "worst_day_abs": -750.4,
      "daily_p05_abs": -402.68,
      "pass_expected_dd": false,
      "pass_stress_dd": false,
      "pass_worst_day": false,
      "pass_day_p05": true,
      "pass_all": false
    },
    {
      "lot_size": 0.9,
      "expected_dd_abs": -4136.399999999993,
      "stress_dd_abs": -7528.274999999998,
      "worst_day_abs": -844.1999999999999,
      "daily_p05_abs": -453.015,
      "pass_expected_dd": false,
      "pass_stress_dd": false,
      "pass_worst_day": false,
      "pass_day_p05": false,
      "pass_all": false
    },
    {
      "lot_size": 1.0,
      "expected_dd_abs": -4595.999999999993,
      "stress_dd_abs": -8364.749999999998,
      "worst_day_abs": -938.0,
      "daily_p05_abs": -503.35,
      "pass_expected_dd": false,
      "pass_stress_dd": false,
      "pass_worst_day": false,
      "pass_day_p05": false,
      "pass_all": false
    },
    {
      "lot_size": 1.1,
      "expected_dd_abs": -5055.599999999991,
      "stress_dd_abs": -9201.224999999999,
      "worst_day_abs": -1031.8,
      "daily_p05_abs": -553.6850000000001,
      "pass_expected_dd": false,
      "pass_stress_dd": false,
      "pass_worst_day": false,
      "pass_day_p05": false,
      "pass_all": false
    },
    {
      "lot_size": 1.2,
      "expected_dd_abs": -5515.19999999999,
      "stress_dd_abs": -10037.699999999995,
      "worst_day_abs": -1125.6,
      "daily_p05_abs": -604.0199999999999,
      "pass_expected_dd": false,
      "pass_stress_dd": false,
      "pass_worst_day": false,
      "pass_day_p05": false,
      "pass_all": false
    },
    {
      "lot_size": 1.3,
      "expected_dd_abs": -5974.79999999999,
      "stress_dd_abs": -10874.174999999997,
      "worst_day_abs": -1219.3999999999999,
      "daily_p05_abs": -654.355,
      "pass_expected_dd": false,
      "pass_stress_dd": false,
      "pass_worst_day": false,
      "pass_day_p05": false,
      "pass_all": false
    },
    {
      "lot_size": 1.4,
      "expected_dd_abs": -6434.399999999989,
      "stress_dd_abs": -11710.649999999996,
      "worst_day_abs": -1313.1999999999998,
      "daily_p05_abs": -704.6899999999999,
      "pass_expected_dd": false,
      "pass_stress_dd": false,
      "pass_worst_day": false,
      "pass_day_p05": false,
      "pass_all": false
    },
    {
      "lot_size": 1.5,
      "expected_dd_abs": -6893.999999999988,
      "stress_dd_abs": -12547.124999999996,
      "worst_day_abs": -1407.0,
      "daily_p05_abs": -755.025,
      "pass_expected_dd": false,
      "pass_stress_dd": false,
      "pass_worst_day": false,
      "pass_day_p05": false,
      "pass_all": false
    },
    {
      "lot_size": 1.6,
      "expected_dd_abs": -7353.599999999988,
      "stress_dd_abs": -13383.599999999997,
      "worst_day_abs": -1500.8,
      "daily_p05_abs": -805.36,
      "pass_expected_dd": false,
      "pass_stress_dd": false,
      "pass_worst_day": false,
      "pass_day_p05": false,