{
  "strategy_id": "US500.cash_28_3.8.114_BUY_M15",
  "summary": {
    "strategy_id": "US500.cash_28_3.8.114_BUY_M15",
    "side_mix": null,
    "symbol_count": 1,
    "trade_count": 547,
    "baseline_lot": 0.1,
    "avg_trade_0_1": 0.12232175502742232,
    "avg_loss_0_1": -1.492876254180602,
    "p05_trade_0_1": -2.437,
    "p01_trade_0_1": -3.9444000000000004,
    "worst_day_0_1": -7.68,
    "p05_day_0_1": -2.4385,
    "expected_dd_0_1": -53.139999999999915,
    "stress_dd_0_1": -56.20850000000002,
    "robustness_score": 0.35,
    "portfolio_fit_score": 0.733253657243668,
    "diversification_score": 0.9663462900519416,
    "regime_dependency_score": 0.5012216432575204,
    "correlation_penalty": 0.0235593617074663,
    "allowed_expected_dd_limit_abs": 780.0,
    "allowed_stress_dd_limit_abs": 1462.5,
    "allowed_worst_day_limit_abs": 454.99999999999994,
    "allowed_day_p05_limit_abs": 315.0,
    "recommended_lot_size": 1.3,
    "max_safe_lot_size": 1.4,
    "expected_dd_at_recommended_lot": -690.8199999999989,
    "stress_dd_at_recommended_lot": -730.7105000000003,
    "max_loss_per_day_recommendation": -31.700499999999998,
    "recommended_risk_budget": "MEDIUM",
    "sizing_constraints": "{\"baseline_lot\": 0.1, \"recommended_lot_size\": 1.3, \"max_safe_lot_size\": 1.4, \"lot_step\": 0.1, \"max_supported_lot\": 5.0, \"max_expected_dd_abs\": 780.0, \"max_stress_dd_abs\": 1462.5, \"max_worst_day_abs\": 454.99999999999994, \"max_daily_p05_abs\": 315.0}"
  },
  "baseline_metrics": {
    "trade_count": 547,
    "daily_count": 544,
    "net_profit_0_1": 66.91000000000001,
    "avg_trade_0_1": 0.12232175502742232,
    "median_trade_0_1": -0.67,
    "std_trade_0_1": 2.106672702226445,
    "avg_loss_0_1": -1.492876254180602,
    "p05_trade_0_1": -2.437,
    "p01_trade_0_1": -3.9444000000000004,
    "profit_factor_0_1": 1.1498980666263412,
    "historical_max_dd_0_1": -53.139999999999915,
    "mc_dd_p95_0_1": -56.20850000000002,
    "avg_day_0_1": 0.12299632352941178,
    "std_day_0_1": 2.112289749360512,
    "worst_day_0_1": -7.68,
    "p05_day_0_1": -2.4385
  },
  "optional_layer_metrics": {
    "robustness_score": 0.35,
    "portfolio_fit_score": 0.733253657243668,
    "diversification_score": 0.9663462900519416,
    "correlation_penalty": 0.0235593617074663,
    "regime_dependency_score": 0.5012216432575204
  },
  "limits": {
    "stress_limit_abs": 1462.5,
    "expected_dd_limit_abs": 780.0,
    "worst_day_limit_abs": 454.99999999999994,
    "day_p05_limit_abs": 315.0
  },
  "lot_grid_table": [
    {
      "lot_size": 0.1,
      "expected_dd_abs": -53.139999999999915,
      "stress_dd_abs": -56.20850000000002,
      "worst_day_abs": -7.68,
      "daily_p05_abs": -2.4385,
      "pass_expected_dd": true,
      "pass_stress_dd": true,
      "pass_worst_day": true,
      "pass_day_p05": true,
      "pass_all": true
    },
    {
      "lot_size": 0.2,
      "expected_dd_abs": -106.27999999999983,
      "stress_dd_abs": -112.41700000000004,
      "worst_day_abs": -15.36,
      "daily_p05_abs": -4.877,
      "pass_expected_dd": true,
      "pass_stress_dd": true,
      "pass_worst_day": true,
      "pass_day_p05": true,
      "pass_all": true
    },
    {
      "lot_size": 0.3,
      "expected_dd_abs": -159.41999999999973,
      "stress_dd_abs": -168.62550000000005,
      "worst_day_abs": -23.039999999999996,
      "daily_p05_abs": -7.315499999999998,
      "pass_expected_dd": true,
      "pass_stress_dd": true,
      "pass_worst_day": true,
      "pass_day_p05": true,
      "pass_all": true
    },
    {
      "lot_size": 0.4,
      "expected_dd_abs": -212.55999999999966,
      "stress_dd_abs": -224.8340000000001,
      "worst_day_abs": -30.72,
      "daily_p05_abs": -9.754,
      "pass_expected_dd": true,
      "pass_stress_dd": true,
      "pass_worst_day": true,
      "pass_day_p05": true,
      "pass_all": true
    },
    {
      "lot_size": 0.5,
      "expected_dd_abs": -265.6999999999996,
      "stress_dd_abs": -281.04250000000013,
      "worst_day_abs": -38.4,
      "daily_p05_abs": -12.192499999999999,
      "pass_expected_dd": true,
      "pass_stress_dd": true,
      "pass_worst_day": true,
      "pass_day_p05": true,
      "pass_all": true
    },
    {
      "lot_size": 0.6,
      "expected_dd_abs": -318.83999999999946,
      "stress_dd_abs": -337.2510000000001,
      "worst_day_abs": -46.07999999999999,
      "daily_p05_abs": -14.630999999999997,
      "pass_expected_dd": true,
      "pass_stress_dd": true,
      "pass_worst_day": true,
      "pass_day_p05": true,
      "pass_all": true
    },
    {
      "lot_size": 0.7,
      "expected_dd_abs": -371.97999999999934,
      "stress_dd_abs": -393.4595000000001,
      "worst_day_abs": -53.75999999999999,
      "daily_p05_abs": -17.069499999999998,
      "pass_expected_dd": true,
      "pass_stress_dd": true,
      "pass_worst_day": true,
      "pass_day_p05": true,
      "pass_all": true
    },
    {
      "lot_size": 0.8,
      "expected_dd_abs": -425.1199999999993,
      "stress_dd_abs": -449.6680000000002,
      "worst_day_abs": -61.44,
      "daily_p05_abs": -19.508,
      "pass_expected_dd": true,
      "pass_stress_dd": true,
      "pass_worst_day": true,
      "pass_day_p05": true,
      "pass_all": true
    },
    {
      "lot_size": 0.9,
      "expected_dd_abs": -478.25999999999925,
      "stress_dd_abs": -505.8765000000002,
      "worst_day_abs": -69.12,
      "daily_p05_abs": -21.9465,
      "pass_expected_dd": true,
      "pass_stress_dd": true,
      "pass_worst_day": true,
      "pass_day_p05": true,
      "pass_all": true
    },
    {
      "lot_size": 1.0,
      "expected_dd_abs": -531.3999999999992,
      "stress_dd_abs": -562.0850000000003,
      "worst_day_abs": -76.8,
      "daily_p05_abs": -24.384999999999998,
      "pass_expected_dd": true,
      "pass_stress_dd": true,
      "pass_worst_day": true,
      "pass_day_p05": true,
      "pass_all": true
    },
    {
      "lot_size": 1.1,
      "expected_dd_abs": -584.539999999999,
      "stress_dd_abs": -618.2935000000002,
      "worst_day_abs": -84.47999999999999,
      "daily_p05_abs": -26.8235,
      "pass_expected_dd": true,
      "pass_stress_dd": true,
      "pass_worst_day": true,
      "pass_day_p05": true,
      "pass_all": true
    },
    {
      "lot_size": 1.2,
      "expected_dd_abs": -637.6799999999989,
      "stress_dd_abs": -674.5020000000002,
      "worst_day_abs": -92.15999999999998,
      "daily_p05_abs": -29.261999999999993,
      "pass_expected_dd": true,
      "pass_stress_dd": true,
      "pass_worst_day": true,
      "pass_day_p05": true,
      "pass_all": true
    },
    {
      "lot_size": 1.3,
      "expected_dd_abs": -690.8199999999989,
      "stress_dd_abs": -730.7105000000003,
      "worst_day_abs": -99.84,
      "daily_p05_abs": -31.700499999999998,
      "pass_expected_dd": true,
      "pass_stress_dd": true,
      "pass_worst_day": true,
      "pass_day_p05": true,
      "pass_all": true
    },
    {
      "lot_size": 1.4,
      "expected_dd_abs": -743.9599999999987,
      "stress_dd_abs": -786.9190000000002,
      "worst_day_abs": -107.51999999999998,
      "daily_p05_abs": -34.138999999999996,
      "pass_expected_dd": true,
      "pass_stress_dd": true,
      "pass_worst_day": true,
      "pass_day_p05": true,
      "pass_all": true
    },
    {
      "lot_size": 1.5,
      "expected_dd_abs": -797.0999999999988,
      "stress_dd_abs": -843.1275000000003,
      "worst_day_abs": -115.19999999999999,
      "daily_p05_abs": -36.5775,
      "pass_expected_dd": false,
      "pass_stress_dd": true,
      "pass_worst_day": true,
      "pass_day_p05": true,
      "pass_all": false
    },
    {
      "lot_size": 1.6,
      "expected_dd_abs": -850.2399999999986,
      "stress_dd_abs": -899.3360000000004,
      "worst_day_abs": -122.88,
      "daily_p05_abs": -39.016,
      "pass_expected_dd": false,
      "pass_stress_dd": true,
      "pass_worst_day": true,
      "pass_day_p05": true,