{
  "strategy_id": "US500.cash_29_3.32.156_BUY_M15",
  "summary": {
    "strategy_id": "US500.cash_29_3.32.156_BUY_M15",
    "side_mix": null,
    "symbol_count": 1,
    "trade_count": 644,
    "baseline_lot": 0.1,
    "avg_trade_0_1": 0.09930124223602486,
    "avg_loss_0_1": -0.4929078014184397,
    "p05_trade_0_1": -0.06,
    "p01_trade_0_1": -4.0305,
    "worst_day_0_1": -7.43,
    "p05_day_0_1": -0.06,
    "expected_dd_0_1": -16.940000000000005,
    "stress_dd_0_1": -19.0065,
    "robustness_score": 1.0,
    "portfolio_fit_score": 0.7342438482093282,
    "diversification_score": 0.9683152884216184,
    "regime_dependency_score": 0.5397687060786596,
    "correlation_penalty": 0.0125196506579134,
    "allowed_expected_dd_limit_abs": 1200.0,
    "allowed_stress_dd_limit_abs": 2250.0,
    "allowed_worst_day_limit_abs": 650.0,
    "allowed_day_p05_limit_abs": 450.0,
    "recommended_lot_size": 4.9,
    "max_safe_lot_size": 5.0,
    "expected_dd_at_recommended_lot": -830.0600000000003,
    "stress_dd_at_recommended_lot": -931.3185,
    "max_loss_per_day_recommendation": -2.94,
    "recommended_risk_budget": "VERY_HIGH",
    "sizing_constraints": "{\"baseline_lot\": 0.1, \"recommended_lot_size\": 4.9, \"max_safe_lot_size\": 5.0, \"lot_step\": 0.1, \"max_supported_lot\": 5.0, \"max_expected_dd_abs\": 1200.0, \"max_stress_dd_abs\": 2250.0, \"max_worst_day_abs\": 650.0, \"max_daily_p05_abs\": 450.0}"
  },
  "baseline_metrics": {
    "trade_count": 644,
    "daily_count": 639,
    "net_profit_0_1": 63.95000000000001,
    "avg_trade_0_1": 0.09930124223602486,
    "median_trade_0_1": 0.11,
    "std_trade_0_1": 0.7538516810437258,
    "avg_loss_0_1": -0.4929078014184397,
    "p05_trade_0_1": -0.06,
    "p01_trade_0_1": -4.0305,
    "profit_factor_0_1": 1.9201438848920862,
    "historical_max_dd_0_1": -16.940000000000005,
    "mc_dd_p95_0_1": -19.0065,
    "avg_day_0_1": 0.10007824726134586,
    "std_day_0_1": 0.7574649356003271,
    "worst_day_0_1": -7.43,
    "p05_day_0_1": -0.06
  },
  "optional_layer_metrics": {
    "robustness_score": 1.0,
    "portfolio_fit_score": 0.7342438482093282,
    "diversification_score": 0.9683152884216184,
    "correlation_penalty": 0.0125196506579134,
    "regime_dependency_score": 0.5397687060786596
  },
  "limits": {
    "stress_limit_abs": 2250.0,
    "expected_dd_limit_abs": 1200.0,
    "worst_day_limit_abs": 650.0,
    "day_p05_limit_abs": 450.0
  },
  "lot_grid_table": [
    {
      "lot_size": 0.1,
      "expected_dd_abs": -16.940000000000005,
      "stress_dd_abs": -19.0065,
      "worst_day_abs": -7.43,
      "daily_p05_abs": -0.06,
      "pass_expected_dd": true,
      "pass_stress_dd": true,
      "pass_worst_day": true,
      "pass_day_p05": true,
      "pass_all": true
    },
    {
      "lot_size": 0.2,
      "expected_dd_abs": -33.88000000000001,
      "stress_dd_abs": -38.013,
      "worst_day_abs": -14.86,
      "daily_p05_abs": -0.12,
      "pass_expected_dd": true,
      "pass_stress_dd": true,
      "pass_worst_day": true,
      "pass_day_p05": true,
      "pass_all": true
    },
    {
      "lot_size": 0.3,
      "expected_dd_abs": -50.82000000000001,
      "stress_dd_abs": -57.01949999999999,
      "worst_day_abs": -22.289999999999996,
      "daily_p05_abs": -0.17999999999999997,
      "pass_expected_dd": true,
      "pass_stress_dd": true,
      "pass_worst_day": true,
      "pass_day_p05": true,
      "pass_all": true
    },
    {
      "lot_size": 0.4,
      "expected_dd_abs": -67.76000000000002,
      "stress_dd_abs": -76.026,
      "worst_day_abs": -29.72,
      "daily_p05_abs": -0.24,
      "pass_expected_dd": true,
      "pass_stress_dd": true,
      "pass_worst_day": true,
      "pass_day_p05": true,
      "pass_all": true
    },
    {
      "lot_size": 0.5,
      "expected_dd_abs": -84.70000000000002,
      "stress_dd_abs": -95.0325,
      "worst_day_abs": -37.15,
      "daily_p05_abs": -0.3,
      "pass_expected_dd": true,
      "pass_stress_dd": true,
      "pass_worst_day": true,
      "pass_day_p05": true,
      "pass_all": true
    },
    {
      "lot_size": 0.6,
      "expected_dd_abs": -101.64000000000001,
      "stress_dd_abs": -114.03899999999997,
      "worst_day_abs": -44.57999999999999,
      "daily_p05_abs": -0.35999999999999993,
      "pass_expected_dd": true,
      "pass_stress_dd": true,
      "pass_worst_day": true,
      "pass_day_p05": true,
      "pass_all": true
    },
    {
      "lot_size": 0.7,
      "expected_dd_abs": -118.58000000000001,
      "stress_dd_abs": -133.04549999999998,
      "worst_day_abs": -52.00999999999999,
      "daily_p05_abs": -0.41999999999999993,
      "pass_expected_dd": true,
      "pass_stress_dd": true,
      "pass_worst_day": true,
      "pass_day_p05": true,
      "pass_all": true
    },
    {
      "lot_size": 0.8,
      "expected_dd_abs": -135.52000000000004,
      "stress_dd_abs": -152.052,
      "worst_day_abs": -59.44,
      "daily_p05_abs": -0.48,
      "pass_expected_dd": true,
      "pass_stress_dd": true,
      "pass_worst_day": true,
      "pass_day_p05": true,
      "pass_all": true
    },
    {
      "lot_size": 0.9,
      "expected_dd_abs": -152.46000000000004,
      "stress_dd_abs": -171.05849999999998,
      "worst_day_abs": -66.87,
      "daily_p05_abs": -0.54,
      "pass_expected_dd": true,
      "pass_stress_dd": true,
      "pass_worst_day": true,
      "pass_day_p05": true,
      "pass_all": true
    },
    {
      "lot_size": 1.0,
      "expected_dd_abs": -169.40000000000003,
      "stress_dd_abs": -190.065,
      "worst_day_abs": -74.3,
      "daily_p05_abs": -0.6,
      "pass_expected_dd": true,
      "pass_stress_dd": true,
      "pass_worst_day": true,
      "pass_day_p05": true,
      "pass_all": true
    },
    {
      "lot_size": 1.1,
      "expected_dd_abs": -186.34000000000006,
      "stress_dd_abs": -209.0715,
      "worst_day_abs": -81.72999999999999,
      "daily_p05_abs": -0.6599999999999999,
      "pass_expected_dd": true,
      "pass_stress_dd": true,
      "pass_worst_day": true,
      "pass_day_p05": true,
      "pass_all": true
    },
    {
      "lot_size": 1.2,
      "expected_dd_abs": -203.28000000000003,
      "stress_dd_abs": -228.07799999999995,
      "worst_day_abs": -89.15999999999998,
      "daily_p05_abs": -0.7199999999999999,
      "pass_expected_dd": true,
      "pass_stress_dd": true,
      "pass_worst_day": true,
      "pass_day_p05": true,
      "pass_all": true
    },
    {
      "lot_size": 1.3,
      "expected_dd_abs": -220.22000000000006,
      "stress_dd_abs": -247.0845,
      "worst_day_abs": -96.59,
      "daily_p05_abs": -0.78,
      "pass_expected_dd": true,
      "pass_stress_dd": true,
      "pass_worst_day": true,
      "pass_day_p05": true,
      "pass_all": true
    },
    {
      "lot_size": 1.4,
      "expected_dd_abs": -237.16000000000003,
      "stress_dd_abs": -266.09099999999995,
      "worst_day_abs": -104.01999999999998,
      "daily_p05_abs": -0.8399999999999999,
      "pass_expected_dd": true,
      "pass_stress_dd": true,
      "pass_worst_day": true,
      "pass_day_p05": true,
      "pass_all": true
    },
    {
      "lot_size": 1.5,
      "expected_dd_abs": -254.10000000000008,
      "stress_dd_abs": -285.09749999999997,
      "worst_day_abs": -111.44999999999999,
      "daily_p05_abs": -0.8999999999999999,
      "pass_expected_dd": true,
      "pass_stress_dd": true,
      "pass_worst_day": true,
      "pass_day_p05": true,
      "pass_all": true
    },
    {
      "lot_size": 1.6,
      "expected_dd_abs": -271.0400000000001,
      "stress_dd_abs": -304.104,
      "worst_day_abs": -118.88,
      "daily_p05_abs": -0.96,
      "pass_expected_dd": true,
      "pass_stress_dd": true,
      "pass_worst_day": true,
      "pass_day_p05": true,
      "pass_all": true
    },
    {
      "lot_size": 1.7,
      "expected_dd_abs": -287.9800000000001,
      "stress_dd_abs": -323.1105,
      "worst_day_abs": -126.31,
      "daily_p05_abs": -1.02,