{
  "strategy_id": "USDCAD_31_3.2.189_BUY_M15",
  "summary": {
    "strategy_id": "USDCAD_31_3.2.189_BUY_M15",
    "side_mix": "BUY",
    "symbol_count": 1,
    "trade_count": 1719,
    "baseline_lot": 0.1,
    "avg_trade_0_1": 2.746561954624781,
    "avg_loss_0_1": -38.421762013729975,
    "p05_trade_0_1": -72.347,
    "p01_trade_0_1": -74.9102,
    "worst_day_0_1": -108.75999999999999,
    "p05_day_0_1": -98.69,
    "expected_dd_0_1": -1486.5,
    "stress_dd_0_1": -2043.6469999999986,
    "robustness_score": 1.0,
    "portfolio_fit_score": 0.7037398611106845,
    "diversification_score": 0.9075913005257008,
    "regime_dependency_score": 0.5250364459373541,
    "correlation_penalty": 0.0611308614267056,
    "allowed_expected_dd_limit_abs": 1200.0,
    "allowed_stress_dd_limit_abs": 2250.0,
    "allowed_worst_day_limit_abs": 650.0,
    "allowed_day_p05_limit_abs": 450.0,
    "recommended_lot_size": 0.1,
    "max_safe_lot_size": null,
    "expected_dd_at_recommended_lot": -1486.5,
    "stress_dd_at_recommended_lot": -2043.6469999999986,
    "max_loss_per_day_recommendation": -98.69,
    "recommended_risk_budget": null,
    "sizing_constraints": "{\"baseline_lot\": 0.1, \"recommended_lot_size\": 0.1, \"max_safe_lot_size\": null, \"lot_step\": 0.1, \"max_supported_lot\": 5.0, \"max_expected_dd_abs\": 1200.0, \"max_stress_dd_abs\": 2250.0, \"max_worst_day_abs\": 650.0, \"max_daily_p05_abs\": 450.0}"
  },
  "baseline_metrics": {
    "trade_count": 1719,
    "daily_count": 861,
    "net_profit_0_1": 4721.339999999998,
    "avg_trade_0_1": 2.746561954624781,
    "median_trade_0_1": -2.64,
    "std_trade_0_1": 50.61740542658635,
    "avg_loss_0_1": -38.421762013729975,
    "p05_trade_0_1": -72.347,
    "p01_trade_0_1": -74.9102,
    "profit_factor_0_1": 1.140597165865312,
    "historical_max_dd_0_1": -1486.5,
    "mc_dd_p95_0_1": -2043.6469999999986,
    "avg_day_0_1": 5.4835540069686415,
    "std_day_0_1": 90.27293226219481,
    "worst_day_0_1": -108.75999999999999,
    "p05_day_0_1": -98.69
  },
  "optional_layer_metrics": {
    "robustness_score": 1.0,
    "portfolio_fit_score": 0.7037398611106845,
    "diversification_score": 0.9075913005257008,
    "correlation_penalty": 0.0611308614267056,
    "regime_dependency_score": 0.5250364459373541
  },
  "limits": {
    "stress_limit_abs": 2250.0,
    "expected_dd_limit_abs": 1200.0,
    "worst_day_limit_abs": 650.0,
    "day_p05_limit_abs": 450.0
  },
  "lot_grid_table": [
    {
      "lot_size": 0.1,
      "expected_dd_abs": -1486.5,
      "stress_dd_abs": -2043.6469999999986,
      "worst_day_abs": -108.75999999999999,
      "daily_p05_abs": -98.69,
      "pass_expected_dd": false,
      "pass_stress_dd": true,
      "pass_worst_day": true,
      "pass_day_p05": true,
      "pass_all": false
    },
    {
      "lot_size": 0.2,
      "expected_dd_abs": -2973.0,
      "stress_dd_abs": -4087.293999999997,
      "worst_day_abs": -217.51999999999998,
      "daily_p05_abs": -197.38,
      "pass_expected_dd": false,
      "pass_stress_dd": false,
      "pass_worst_day": true,
      "pass_day_p05": true,
      "pass_all": false
    },
    {
      "lot_size": 0.3,
      "expected_dd_abs": -4459.499999999999,
      "stress_dd_abs": -6130.940999999995,
      "worst_day_abs": -326.2799999999999,
      "daily_p05_abs": -296.06999999999994,
      "pass_expected_dd": false,
      "pass_stress_dd": false,
      "pass_worst_day": true,
      "pass_day_p05": true,
      "pass_all": false
    },
    {
      "lot_size": 0.4,
      "expected_dd_abs": -5946.0,
      "stress_dd_abs": -8174.587999999994,
      "worst_day_abs": -435.03999999999996,
      "daily_p05_abs": -394.76,
      "pass_expected_dd": false,
      "pass_stress_dd": false,
      "pass_worst_day": true,
      "pass_day_p05": true,
      "pass_all": false
    },
    {
      "lot_size": 0.5,
      "expected_dd_abs": -7432.5,
      "stress_dd_abs": -10218.234999999993,
      "worst_day_abs": -543.8,
      "daily_p05_abs": -493.45,
      "pass_expected_dd": false,
      "pass_stress_dd": false,
      "pass_worst_day": true,
      "pass_day_p05": false,
      "pass_all": false
    },
    {
      "lot_size": 0.6,
      "expected_dd_abs": -8918.999999999998,
      "stress_dd_abs": -12261.88199999999,
      "worst_day_abs": -652.5599999999998,
      "daily_p05_abs": -592.1399999999999,
      "pass_expected_dd": false,
      "pass_stress_dd": false,
      "pass_worst_day": false,
      "pass_day_p05": false,
      "pass_all": false
    },
    {
      "lot_size": 0.7,
      "expected_dd_abs": -10405.499999999998,
      "stress_dd_abs": -14305.528999999988,
      "worst_day_abs": -761.3199999999998,
      "daily_p05_abs": -690.8299999999999,
      "pass_expected_dd": false,
      "pass_stress_dd": false,
      "pass_worst_day": false,
      "pass_day_p05": false,
      "pass_all": false
    },
    {
      "lot_size": 0.8,
      "expected_dd_abs": -11892.0,
      "stress_dd_abs": -16349.175999999989,
      "worst_day_abs": -870.0799999999999,
      "daily_p05_abs": -789.52,
      "pass_expected_dd": false,
      "pass_stress_dd": false,
      "pass_worst_day": false,
      "pass_day_p05": false,
      "pass_all": false
    },
    {
      "lot_size": 0.9,
      "expected_dd_abs": -13378.5,
      "stress_dd_abs": -18392.822999999986,
      "worst_day_abs": -978.8399999999999,
      "daily_p05_abs": -888.21,
      "pass_expected_dd": false,
      "pass_stress_dd": false,
      "pass_worst_day": false,
      "pass_day_p05": false,
      "pass_all": false
    },
    {
      "lot_size": 1.0,
      "expected_dd_abs": -14865.0,
      "stress_dd_abs": -20436.469999999987,
      "worst_day_abs": -1087.6,
      "daily_p05_abs": -986.9,
      "pass_expected_dd": false,
      "pass_stress_dd": false,
      "pass_worst_day": false,
      "pass_day_p05": false,
      "pass_all": false
    },
    {
      "lot_size": 1.1,
      "expected_dd_abs": -16351.5,
      "stress_dd_abs": -22480.116999999984,
      "worst_day_abs": -1196.36,
      "daily_p05_abs": -1085.59,
      "pass_expected_dd": false,
      "pass_stress_dd": false,
      "pass_worst_day": false,
      "pass_day_p05": false,
      "pass_all": false
    },
    {
      "lot_size": 1.2,
      "expected_dd_abs": -17837.999999999996,
      "stress_dd_abs": -24523.76399999998,
      "worst_day_abs": -1305.1199999999997,
      "daily_p05_abs": -1184.2799999999997,
      "pass_expected_dd": false,
      "pass_stress_dd": false,
      "pass_worst_day": false,
      "pass_day_p05": false,
      "pass_all": false
    },
    {
      "lot_size": 1.3,
      "expected_dd_abs": -19324.5,
      "stress_dd_abs": -26567.410999999982,
      "worst_day_abs": -1413.8799999999999,
      "daily_p05_abs": -1282.97,
      "pass_expected_dd": false,
      "pass_stress_dd": false,
      "pass_worst_day": false,
      "pass_day_p05": false,
      "pass_all": false
    },
    {
      "lot_size": 1.4,
      "expected_dd_abs": -20810.999999999996,
      "stress_dd_abs": -28611.057999999975,
      "worst_day_abs": -1522.6399999999996,
      "daily_p05_abs": -1381.6599999999999,
      "pass_expected_dd": false,
      "pass_stress_dd": false,
      "pass_worst_day": false,
      "pass_day_p05": false,
      "pass_all": false
    },
    {
      "lot_size": 1.5,
      "expected_dd_abs": -22297.5,
      "stress_dd_abs": -30654.70499999998,
      "worst_day_abs": -1631.3999999999999,
      "daily_p05_abs": -1480.35,
      "pass_expected_dd": false,
      "pass_stress_dd": false,
      "pass_worst_day": false,
      "pass_day_p05": false,
      "pass_all": false
    },
    {
      "lot_size": 1.6,
      "expected_dd_abs": -23784.0,
      "stress_dd_abs": -32698.351999999977,
      "worst_day_abs": -1740.1599999999999,
      "daily_p05_abs": -1579.04,
      "pass_expected_dd": false,
      "pass_stress_dd": false,
      "pass_worst_day": false,
      "pass_day_p05": false,
      "pass_all": false
    },
    {
      "lot_size": 1.7,
      "expected_dd_abs": -25270.5,