{
  "strategy_id": "USDCAD_30_2.34.141_BUY_M15",
  "summary": {
    "strategy_id": "USDCAD_30_2.34.141_BUY_M15",
    "side_mix": "BUY",
    "symbol_count": 1,
    "trade_count": 635,
    "baseline_lot": 0.1,
    "avg_trade_0_1": 1.4432440944881888,
    "avg_loss_0_1": -27.702602040816323,
    "p05_trade_0_1": -58.661,
    "p01_trade_0_1": -63.721000000000004,
    "worst_day_0_1": -113.28999999999999,
    "p05_day_0_1": -58.664500000000004,
    "expected_dd_0_1": -321.7099999999998,
    "stress_dd_0_1": -679.001,
    "robustness_score": 0.6000000000000001,
    "portfolio_fit_score": 0.7065715557498264,
    "diversification_score": 0.9129550185711078,
    "regime_dependency_score": 0.4733034042381684,
    "correlation_penalty": 0.0522099379288982,
    "allowed_expected_dd_limit_abs": 1020.0,
    "allowed_stress_dd_limit_abs": 1912.5,
    "allowed_worst_day_limit_abs": 650.0,
    "allowed_day_p05_limit_abs": 450.0,
    "recommended_lot_size": 0.1,
    "max_safe_lot_size": 0.2,
    "expected_dd_at_recommended_lot": -321.7099999999998,
    "stress_dd_at_recommended_lot": -679.001,
    "max_loss_per_day_recommendation": -58.664500000000004,
    "recommended_risk_budget": "VERY_LOW",
    "sizing_constraints": "{\"baseline_lot\": 0.1, \"recommended_lot_size\": 0.1, \"max_safe_lot_size\": 0.2, \"lot_step\": 0.1, \"max_supported_lot\": 5.0, \"max_expected_dd_abs\": 1020.0, \"max_stress_dd_abs\": 1912.5, \"max_worst_day_abs\": 650.0, \"max_daily_p05_abs\": 450.0}"
  },
  "baseline_metrics": {
    "trade_count": 635,
    "daily_count": 634,
    "net_profit_0_1": 916.4599999999999,
    "avg_trade_0_1": 1.4432440944881888,
    "median_trade_0_1": 10.62,
    "std_trade_0_1": 23.29300109194489,
    "avg_loss_0_1": -27.702602040816323,
    "p05_trade_0_1": -58.661,
    "p01_trade_0_1": -63.721000000000004,
    "profit_factor_0_1": 1.1687861782673479,
    "historical_max_dd_0_1": -321.7099999999998,
    "mc_dd_p95_0_1": -679.001,
    "avg_day_0_1": 1.4455205047318613,
    "std_day_0_1": 23.527189308849884,
    "worst_day_0_1": -113.28999999999999,
    "p05_day_0_1": -58.664500000000004
  },
  "optional_layer_metrics": {
    "robustness_score": 0.6000000000000001,
    "portfolio_fit_score": 0.7065715557498264,
    "diversification_score": 0.9129550185711078,
    "correlation_penalty": 0.0522099379288982,
    "regime_dependency_score": 0.4733034042381684
  },
  "limits": {
    "stress_limit_abs": 1912.5,
    "expected_dd_limit_abs": 1020.0,
    "worst_day_limit_abs": 650.0,
    "day_p05_limit_abs": 450.0
  },
  "lot_grid_table": [
    {
      "lot_size": 0.1,
      "expected_dd_abs": -321.7099999999998,
      "stress_dd_abs": -679.001,
      "worst_day_abs": -113.28999999999999,
      "daily_p05_abs": -58.664500000000004,
      "pass_expected_dd": true,
      "pass_stress_dd": true,
      "pass_worst_day": true,
      "pass_day_p05": true,
      "pass_all": true
    },
    {
      "lot_size": 0.2,
      "expected_dd_abs": -643.4199999999996,
      "stress_dd_abs": -1358.002,
      "worst_day_abs": -226.57999999999998,
      "daily_p05_abs": -117.32900000000001,
      "pass_expected_dd": true,
      "pass_stress_dd": true,
      "pass_worst_day": true,
      "pass_day_p05": true,
      "pass_all": true
    },
    {
      "lot_size": 0.3,
      "expected_dd_abs": -965.1299999999993,
      "stress_dd_abs": -2037.0029999999997,
      "worst_day_abs": -339.86999999999995,
      "daily_p05_abs": -175.99349999999998,
      "pass_expected_dd": true,
      "pass_stress_dd": false,
      "pass_worst_day": true,
      "pass_day_p05": true,
      "pass_all": false
    },
    {
      "lot_size": 0.4,
      "expected_dd_abs": -1286.8399999999992,
      "stress_dd_abs": -2716.004,
      "worst_day_abs": -453.15999999999997,
      "daily_p05_abs": -234.65800000000002,
      "pass_expected_dd": false,
      "pass_stress_dd": false,
      "pass_worst_day": true,
      "pass_day_p05": true,
      "pass_all": false
    },
    {
      "lot_size": 0.5,
      "expected_dd_abs": -1608.549999999999,
      "stress_dd_abs": -3395.005,
      "worst_day_abs": -566.4499999999999,
      "daily_p05_abs": -293.3225,
      "pass_expected_dd": false,
      "pass_stress_dd": false,
      "pass_worst_day": true,
      "pass_day_p05": true,
      "pass_all": false
    },
    {
      "lot_size": 0.6,
      "expected_dd_abs": -1930.2599999999986,
      "stress_dd_abs": -4074.0059999999994,
      "worst_day_abs": -679.7399999999999,
      "daily_p05_abs": -351.98699999999997,
      "pass_expected_dd": false,
      "pass_stress_dd": false,
      "pass_worst_day": false,
      "pass_day_p05": true,
      "pass_all": false
    },
    {
      "lot_size": 0.7,
      "expected_dd_abs": -2251.9699999999984,
      "stress_dd_abs": -4753.007,
      "worst_day_abs": -793.0299999999999,
      "daily_p05_abs": -410.6515,
      "pass_expected_dd": false,
      "pass_stress_dd": false,
      "pass_worst_day": false,
      "pass_day_p05": true,
      "pass_all": false
    },
    {
      "lot_size": 0.8,
      "expected_dd_abs": -2573.6799999999985,
      "stress_dd_abs": -5432.008,
      "worst_day_abs": -906.3199999999999,
      "daily_p05_abs": -469.31600000000003,
      "pass_expected_dd": false,
      "pass_stress_dd": false,
      "pass_worst_day": false,
      "pass_day_p05": false,
      "pass_all": false
    },
    {
      "lot_size": 0.9,
      "expected_dd_abs": -2895.3899999999985,
      "stress_dd_abs": -6111.009,
      "worst_day_abs": -1019.6099999999999,
      "daily_p05_abs": -527.9805,
      "pass_expected_dd": false,
      "pass_stress_dd": false,
      "pass_worst_day": false,
      "pass_day_p05": false,
      "pass_all": false
    },
    {
      "lot_size": 1.0,
      "expected_dd_abs": -3217.099999999998,
      "stress_dd_abs": -6790.01,
      "worst_day_abs": -1132.8999999999999,
      "daily_p05_abs": -586.645,
      "pass_expected_dd": false,
      "pass_stress_dd": false,
      "pass_worst_day": false,
      "pass_day_p05": false,
      "pass_all": false
    },
    {
      "lot_size": 1.1,
      "expected_dd_abs": -3538.8099999999977,
      "stress_dd_abs": -7469.0109999999995,
      "worst_day_abs": -1246.1899999999998,
      "daily_p05_abs": -645.3095000000001,
      "pass_expected_dd": false,
      "pass_stress_dd": false,
      "pass_worst_day": false,
      "pass_day_p05": false,
      "pass_all": false
    },
    {
      "lot_size": 1.2,
      "expected_dd_abs": -3860.5199999999973,
      "stress_dd_abs": -8148.011999999999,
      "worst_day_abs": -1359.4799999999998,
      "daily_p05_abs": -703.9739999999999,
      "pass_expected_dd": false,
      "pass_stress_dd": false,
      "pass_worst_day": false,
      "pass_day_p05": false,
      "pass_all": false
    },
    {
      "lot_size": 1.3,
      "expected_dd_abs": -4182.229999999998,
      "stress_dd_abs": -8827.012999999999,
      "worst_day_abs": -1472.77,
      "daily_p05_abs": -762.6385,
      "pass_expected_dd": false,
      "pass_stress_dd": false,
      "pass_worst_day": false,
      "pass_day_p05": false,
      "pass_all": false
    },
    {
      "lot_size": 1.4,
      "expected_dd_abs": -4503.939999999997,
      "stress_dd_abs": -9506.014,
      "worst_day_abs": -1586.0599999999997,
      "daily_p05_abs": -821.303,
      "pass_expected_dd": false,
      "pass_stress_dd": false,
      "pass_worst_day": false,
      "pass_day_p05": false,
      "pass_all": false
    },
    {
      "lot_size": 1.5,
      "expected_dd_abs": -4825.649999999997,
      "stress_dd_abs": -10185.015,
      "worst_day_abs": -1699.35,
      "daily_p05_abs": -879.9675000000001,
      "pass_expected_dd": false,
      "pass_stress_dd": false,
      "pass_worst_day": false,
      "pass_day_p05": false,
      "pass_all": false
    },
    {
      "lot_size": 1.6,
      "expected_dd_abs": -5147.359999999997,
      "stress_dd_abs": -10864.016,
      "worst_day_abs": -1812.6399999999999,
      "daily_p05_abs": -938.6320000000001,
      "pass_expected_dd": false,