{
  "strategy_id": "USDCHF_35_3.1.133_SELL_M15",
  "summary": {
    "strategy_id": "USDCHF_35_3.1.133_SELL_M15",
    "side_mix": null,
    "symbol_count": 1,
    "trade_count": 340,
    "baseline_lot": 0.1,
    "avg_trade_0_1": 0.6756764705882353,
    "avg_loss_0_1": -17.24032679738562,
    "p05_trade_0_1": -24.5795,
    "p01_trade_0_1": -34.8168,
    "worst_day_0_1": -39.99,
    "p05_day_0_1": -24.6385,
    "expected_dd_0_1": -198.34000000000023,
    "stress_dd_0_1": -428.3555,
    "robustness_score": 0.8,
    "portfolio_fit_score": 0.7261814169393501,
    "diversification_score": 0.9522950286213884,
    "regime_dependency_score": 0.5688967944748702,
    "correlation_penalty": 0.0529870439126082,
    "allowed_expected_dd_limit_abs": 1200.0,
    "allowed_stress_dd_limit_abs": 2250.0,
    "allowed_worst_day_limit_abs": 650.0,
    "allowed_day_p05_limit_abs": 450.0,
    "recommended_lot_size": 0.4,
    "max_safe_lot_size": 0.5,
    "expected_dd_at_recommended_lot": -793.3600000000009,
    "stress_dd_at_recommended_lot": -1713.422,
    "max_loss_per_day_recommendation": -98.554,
    "recommended_risk_budget": "LOW",
    "sizing_constraints": "{\"baseline_lot\": 0.1, \"recommended_lot_size\": 0.4, \"max_safe_lot_size\": 0.5, \"lot_step\": 0.1, \"max_supported_lot\": 5.0, \"max_expected_dd_abs\": 1200.0, \"max_stress_dd_abs\": 2250.0, \"max_worst_day_abs\": 650.0, \"max_daily_p05_abs\": 450.0}"
  },
  "baseline_metrics": {
    "trade_count": 340,
    "daily_count": 338,
    "net_profit_0_1": 229.73000000000002,
    "avg_trade_0_1": 0.6756764705882353,
    "median_trade_0_1": 8.61,
    "std_trade_0_1": 17.574074021470636,
    "avg_loss_0_1": -17.24032679738562,
    "p05_trade_0_1": -24.5795,
    "p01_trade_0_1": -34.8168,
    "profit_factor_0_1": 1.0870925061699845,
    "historical_max_dd_0_1": -198.34000000000023,
    "mc_dd_p95_0_1": -428.3555,
    "avg_day_0_1": 0.6796745562130179,
    "std_day_0_1": 17.68648855318215,
    "worst_day_0_1": -39.99,
    "p05_day_0_1": -24.6385
  },
  "optional_layer_metrics": {
    "robustness_score": 0.8,
    "portfolio_fit_score": 0.7261814169393501,
    "diversification_score": 0.9522950286213884,
    "correlation_penalty": 0.0529870439126082,
    "regime_dependency_score": 0.5688967944748702
  },
  "limits": {
    "stress_limit_abs": 2250.0,
    "expected_dd_limit_abs": 1200.0,
    "worst_day_limit_abs": 650.0,
    "day_p05_limit_abs": 450.0
  },
  "lot_grid_table": [
    {
      "lot_size": 0.1,
      "expected_dd_abs": -198.34000000000023,
      "stress_dd_abs": -428.3555,
      "worst_day_abs": -39.99,
      "daily_p05_abs": -24.6385,
      "pass_expected_dd": true,
      "pass_stress_dd": true,
      "pass_worst_day": true,
      "pass_day_p05": true,
      "pass_all": true
    },
    {
      "lot_size": 0.2,
      "expected_dd_abs": -396.68000000000046,
      "stress_dd_abs": -856.711,
      "worst_day_abs": -79.98,
      "daily_p05_abs": -49.277,
      "pass_expected_dd": true,
      "pass_stress_dd": true,
      "pass_worst_day": true,
      "pass_day_p05": true,
      "pass_all": true
    },
    {
      "lot_size": 0.3,
      "expected_dd_abs": -595.0200000000006,
      "stress_dd_abs": -1285.0665,
      "worst_day_abs": -119.96999999999998,
      "daily_p05_abs": -73.9155,
      "pass_expected_dd": true,
      "pass_stress_dd": true,
      "pass_worst_day": true,
      "pass_day_p05": true,
      "pass_all": true
    },
    {
      "lot_size": 0.4,
      "expected_dd_abs": -793.3600000000009,
      "stress_dd_abs": -1713.422,
      "worst_day_abs": -159.96,
      "daily_p05_abs": -98.554,
      "pass_expected_dd": true,
      "pass_stress_dd": true,
      "pass_worst_day": true,
      "pass_day_p05": true,
      "pass_all": true
    },
    {
      "lot_size": 0.5,
      "expected_dd_abs": -991.7000000000012,
      "stress_dd_abs": -2141.7775,
      "worst_day_abs": -199.95000000000002,
      "daily_p05_abs": -123.1925,
      "pass_expected_dd": true,
      "pass_stress_dd": true,
      "pass_worst_day": true,
      "pass_day_p05": true,
      "pass_all": true
    },
    {
      "lot_size": 0.6,
      "expected_dd_abs": -1190.040000000001,
      "stress_dd_abs": -2570.133,
      "worst_day_abs": -239.93999999999997,
      "daily_p05_abs": -147.831,
      "pass_expected_dd": true,
      "pass_stress_dd": false,
      "pass_worst_day": true,
      "pass_day_p05": true,
      "pass_all": false
    },
    {
      "lot_size": 0.7,
      "expected_dd_abs": -1388.3800000000015,
      "stress_dd_abs": -2998.4884999999995,
      "worst_day_abs": -279.93,
      "daily_p05_abs": -172.46949999999998,
      "pass_expected_dd": false,
      "pass_stress_dd": false,
      "pass_worst_day": true,
      "pass_day_p05": true,
      "pass_all": false
    },
    {
      "lot_size": 0.8,
      "expected_dd_abs": -1586.7200000000018,
      "stress_dd_abs": -3426.844,
      "worst_day_abs": -319.92,
      "daily_p05_abs": -197.108,
      "pass_expected_dd": false,
      "pass_stress_dd": false,
      "pass_worst_day": true,
      "pass_day_p05": true,
      "pass_all": false
    },
    {
      "lot_size": 0.9,
      "expected_dd_abs": -1785.060000000002,
      "stress_dd_abs": -3855.1995,
      "worst_day_abs": -359.91,
      "daily_p05_abs": -221.7465,
      "pass_expected_dd": false,
      "pass_stress_dd": false,
      "pass_worst_day": true,
      "pass_day_p05": true,
      "pass_all": false
    },
    {
      "lot_size": 1.0,
      "expected_dd_abs": -1983.4000000000024,
      "stress_dd_abs": -4283.555,
      "worst_day_abs": -399.90000000000003,
      "daily_p05_abs": -246.385,
      "pass_expected_dd": false,
      "pass_stress_dd": false,
      "pass_worst_day": true,
      "pass_day_p05": true,
      "pass_all": false
    },
    {
      "lot_size": 1.1,
      "expected_dd_abs": -2181.7400000000025,
      "stress_dd_abs": -4711.9105,
      "worst_day_abs": -439.89000000000004,
      "daily_p05_abs": -271.0235,
      "pass_expected_dd": false,
      "pass_stress_dd": false,
      "pass_worst_day": true,
      "pass_day_p05": true,
      "pass_all": false
    },
    {
      "lot_size": 1.2,
      "expected_dd_abs": -2380.080000000002,
      "stress_dd_abs": -5140.266,
      "worst_day_abs": -479.87999999999994,
      "daily_p05_abs": -295.662,
      "pass_expected_dd": false,
      "pass_stress_dd": false,
      "pass_worst_day": true,
      "pass_day_p05": true,
      "pass_all": false
    },
    {
      "lot_size": 1.3,
      "expected_dd_abs": -2578.420000000003,
      "stress_dd_abs": -5568.6215,
      "worst_day_abs": -519.87,
      "daily_p05_abs": -320.3005,
      "pass_expected_dd": false,
      "pass_stress_dd": false,
      "pass_worst_day": true,
      "pass_day_p05": true,
      "pass_all": false
    },
    {
      "lot_size": 1.4,
      "expected_dd_abs": -2776.760000000003,
      "stress_dd_abs": -5996.976999999999,
      "worst_day_abs": -559.86,
      "daily_p05_abs": -344.93899999999996,
      "pass_expected_dd": false,
      "pass_stress_dd": false,
      "pass_worst_day": true,
      "pass_day_p05": true,
      "pass_all": false
    },
    {
      "lot_size": 1.5,
      "expected_dd_abs": -2975.1000000000035,
      "stress_dd_abs": -6425.3325,
      "worst_day_abs": -599.85,
      "daily_p05_abs": -369.5775,
      "pass_expected_dd": false,
      "pass_stress_dd": false,
      "pass_worst_day": true,
      "pass_day_p05": true,
      "pass_all": false
    },
    {
      "lot_size": 1.6,
      "expected_dd_abs": -3173.4400000000037,
      "stress_dd_abs": -6853.688,
      "worst_day_abs": -639.84,
      "daily_p05_abs": -394.216,
      "pass_expected_dd": false,
      "pass_stress_dd": false,
      "pass_worst_day": true,
      "pass_day_p05": true,
      "pass_all": false
    },
    {
      "lot_size": 1.7,
      "expected_dd_abs": -3371.780000000004,
      "stress_dd_abs": -7282.0435,
      "worst_day_abs": -679.83,
      "daily_p05_abs": -418.85450000000003,
      "pass_expected_dd": false,