{
  "strategy_id": "USDCHF_55_6.23.134_BUY_M15",
  "summary": {
    "strategy_id": "USDCHF_55_6.23.134_BUY_M15",
    "side_mix": "BUY",
    "symbol_count": 1,
    "trade_count": 537,
    "baseline_lot": 0.1,
    "avg_trade_0_1": 1.6964990689013038,
    "avg_loss_0_1": -27.444630541871916,
    "p05_trade_0_1": -46.094,
    "p01_trade_0_1": -61.0708,
    "worst_day_0_1": -78.85,
    "p05_day_0_1": -46.202,
    "expected_dd_0_1": -312.0499999999999,
    "stress_dd_0_1": -715.8965000000002,
    "robustness_score": 0.8,
    "portfolio_fit_score": 0.7200495556714573,
    "diversification_score": 0.940196662249986,
    "regime_dependency_score": 0.4907132915373995,
    "correlation_penalty": 0.0301029139896686,
    "allowed_expected_dd_limit_abs": 1200.0,
    "allowed_stress_dd_limit_abs": 2250.0,
    "allowed_worst_day_limit_abs": 650.0,
    "allowed_day_p05_limit_abs": 450.0,
    "recommended_lot_size": 0.2,
    "max_safe_lot_size": 0.3,
    "expected_dd_at_recommended_lot": -624.0999999999998,
    "stress_dd_at_recommended_lot": -1431.7930000000003,
    "max_loss_per_day_recommendation": -92.404,
    "recommended_risk_budget": "VERY_LOW",
    "sizing_constraints": "{\"baseline_lot\": 0.1, \"recommended_lot_size\": 0.2, \"max_safe_lot_size\": 0.3, \"lot_step\": 0.1, \"max_supported_lot\": 5.0, \"max_expected_dd_abs\": 1200.0, \"max_stress_dd_abs\": 2250.0, \"max_worst_day_abs\": 650.0, \"max_daily_p05_abs\": 450.0}"
  },
  "baseline_metrics": {
    "trade_count": 537,
    "daily_count": 534,
    "net_profit_0_1": 911.0200000000001,
    "avg_trade_0_1": 1.6964990689013038,
    "median_trade_0_1": 12.21,
    "std_trade_0_1": 26.203506317239867,
    "avg_loss_0_1": -27.444630541871916,
    "p05_trade_0_1": -46.094,
    "p01_trade_0_1": -61.0708,
    "profit_factor_0_1": 1.1635213578256987,
    "historical_max_dd_0_1": -312.0499999999999,
    "mc_dd_p95_0_1": -715.8965000000002,
    "avg_day_0_1": 1.7060299625468167,
    "std_day_0_1": 26.183981790554814,
    "worst_day_0_1": -78.85,
    "p05_day_0_1": -46.202
  },
  "optional_layer_metrics": {
    "robustness_score": 0.8,
    "portfolio_fit_score": 0.7200495556714573,
    "diversification_score": 0.940196662249986,
    "correlation_penalty": 0.0301029139896686,
    "regime_dependency_score": 0.4907132915373995
  },
  "limits": {
    "stress_limit_abs": 2250.0,
    "expected_dd_limit_abs": 1200.0,
    "worst_day_limit_abs": 650.0,
    "day_p05_limit_abs": 450.0
  },
  "lot_grid_table": [
    {
      "lot_size": 0.1,
      "expected_dd_abs": -312.0499999999999,
      "stress_dd_abs": -715.8965000000002,
      "worst_day_abs": -78.85,
      "daily_p05_abs": -46.202,
      "pass_expected_dd": true,
      "pass_stress_dd": true,
      "pass_worst_day": true,
      "pass_day_p05": true,
      "pass_all": true
    },
    {
      "lot_size": 0.2,
      "expected_dd_abs": -624.0999999999998,
      "stress_dd_abs": -1431.7930000000003,
      "worst_day_abs": -157.7,
      "daily_p05_abs": -92.404,
      "pass_expected_dd": true,
      "pass_stress_dd": true,
      "pass_worst_day": true,
      "pass_day_p05": true,
      "pass_all": true
    },
    {
      "lot_size": 0.3,
      "expected_dd_abs": -936.1499999999995,
      "stress_dd_abs": -2147.6895000000004,
      "worst_day_abs": -236.54999999999995,
      "daily_p05_abs": -138.60599999999997,
      "pass_expected_dd": true,
      "pass_stress_dd": true,
      "pass_worst_day": true,
      "pass_day_p05": true,
      "pass_all": true
    },
    {
      "lot_size": 0.4,
      "expected_dd_abs": -1248.1999999999996,
      "stress_dd_abs": -2863.5860000000007,
      "worst_day_abs": -315.4,
      "daily_p05_abs": -184.808,
      "pass_expected_dd": false,
      "pass_stress_dd": false,
      "pass_worst_day": true,
      "pass_day_p05": true,
      "pass_all": false
    },
    {
      "lot_size": 0.5,
      "expected_dd_abs": -1560.2499999999995,
      "stress_dd_abs": -3579.482500000001,
      "worst_day_abs": -394.25,
      "daily_p05_abs": -231.01,
      "pass_expected_dd": false,
      "pass_stress_dd": false,
      "pass_worst_day": true,
      "pass_day_p05": true,
      "pass_all": false
    },
    {
      "lot_size": 0.6,
      "expected_dd_abs": -1872.299999999999,
      "stress_dd_abs": -4295.379000000001,
      "worst_day_abs": -473.0999999999999,
      "daily_p05_abs": -277.21199999999993,
      "pass_expected_dd": false,
      "pass_stress_dd": false,
      "pass_worst_day": true,
      "pass_day_p05": true,
      "pass_all": false
    },
    {
      "lot_size": 0.7,
      "expected_dd_abs": -2184.349999999999,
      "stress_dd_abs": -5011.275500000001,
      "worst_day_abs": -551.9499999999999,
      "daily_p05_abs": -323.41399999999993,
      "pass_expected_dd": false,
      "pass_stress_dd": false,
      "pass_worst_day": true,
      "pass_day_p05": true,
      "pass_all": false
    },
    {
      "lot_size": 0.8,
      "expected_dd_abs": -2496.399999999999,
      "stress_dd_abs": -5727.172000000001,
      "worst_day_abs": -630.8,
      "daily_p05_abs": -369.616,
      "pass_expected_dd": false,
      "pass_stress_dd": false,
      "pass_worst_day": true,
      "pass_day_p05": true,
      "pass_all": false
    },
    {
      "lot_size": 0.9,
      "expected_dd_abs": -2808.449999999999,
      "stress_dd_abs": -6443.068500000001,
      "worst_day_abs": -709.65,
      "daily_p05_abs": -415.818,
      "pass_expected_dd": false,
      "pass_stress_dd": false,
      "pass_worst_day": false,
      "pass_day_p05": true,
      "pass_all": false
    },
    {
      "lot_size": 1.0,
      "expected_dd_abs": -3120.499999999999,
      "stress_dd_abs": -7158.965000000002,
      "worst_day_abs": -788.5,
      "daily_p05_abs": -462.02,
      "pass_expected_dd": false,
      "pass_stress_dd": false,
      "pass_worst_day": false,
      "pass_day_p05": false,
      "pass_all": false
    },
    {
      "lot_size": 1.1,
      "expected_dd_abs": -3432.549999999999,
      "stress_dd_abs": -7874.861500000002,
      "worst_day_abs": -867.3499999999999,
      "daily_p05_abs": -508.222,
      "pass_expected_dd": false,
      "pass_stress_dd": false,
      "pass_worst_day": false,
      "pass_day_p05": false,
      "pass_all": false
    },
    {
      "lot_size": 1.2,
      "expected_dd_abs": -3744.599999999998,
      "stress_dd_abs": -8590.758000000002,
      "worst_day_abs": -946.1999999999998,
      "daily_p05_abs": -554.4239999999999,
      "pass_expected_dd": false,
      "pass_stress_dd": false,
      "pass_worst_day": false,
      "pass_day_p05": false,
      "pass_all": false
    },
    {
      "lot_size": 1.3,
      "expected_dd_abs": -4056.6499999999987,
      "stress_dd_abs": -9306.654500000002,
      "worst_day_abs": -1025.05,
      "daily_p05_abs": -600.626,
      "pass_expected_dd": false,
      "pass_stress_dd": false,
      "pass_worst_day": false,
      "pass_day_p05": false,
      "pass_all": false
    },
    {
      "lot_size": 1.4,
      "expected_dd_abs": -4368.699999999998,
      "stress_dd_abs": -10022.551000000001,
      "worst_day_abs": -1103.8999999999999,
      "daily_p05_abs": -646.8279999999999,
      "pass_expected_dd": false,
      "pass_stress_dd": false,
      "pass_worst_day": false,
      "pass_day_p05": false,
      "pass_all": false
    },
    {
      "lot_size": 1.5,
      "expected_dd_abs": -4680.749999999998,
      "stress_dd_abs": -10738.447500000002,
      "worst_day_abs": -1182.75,
      "daily_p05_abs": -693.03,
      "pass_expected_dd": false,
      "pass_stress_dd": false,
      "pass_worst_day": false,
      "pass_day_p05": false,
      "pass_all": false
    },
    {
      "lot_size": 1.6,
      "expected_dd_abs": -4992.799999999998,
      "stress_dd_abs": -11454.344000000003,
      "worst_day_abs": -1261.6,
      "daily_p05_abs": -739.232,
      "pass_expected_dd": false,
      "pass_stress_dd": false,
      "pass_worst_day": false,
      "pass_day_p05": false,
      "pass_all": false
    },
    {
      "lot_size": 1.7,