{
  "strategy_id": "USDCAD_51_6.27.122_BUY_M15",
  "summary": {
    "strategy_id": "USDCAD_51_6.27.122_BUY_M15",
    "side_mix": null,
    "symbol_count": 1,
    "trade_count": 1168,
    "baseline_lot": 0.1,
    "avg_trade_0_1": 0.9811044520547946,
    "avg_loss_0_1": -25.354199535962877,
    "p05_trade_0_1": -32.45,
    "p01_trade_0_1": -33.0633,
    "worst_day_0_1": -51.9,
    "p05_day_0_1": -32.53,
    "expected_dd_0_1": -480.37999999999954,
    "stress_dd_0_1": -799.051,
    "robustness_score": 0.8,
    "portfolio_fit_score": 0.7086066635588867,
    "diversification_score": 0.91708139857279,
    "regime_dependency_score": 0.3895199491716504,
    "correlation_penalty": 0.0660285579367287,
    "allowed_expected_dd_limit_abs": 1200.0,
    "allowed_stress_dd_limit_abs": 2500.0,
    "allowed_worst_day_limit_abs": 650.0,
    "allowed_day_p05_limit_abs": 450.0,
    "recommended_lot_size": 0.1,
    "max_safe_lot_size": 0.2,
    "expected_dd_at_recommended_lot": -480.37999999999954,
    "stress_dd_at_recommended_lot": -799.051,
    "max_loss_per_day_recommendation": -32.53,
    "recommended_risk_budget": "VERY_LOW",
    "sizing_constraints": "{\"baseline_lot\": 0.1, \"recommended_lot_size\": 0.1, \"max_safe_lot_size\": 0.2, \"lot_step\": 0.1, \"max_supported_lot\": 5.0, \"max_expected_dd_abs\": 1200.0, \"max_stress_dd_abs\": 2500.0, \"max_worst_day_abs\": 650.0, \"max_daily_p05_abs\": 450.0}"
  },
  "baseline_metrics": {
    "trade_count": 1168,
    "daily_count": 1158,
    "net_profit_0_1": 1145.93,
    "avg_trade_0_1": 0.9811044520547946,
    "median_trade_0_1": 10.9,
    "std_trade_0_1": 21.798386151187394,
    "avg_loss_0_1": -25.354199535962877,
    "p05_trade_0_1": -32.45,
    "p01_trade_0_1": -33.0633,
    "profit_factor_0_1": 1.1048650854803317,
    "historical_max_dd_0_1": -480.37999999999954,
    "mc_dd_p95_0_1": -799.051,
    "avg_day_0_1": 0.9895768566493955,
    "std_day_0_1": 21.87463358661212,
    "worst_day_0_1": -51.9,
    "p05_day_0_1": -32.53
  },
  "optional_layer_metrics": {
    "robustness_score": 0.8,
    "portfolio_fit_score": 0.7086066635588867,
    "diversification_score": 0.91708139857279,
    "correlation_penalty": 0.0660285579367287,
    "regime_dependency_score": 0.3895199491716504
  },
  "limits": {
    "stress_limit_abs": 2500.0,
    "expected_dd_limit_abs": 1200.0,
    "worst_day_limit_abs": 650.0,
    "day_p05_limit_abs": 450.0
  },
  "lot_grid_table": [
    {
      "lot_size": 0.1,
      "expected_dd_abs": -480.37999999999954,
      "stress_dd_abs": -799.051,
      "worst_day_abs": -51.9,
      "daily_p05_abs": -32.53,
      "pass_expected_dd": true,
      "pass_stress_dd": true,
      "pass_worst_day": true,
      "pass_day_p05": true,
      "pass_all": true
    },
    {
      "lot_size": 0.2,
      "expected_dd_abs": -960.7599999999991,
      "stress_dd_abs": -1598.102,
      "worst_day_abs": -103.8,
      "daily_p05_abs": -65.06,
      "pass_expected_dd": true,
      "pass_stress_dd": true,
      "pass_worst_day": true,
      "pass_day_p05": true,
      "pass_all": true
    },
    {
      "lot_size": 0.3,
      "expected_dd_abs": -1441.1399999999985,
      "stress_dd_abs": -2397.153,
      "worst_day_abs": -155.69999999999996,
      "daily_p05_abs": -97.58999999999999,
      "pass_expected_dd": false,
      "pass_stress_dd": true,
      "pass_worst_day": true,
      "pass_day_p05": true,
      "pass_all": false
    },
    {
      "lot_size": 0.4,
      "expected_dd_abs": -1921.5199999999982,
      "stress_dd_abs": -3196.204,
      "worst_day_abs": -207.6,
      "daily_p05_abs": -130.12,
      "pass_expected_dd": false,
      "pass_stress_dd": false,
      "pass_worst_day": true,
      "pass_day_p05": true,
      "pass_all": false
    },
    {
      "lot_size": 0.5,
      "expected_dd_abs": -2401.899999999998,
      "stress_dd_abs": -3995.255,
      "worst_day_abs": -259.5,
      "daily_p05_abs": -162.65,
      "pass_expected_dd": false,
      "pass_stress_dd": false,
      "pass_worst_day": true,
      "pass_day_p05": true,
      "pass_all": false
    },
    {
      "lot_size": 0.6,
      "expected_dd_abs": -2882.279999999997,
      "stress_dd_abs": -4794.306,
      "worst_day_abs": -311.3999999999999,
      "daily_p05_abs": -195.17999999999998,
      "pass_expected_dd": false,
      "pass_stress_dd": false,
      "pass_worst_day": true,
      "pass_day_p05": true,
      "pass_all": false
    },
    {
      "lot_size": 0.7,
      "expected_dd_abs": -3362.659999999996,
      "stress_dd_abs": -5593.357,
      "worst_day_abs": -363.29999999999995,
      "daily_p05_abs": -227.70999999999998,
      "pass_expected_dd": false,
      "pass_stress_dd": false,
      "pass_worst_day": true,
      "pass_day_p05": true,
      "pass_all": false
    },
    {
      "lot_size": 0.8,
      "expected_dd_abs": -3843.0399999999963,
      "stress_dd_abs": -6392.408,
      "worst_day_abs": -415.2,
      "daily_p05_abs": -260.24,
      "pass_expected_dd": false,
      "pass_stress_dd": false,
      "pass_worst_day": true,
      "pass_day_p05": true,
      "pass_all": false
    },
    {
      "lot_size": 0.9,
      "expected_dd_abs": -4323.4199999999955,
      "stress_dd_abs": -7191.459000000001,
      "worst_day_abs": -467.09999999999997,
      "daily_p05_abs": -292.77,
      "pass_expected_dd": false,
      "pass_stress_dd": false,
      "pass_worst_day": true,
      "pass_day_p05": true,
      "pass_all": false
    },
    {
      "lot_size": 1.0,
      "expected_dd_abs": -4803.799999999996,
      "stress_dd_abs": -7990.51,
      "worst_day_abs": -519.0,
      "daily_p05_abs": -325.3,
      "pass_expected_dd": false,
      "pass_stress_dd": false,
      "pass_worst_day": true,
      "pass_day_p05": true,
      "pass_all": false
    },
    {
      "lot_size": 1.1,
      "expected_dd_abs": -5284.179999999995,
      "stress_dd_abs": -8789.561,
      "worst_day_abs": -570.9,
      "daily_p05_abs": -357.83000000000004,
      "pass_expected_dd": false,
      "pass_stress_dd": false,
      "pass_worst_day": true,
      "pass_day_p05": true,
      "pass_all": false
    },
    {
      "lot_size": 1.2,
      "expected_dd_abs": -5764.559999999994,
      "stress_dd_abs": -9588.612,
      "worst_day_abs": -622.7999999999998,
      "daily_p05_abs": -390.35999999999996,
      "pass_expected_dd": false,
      "pass_stress_dd": false,
      "pass_worst_day": true,
      "pass_day_p05": true,
      "pass_all": false
    },
    {
      "lot_size": 1.3,
      "expected_dd_abs": -6244.939999999994,
      "stress_dd_abs": -10387.663,
      "worst_day_abs": -674.6999999999999,
      "daily_p05_abs": -422.89,
      "pass_expected_dd": false,
      "pass_stress_dd": false,
      "pass_worst_day": false,
      "pass_day_p05": true,
      "pass_all": false
    },
    {
      "lot_size": 1.4,
      "expected_dd_abs": -6725.319999999992,
      "stress_dd_abs": -11186.714,
      "worst_day_abs": -726.5999999999999,
      "daily_p05_abs": -455.41999999999996,
      "pass_expected_dd": false,
      "pass_stress_dd": false,
      "pass_worst_day": false,
      "pass_day_p05": false,
      "pass_all": false
    },
    {
      "lot_size": 1.5,
      "expected_dd_abs": -7205.699999999993,
      "stress_dd_abs": -11985.765000000001,
      "worst_day_abs": -778.5,
      "daily_p05_abs": -487.95000000000005,
      "pass_expected_dd": false,
      "pass_stress_dd": false,
      "pass_worst_day": false,
      "pass_day_p05": false,
      "pass_all": false
    },
    {
      "lot_size": 1.6,
      "expected_dd_abs": -7686.079999999993,
      "stress_dd_abs": -12784.816,
      "worst_day_abs": -830.4,
      "daily_p05_abs": -520.48,
      "pass_expected_dd": false,
      "pass_stress_dd": false,
      "pass_worst_day": false,
      "pass_day_p05": false,
      "pass_all": false
    },
    {
      "lot_size": 1.7,
      "expected_dd_abs": -8166.459999999992,
      "stress_dd_abs": -13583.867,
      "worst_day_abs": -882.3,
      "daily_p05_abs": -553.01,