{
  "strategy_id": "USDCAD_33_5.11.180_BUY_M15",
  "summary": {
    "strategy_id": "USDCAD_33_5.11.180_BUY_M15",
    "side_mix": null,
    "symbol_count": 1,
    "trade_count": 424,
    "baseline_lot": 0.1,
    "avg_trade_0_1": 2.402028301886792,
    "avg_loss_0_1": -18.038432203389828,
    "p05_trade_0_1": -24.6755,
    "p01_trade_0_1": -24.97,
    "worst_day_0_1": -25.19,
    "p05_day_0_1": -24.677,
    "expected_dd_0_1": -230.54999999999995,
    "stress_dd_0_1": -563.0415,
    "robustness_score": 1.0,
    "portfolio_fit_score": 0.7164672601298299,
    "diversification_score": 0.9327513177420738,
    "regime_dependency_score": 0.4199630729755185,
    "correlation_penalty": 0.0483673405373087,
    "allowed_expected_dd_limit_abs": 1200.0,
    "allowed_stress_dd_limit_abs": 2500.0,
    "allowed_worst_day_limit_abs": 650.0,
    "allowed_day_p05_limit_abs": 450.0,
    "recommended_lot_size": 0.3,
    "max_safe_lot_size": 0.4,
    "expected_dd_at_recommended_lot": -691.6499999999997,
    "stress_dd_at_recommended_lot": -1689.1245,
    "max_loss_per_day_recommendation": -74.03099999999999,
    "recommended_risk_budget": "LOW",
    "sizing_constraints": "{\"baseline_lot\": 0.1, \"recommended_lot_size\": 0.3, \"max_safe_lot_size\": 0.4, \"lot_step\": 0.1, \"max_supported_lot\": 5.0, \"max_expected_dd_abs\": 1200.0, \"max_stress_dd_abs\": 2500.0, \"max_worst_day_abs\": 650.0, \"max_daily_p05_abs\": 450.0}"
  },
  "baseline_metrics": {
    "trade_count": 424,
    "daily_count": 423,
    "net_profit_0_1": 1018.4599999999999,
    "avg_trade_0_1": 2.402028301886792,
    "median_trade_0_1": -4.275,
    "std_trade_0_1": 29.53580202990981,
    "avg_loss_0_1": -18.038432203389828,
    "p05_trade_0_1": -24.6755,
    "p01_trade_0_1": -24.97,
    "profit_factor_0_1": 1.2392396648399013,
    "historical_max_dd_0_1": -230.54999999999995,
    "mc_dd_p95_0_1": -563.0415,
    "avg_day_0_1": 2.4077068557919623,
    "std_day_0_1": 29.568785981921348,
    "worst_day_0_1": -25.19,
    "p05_day_0_1": -24.677
  },
  "optional_layer_metrics": {
    "robustness_score": 1.0,
    "portfolio_fit_score": 0.7164672601298299,
    "diversification_score": 0.9327513177420738,
    "correlation_penalty": 0.0483673405373087,
    "regime_dependency_score": 0.4199630729755185
  },
  "limits": {
    "stress_limit_abs": 2500.0,
    "expected_dd_limit_abs": 1200.0,
    "worst_day_limit_abs": 650.0,
    "day_p05_limit_abs": 450.0
  },
  "lot_grid_table": [
    {
      "lot_size": 0.1,
      "expected_dd_abs": -230.54999999999995,
      "stress_dd_abs": -563.0415,
      "worst_day_abs": -25.19,
      "daily_p05_abs": -24.677,
      "pass_expected_dd": true,
      "pass_stress_dd": true,
      "pass_worst_day": true,
      "pass_day_p05": true,
      "pass_all": true
    },
    {
      "lot_size": 0.2,
      "expected_dd_abs": -461.0999999999999,
      "stress_dd_abs": -1126.083,
      "worst_day_abs": -50.38,
      "daily_p05_abs": -49.354,
      "pass_expected_dd": true,
      "pass_stress_dd": true,
      "pass_worst_day": true,
      "pass_day_p05": true,
      "pass_all": true
    },
    {
      "lot_size": 0.3,
      "expected_dd_abs": -691.6499999999997,
      "stress_dd_abs": -1689.1245,
      "worst_day_abs": -75.57,
      "daily_p05_abs": -74.03099999999999,
      "pass_expected_dd": true,
      "pass_stress_dd": true,
      "pass_worst_day": true,
      "pass_day_p05": true,
      "pass_all": true
    },
    {
      "lot_size": 0.4,
      "expected_dd_abs": -922.1999999999998,
      "stress_dd_abs": -2252.166,
      "worst_day_abs": -100.76,
      "daily_p05_abs": -98.708,
      "pass_expected_dd": true,
      "pass_stress_dd": true,
      "pass_worst_day": true,
      "pass_day_p05": true,
      "pass_all": true
    },
    {
      "lot_size": 0.5,
      "expected_dd_abs": -1152.7499999999998,
      "stress_dd_abs": -2815.2075000000004,
      "worst_day_abs": -125.95,
      "daily_p05_abs": -123.38499999999999,
      "pass_expected_dd": true,
      "pass_stress_dd": false,
      "pass_worst_day": true,
      "pass_day_p05": true,
      "pass_all": false
    },
    {
      "lot_size": 0.6,
      "expected_dd_abs": -1383.2999999999995,
      "stress_dd_abs": -3378.249,
      "worst_day_abs": -151.14,
      "daily_p05_abs": -148.06199999999998,
      "pass_expected_dd": false,
      "pass_stress_dd": false,
      "pass_worst_day": true,
      "pass_day_p05": true,
      "pass_all": false
    },
    {
      "lot_size": 0.7,
      "expected_dd_abs": -1613.8499999999995,
      "stress_dd_abs": -3941.2904999999996,
      "worst_day_abs": -176.32999999999998,
      "daily_p05_abs": -172.73899999999998,
      "pass_expected_dd": false,
      "pass_stress_dd": false,
      "pass_worst_day": true,
      "pass_day_p05": true,
      "pass_all": false
    },
    {
      "lot_size": 0.8,
      "expected_dd_abs": -1844.3999999999996,
      "stress_dd_abs": -4504.332,
      "worst_day_abs": -201.52,
      "daily_p05_abs": -197.416,
      "pass_expected_dd": false,
      "pass_stress_dd": false,
      "pass_worst_day": true,
      "pass_day_p05": true,
      "pass_all": false
    },
    {
      "lot_size": 0.9,
      "expected_dd_abs": -2074.95,
      "stress_dd_abs": -5067.373500000001,
      "worst_day_abs": -226.71,
      "daily_p05_abs": -222.093,
      "pass_expected_dd": false,
      "pass_stress_dd": false,
      "pass_worst_day": true,
      "pass_day_p05": true,
      "pass_all": false
    },
    {
      "lot_size": 1.0,
      "expected_dd_abs": -2305.4999999999995,
      "stress_dd_abs": -5630.415000000001,
      "worst_day_abs": -251.9,
      "daily_p05_abs": -246.76999999999998,
      "pass_expected_dd": false,
      "pass_stress_dd": false,
      "pass_worst_day": true,
      "pass_day_p05": true,
      "pass_all": false
    },
    {
      "lot_size": 1.1,
      "expected_dd_abs": -2536.0499999999993,
      "stress_dd_abs": -6193.4565,
      "worst_day_abs": -277.09000000000003,
      "daily_p05_abs": -271.447,
      "pass_expected_dd": false,
      "pass_stress_dd": false,
      "pass_worst_day": true,
      "pass_day_p05": true,
      "pass_all": false
    },
    {
      "lot_size": 1.2,
      "expected_dd_abs": -2766.599999999999,
      "stress_dd_abs": -6756.498,
      "worst_day_abs": -302.28,
      "daily_p05_abs": -296.12399999999997,
      "pass_expected_dd": false,
      "pass_stress_dd": false,
      "pass_worst_day": true,
      "pass_day_p05": true,
      "pass_all": false
    },
    {
      "lot_size": 1.3,
      "expected_dd_abs": -2997.1499999999996,
      "stress_dd_abs": -7319.539500000001,
      "worst_day_abs": -327.47,
      "daily_p05_abs": -320.801,
      "pass_expected_dd": false,
      "pass_stress_dd": false,
      "pass_worst_day": true,
      "pass_day_p05": true,
      "pass_all": false
    },
    {
      "lot_size": 1.4,
      "expected_dd_abs": -3227.699999999999,
      "stress_dd_abs": -7882.580999999999,
      "worst_day_abs": -352.65999999999997,
      "daily_p05_abs": -345.47799999999995,
      "pass_expected_dd": false,
      "pass_stress_dd": false,
      "pass_worst_day": true,
      "pass_day_p05": true,
      "pass_all": false
    },
    {
      "lot_size": 1.5,
      "expected_dd_abs": -3458.249999999999,
      "stress_dd_abs": -8445.622500000001,
      "worst_day_abs": -377.85,
      "daily_p05_abs": -370.155,
      "pass_expected_dd": false,
      "pass_stress_dd": false,
      "pass_worst_day": true,
      "pass_day_p05": true,
      "pass_all": false
    },
    {
      "lot_size": 1.6,
      "expected_dd_abs": -3688.7999999999993,
      "stress_dd_abs": -9008.664,
      "worst_day_abs": -403.04,
      "daily_p05_abs": -394.832,
      "pass_expected_dd": false,
      "pass_stress_dd": false,
      "pass_worst_day": true,
      "pass_day_p05": true,
      "pass_all": false
    },
    {
      "lot_size": 1.7,
      "expected_dd_abs": -3919.3499999999995,
      "stress_dd_abs": -9571.7055,
      "worst_day_abs": -428.23,
      "daily_p05_abs": -419.509,