{
  "strategy_id": "USDCHF_53_6.47.153_BOTH_M15",
  "summary": {
    "strategy_id": "USDCHF_53_6.47.153_BOTH_M15",
    "side_mix": null,
    "symbol_count": 1,
    "trade_count": 537,
    "baseline_lot": 0.1,
    "avg_trade_0_1": 2.2154003724394786,
    "avg_loss_0_1": -29.11883534136546,
    "p05_trade_0_1": -61.278,
    "p01_trade_0_1": -68.1352,
    "worst_day_0_1": -71.87,
    "p05_day_0_1": -61.2915,
    "expected_dd_0_1": -346.8599999999999,
    "stress_dd_0_1": -901.968,
    "robustness_score": 0.8,
    "portfolio_fit_score": 0.7131108023213512,
    "diversification_score": 0.926176991166212,
    "regime_dependency_score": 0.5043405696381629,
    "correlation_penalty": 0.040509897551261,
    "allowed_expected_dd_limit_abs": 1200.0,
    "allowed_stress_dd_limit_abs": 2250.0,
    "allowed_worst_day_limit_abs": 650.0,
    "allowed_day_p05_limit_abs": 450.0,
    "recommended_lot_size": 0.1,
    "max_safe_lot_size": 0.2,
    "expected_dd_at_recommended_lot": -346.8599999999999,
    "stress_dd_at_recommended_lot": -901.968,
    "max_loss_per_day_recommendation": -61.2915,
    "recommended_risk_budget": "VERY_LOW",
    "sizing_constraints": "{\"baseline_lot\": 0.1, \"recommended_lot_size\": 0.1, \"max_safe_lot_size\": 0.2, \"lot_step\": 0.1, \"max_supported_lot\": 5.0, \"max_expected_dd_abs\": 1200.0, \"max_stress_dd_abs\": 2250.0, \"max_worst_day_abs\": 650.0, \"max_daily_p05_abs\": 450.0}"
  },
  "baseline_metrics": {
    "trade_count": 537,
    "daily_count": 534,
    "net_profit_0_1": 1189.67,
    "avg_trade_0_1": 2.2154003724394786,
    "median_trade_0_1": 5.41,
    "std_trade_0_1": 35.7119317966312,
    "avg_loss_0_1": -29.11883534136546,
    "p05_trade_0_1": -61.278,
    "p01_trade_0_1": -68.1352,
    "profit_factor_0_1": 1.164079061152265,
    "historical_max_dd_0_1": -346.8599999999999,
    "mc_dd_p95_0_1": -901.968,
    "avg_day_0_1": 2.227846441947565,
    "std_day_0_1": 35.742981510338794,
    "worst_day_0_1": -71.87,
    "p05_day_0_1": -61.2915
  },
  "optional_layer_metrics": {
    "robustness_score": 0.8,
    "portfolio_fit_score": 0.7131108023213512,
    "diversification_score": 0.926176991166212,
    "correlation_penalty": 0.040509897551261,
    "regime_dependency_score": 0.5043405696381629
  },
  "limits": {
    "stress_limit_abs": 2250.0,
    "expected_dd_limit_abs": 1200.0,
    "worst_day_limit_abs": 650.0,
    "day_p05_limit_abs": 450.0
  },
  "lot_grid_table": [
    {
      "lot_size": 0.1,
      "expected_dd_abs": -346.8599999999999,
      "stress_dd_abs": -901.968,
      "worst_day_abs": -71.87,
      "daily_p05_abs": -61.2915,
      "pass_expected_dd": true,
      "pass_stress_dd": true,
      "pass_worst_day": true,
      "pass_day_p05": true,
      "pass_all": true
    },
    {
      "lot_size": 0.2,
      "expected_dd_abs": -693.7199999999998,
      "stress_dd_abs": -1803.936,
      "worst_day_abs": -143.74,
      "daily_p05_abs": -122.583,
      "pass_expected_dd": true,
      "pass_stress_dd": true,
      "pass_worst_day": true,
      "pass_day_p05": true,
      "pass_all": true
    },
    {
      "lot_size": 0.3,
      "expected_dd_abs": -1040.5799999999995,
      "stress_dd_abs": -2705.9039999999995,
      "worst_day_abs": -215.60999999999999,
      "daily_p05_abs": -183.87449999999998,
      "pass_expected_dd": true,
      "pass_stress_dd": false,
      "pass_worst_day": true,
      "pass_day_p05": true,
      "pass_all": false
    },
    {
      "lot_size": 0.4,
      "expected_dd_abs": -1387.4399999999996,
      "stress_dd_abs": -3607.872,
      "worst_day_abs": -287.48,
      "daily_p05_abs": -245.166,
      "pass_expected_dd": false,
      "pass_stress_dd": false,
      "pass_worst_day": true,
      "pass_day_p05": true,
      "pass_all": false
    },
    {
      "lot_size": 0.5,
      "expected_dd_abs": -1734.2999999999995,
      "stress_dd_abs": -4509.84,
      "worst_day_abs": -359.35,
      "daily_p05_abs": -306.4575,
      "pass_expected_dd": false,
      "pass_stress_dd": false,
      "pass_worst_day": true,
      "pass_day_p05": true,
      "pass_all": false
    },
    {
      "lot_size": 0.6,
      "expected_dd_abs": -2081.159999999999,
      "stress_dd_abs": -5411.807999999999,
      "worst_day_abs": -431.21999999999997,
      "daily_p05_abs": -367.74899999999997,
      "pass_expected_dd": false,
      "pass_stress_dd": false,
      "pass_worst_day": true,
      "pass_day_p05": true,
      "pass_all": false
    },
    {
      "lot_size": 0.7,
      "expected_dd_abs": -2428.019999999999,
      "stress_dd_abs": -6313.775999999999,
      "worst_day_abs": -503.09,
      "daily_p05_abs": -429.04049999999995,
      "pass_expected_dd": false,
      "pass_stress_dd": false,
      "pass_worst_day": true,
      "pass_day_p05": true,
      "pass_all": false
    },
    {
      "lot_size": 0.8,
      "expected_dd_abs": -2774.879999999999,
      "stress_dd_abs": -7215.744,
      "worst_day_abs": -574.96,
      "daily_p05_abs": -490.332,
      "pass_expected_dd": false,
      "pass_stress_dd": false,
      "pass_worst_day": true,
      "pass_day_p05": false,
      "pass_all": false
    },
    {
      "lot_size": 0.9,
      "expected_dd_abs": -3121.739999999999,
      "stress_dd_abs": -8117.7119999999995,
      "worst_day_abs": -646.83,
      "daily_p05_abs": -551.6235,
      "pass_expected_dd": false,
      "pass_stress_dd": false,
      "pass_worst_day": true,
      "pass_day_p05": false,
      "pass_all": false
    },
    {
      "lot_size": 1.0,
      "expected_dd_abs": -3468.599999999999,
      "stress_dd_abs": -9019.68,
      "worst_day_abs": -718.7,
      "daily_p05_abs": -612.915,
      "pass_expected_dd": false,
      "pass_stress_dd": false,
      "pass_worst_day": false,
      "pass_day_p05": false,
      "pass_all": false
    },
    {
      "lot_size": 1.1,
      "expected_dd_abs": -3815.459999999999,
      "stress_dd_abs": -9921.648,
      "worst_day_abs": -790.57,
      "daily_p05_abs": -674.2065,
      "pass_expected_dd": false,
      "pass_stress_dd": false,
      "pass_worst_day": false,
      "pass_day_p05": false,
      "pass_all": false
    },
    {
      "lot_size": 1.2,
      "expected_dd_abs": -4162.319999999998,
      "stress_dd_abs": -10823.615999999998,
      "worst_day_abs": -862.4399999999999,
      "daily_p05_abs": -735.4979999999999,
      "pass_expected_dd": false,
      "pass_stress_dd": false,
      "pass_worst_day": false,
      "pass_day_p05": false,
      "pass_all": false
    },
    {
      "lot_size": 1.3,
      "expected_dd_abs": -4509.1799999999985,
      "stress_dd_abs": -11725.583999999999,
      "worst_day_abs": -934.3100000000001,
      "daily_p05_abs": -796.7895,
      "pass_expected_dd": false,
      "pass_stress_dd": false,
      "pass_worst_day": false,
      "pass_day_p05": false,
      "pass_all": false
    },
    {
      "lot_size": 1.4,
      "expected_dd_abs": -4856.039999999998,
      "stress_dd_abs": -12627.551999999998,
      "worst_day_abs": -1006.18,
      "daily_p05_abs": -858.0809999999999,
      "pass_expected_dd": false,
      "pass_stress_dd": false,
      "pass_worst_day": false,
      "pass_day_p05": false,
      "pass_all": false
    },
    {
      "lot_size": 1.5,
      "expected_dd_abs": -5202.899999999999,
      "stress_dd_abs": -13529.519999999999,
      "worst_day_abs": -1078.0500000000002,
      "daily_p05_abs": -919.3725,
      "pass_expected_dd": false,
      "pass_stress_dd": false,
      "pass_worst_day": false,
      "pass_day_p05": false,
      "pass_all": false
    },
    {
      "lot_size": 1.6,
      "expected_dd_abs": -5549.759999999998,
      "stress_dd_abs": -14431.488,
      "worst_day_abs": -1149.92,
      "daily_p05_abs": -980.664,
      "pass_expected_dd": false,
      "pass_stress_dd": false,
      "pass_worst_day": false,
      "pass_day_p05": false,
      "pass_all": false
    },
    {
      "lot_size": 1.7,
      "expected_dd_abs": -5896.619999999998,
      "stress_dd_abs": -15333.456,
      "worst_day_abs": -1221.79,