{
  "strategy_id": "USDCAD_34_1.8.187_BUY_M15",
  "summary": {
    "strategy_id": "USDCAD_34_1.8.187_BUY_M15",
    "side_mix": null,
    "symbol_count": 1,
    "trade_count": 890,
    "baseline_lot": 0.1,
    "avg_trade_0_1": 0.31131460674157296,
    "avg_loss_0_1": -23.0190031152648,
    "p05_trade_0_1": -28.511,
    "p01_trade_0_1": -29.0811,
    "worst_day_0_1": -29.43,
    "p05_day_0_1": -28.511,
    "expected_dd_0_1": -331.4699999999998,
    "stress_dd_0_1": -794.2344999999996,
    "robustness_score": 0.8,
    "portfolio_fit_score": 0.7087262748684848,
    "diversification_score": 0.9173501691371918,
    "regime_dependency_score": 0.7402864233302701,
    "correlation_penalty": 0.0604317180690329,
    "allowed_expected_dd_limit_abs": 1020.0,
    "allowed_stress_dd_limit_abs": 2000.0,
    "allowed_worst_day_limit_abs": 650.0,
    "allowed_day_p05_limit_abs": 450.0,
    "recommended_lot_size": 0.1,
    "max_safe_lot_size": 0.2,
    "expected_dd_at_recommended_lot": -331.4699999999998,
    "stress_dd_at_recommended_lot": -794.2344999999996,
    "max_loss_per_day_recommendation": -28.511,
    "recommended_risk_budget": "VERY_LOW",
    "sizing_constraints": "{\"baseline_lot\": 0.1, \"recommended_lot_size\": 0.1, \"max_safe_lot_size\": 0.2, \"lot_step\": 0.1, \"max_supported_lot\": 5.0, \"max_expected_dd_abs\": 1020.0, \"max_stress_dd_abs\": 2000.0, \"max_worst_day_abs\": 650.0, \"max_daily_p05_abs\": 450.0}"
  },
  "baseline_metrics": {
    "trade_count": 890,
    "daily_count": 890,
    "net_profit_0_1": 277.06999999999994,
    "avg_trade_0_1": 0.31131460674157296,
    "median_trade_0_1": 13.44,
    "std_trade_0_1": 18.303891426469395,
    "avg_loss_0_1": -23.0190031152648,
    "p05_trade_0_1": -28.511,
    "p01_trade_0_1": -29.0811,
    "profit_factor_0_1": 1.0374971241423177,
    "historical_max_dd_0_1": -331.4699999999998,
    "mc_dd_p95_0_1": -794.2344999999996,
    "avg_day_0_1": 0.31131460674157296,
    "std_day_0_1": 18.303891426469395,
    "worst_day_0_1": -29.43,
    "p05_day_0_1": -28.511
  },
  "optional_layer_metrics": {
    "robustness_score": 0.8,
    "portfolio_fit_score": 0.7087262748684848,
    "diversification_score": 0.9173501691371918,
    "correlation_penalty": 0.0604317180690329,
    "regime_dependency_score": 0.7402864233302701
  },
  "limits": {
    "stress_limit_abs": 2000.0,
    "expected_dd_limit_abs": 1020.0,
    "worst_day_limit_abs": 650.0,
    "day_p05_limit_abs": 450.0
  },
  "lot_grid_table": [
    {
      "lot_size": 0.1,
      "expected_dd_abs": -331.4699999999998,
      "stress_dd_abs": -794.2344999999996,
      "worst_day_abs": -29.43,
      "daily_p05_abs": -28.511,
      "pass_expected_dd": true,
      "pass_stress_dd": true,
      "pass_worst_day": true,
      "pass_day_p05": true,
      "pass_all": true
    },
    {
      "lot_size": 0.2,
      "expected_dd_abs": -662.9399999999996,
      "stress_dd_abs": -1588.4689999999991,
      "worst_day_abs": -58.86,
      "daily_p05_abs": -57.022,
      "pass_expected_dd": true,
      "pass_stress_dd": true,
      "pass_worst_day": true,
      "pass_day_p05": true,
      "pass_all": true
    },
    {
      "lot_size": 0.3,
      "expected_dd_abs": -994.4099999999993,
      "stress_dd_abs": -2382.7034999999983,
      "worst_day_abs": -88.28999999999999,
      "daily_p05_abs": -85.53299999999999,
      "pass_expected_dd": true,
      "pass_stress_dd": false,
      "pass_worst_day": true,
      "pass_day_p05": true,
      "pass_all": false
    },
    {
      "lot_size": 0.4,
      "expected_dd_abs": -1325.8799999999992,
      "stress_dd_abs": -3176.9379999999983,
      "worst_day_abs": -117.72,
      "daily_p05_abs": -114.044,
      "pass_expected_dd": false,
      "pass_stress_dd": false,
      "pass_worst_day": true,
      "pass_day_p05": true,
      "pass_all": false
    },
    {
      "lot_size": 0.5,
      "expected_dd_abs": -1657.349999999999,
      "stress_dd_abs": -3971.172499999998,
      "worst_day_abs": -147.15,
      "daily_p05_abs": -142.555,
      "pass_expected_dd": false,
      "pass_stress_dd": false,
      "pass_worst_day": true,
      "pass_day_p05": true,
      "pass_all": false
    },
    {
      "lot_size": 0.6,
      "expected_dd_abs": -1988.8199999999986,
      "stress_dd_abs": -4765.4069999999965,
      "worst_day_abs": -176.57999999999998,
      "daily_p05_abs": -171.06599999999997,
      "pass_expected_dd": false,
      "pass_stress_dd": false,
      "pass_worst_day": true,
      "pass_day_p05": true,
      "pass_all": false
    },
    {
      "lot_size": 0.7,
      "expected_dd_abs": -2320.289999999998,
      "stress_dd_abs": -5559.641499999996,
      "worst_day_abs": -206.00999999999996,
      "daily_p05_abs": -199.57699999999997,
      "pass_expected_dd": false,
      "pass_stress_dd": false,
      "pass_worst_day": true,
      "pass_day_p05": true,
      "pass_all": false
    },
    {
      "lot_size": 0.8,
      "expected_dd_abs": -2651.7599999999984,
      "stress_dd_abs": -6353.875999999997,
      "worst_day_abs": -235.44,
      "daily_p05_abs": -228.088,
      "pass_expected_dd": false,
      "pass_stress_dd": false,
      "pass_worst_day": true,
      "pass_day_p05": true,
      "pass_all": false
    },
    {
      "lot_size": 0.9,
      "expected_dd_abs": -2983.229999999998,
      "stress_dd_abs": -7148.110499999996,
      "worst_day_abs": -264.87,
      "daily_p05_abs": -256.599,
      "pass_expected_dd": false,
      "pass_stress_dd": false,
      "pass_worst_day": true,
      "pass_day_p05": true,
      "pass_all": false
    },
    {
      "lot_size": 1.0,
      "expected_dd_abs": -3314.699999999998,
      "stress_dd_abs": -7942.344999999996,
      "worst_day_abs": -294.3,
      "daily_p05_abs": -285.11,
      "pass_expected_dd": false,
      "pass_stress_dd": false,
      "pass_worst_day": true,
      "pass_day_p05": true,
      "pass_all": false
    },
    {
      "lot_size": 1.1,
      "expected_dd_abs": -3646.169999999998,
      "stress_dd_abs": -8736.579499999996,
      "worst_day_abs": -323.73,
      "daily_p05_abs": -313.621,
      "pass_expected_dd": false,
      "pass_stress_dd": false,
      "pass_worst_day": true,
      "pass_day_p05": true,
      "pass_all": false
    },
    {
      "lot_size": 1.2,
      "expected_dd_abs": -3977.639999999997,
      "stress_dd_abs": -9530.813999999993,
      "worst_day_abs": -353.15999999999997,
      "daily_p05_abs": -342.13199999999995,
      "pass_expected_dd": false,
      "pass_stress_dd": false,
      "pass_worst_day": true,
      "pass_day_p05": true,
      "pass_all": false
    },
    {
      "lot_size": 1.3,
      "expected_dd_abs": -4309.109999999997,
      "stress_dd_abs": -10325.048499999994,
      "worst_day_abs": -382.59,
      "daily_p05_abs": -370.643,
      "pass_expected_dd": false,
      "pass_stress_dd": false,
      "pass_worst_day": true,
      "pass_day_p05": true,
      "pass_all": false
    },
    {
      "lot_size": 1.4,
      "expected_dd_abs": -4640.579999999996,
      "stress_dd_abs": -11119.282999999992,
      "worst_day_abs": -412.0199999999999,
      "daily_p05_abs": -399.15399999999994,
      "pass_expected_dd": false,
      "pass_stress_dd": false,
      "pass_worst_day": true,
      "pass_day_p05": true,
      "pass_all": false
    },
    {
      "lot_size": 1.5,
      "expected_dd_abs": -4972.049999999997,
      "stress_dd_abs": -11913.517499999994,
      "worst_day_abs": -441.45,
      "daily_p05_abs": -427.66499999999996,
      "pass_expected_dd": false,
      "pass_stress_dd": false,
      "pass_worst_day": true,
      "pass_day_p05": true,
      "pass_all": false
    },
    {
      "lot_size": 1.6,
      "expected_dd_abs": -5303.519999999997,
      "stress_dd_abs": -12707.751999999993,
      "worst_day_abs": -470.88,
      "daily_p05_abs": -456.176,
      "pass_expected_dd": false,
      "pass_stress_dd": false,
      "pass_worst_day": true,
      "pass_day_p05": false,
      "pass_all": false
    },
    {
      "lot_size": 1.7,