{
  "strategy_id": "USDCAD_77_3.51.113_SELL_M15",
  "summary": {
    "strategy_id": "USDCAD_77_3.51.113_SELL_M15",
    "side_mix": null,
    "symbol_count": 1,
    "trade_count": 580,
    "baseline_lot": 0.1,
    "avg_trade_0_1": 0.8080517241379309,
    "avg_loss_0_1": -17.222151898734175,
    "p05_trade_0_1": -25.934499999999996,
    "p01_trade_0_1": -36.9151,
    "worst_day_0_1": -44.93,
    "p05_day_0_1": -26.0035,
    "expected_dd_0_1": -184.67000000000004,
    "stress_dd_0_1": -472.0775,
    "robustness_score": 0.8,
    "portfolio_fit_score": 0.7228296998969188,
    "diversification_score": 0.9455062657694024,
    "regime_dependency_score": 0.618452171155647,
    "correlation_penalty": 0.0075717385370524,
    "allowed_expected_dd_limit_abs": 1020.0,
    "allowed_stress_dd_limit_abs": 2000.0,
    "allowed_worst_day_limit_abs": 650.0,
    "allowed_day_p05_limit_abs": 450.0,
    "recommended_lot_size": 0.3,
    "max_safe_lot_size": 0.4,
    "expected_dd_at_recommended_lot": -554.0100000000001,
    "stress_dd_at_recommended_lot": -1416.2324999999998,
    "max_loss_per_day_recommendation": -78.01049999999998,
    "recommended_risk_budget": "LOW",
    "sizing_constraints": "{\"baseline_lot\": 0.1, \"recommended_lot_size\": 0.3, \"max_safe_lot_size\": 0.4, \"lot_step\": 0.1, \"max_supported_lot\": 5.0, \"max_expected_dd_abs\": 1020.0, \"max_stress_dd_abs\": 2000.0, \"max_worst_day_abs\": 650.0, \"max_daily_p05_abs\": 450.0}"
  },
  "baseline_metrics": {
    "trade_count": 580,
    "daily_count": 578,
    "net_profit_0_1": 468.6699999999999,
    "avg_trade_0_1": 0.8080517241379309,
    "median_trade_0_1": 7.550000000000001,
    "std_trade_0_1": 16.630001765461554,
    "avg_loss_0_1": -17.222151898734175,
    "p05_trade_0_1": -25.934499999999996,
    "p01_trade_0_1": -36.9151,
    "profit_factor_0_1": 1.1148236619994365,
    "historical_max_dd_0_1": -184.67000000000004,
    "mc_dd_p95_0_1": -472.0775,
    "avg_day_0_1": 0.8108477508650518,
    "std_day_0_1": 16.68114996329981,
    "worst_day_0_1": -44.93,
    "p05_day_0_1": -26.0035
  },
  "optional_layer_metrics": {
    "robustness_score": 0.8,
    "portfolio_fit_score": 0.7228296998969188,
    "diversification_score": 0.9455062657694024,
    "correlation_penalty": 0.0075717385370524,
    "regime_dependency_score": 0.618452171155647
  },
  "limits": {
    "stress_limit_abs": 2000.0,
    "expected_dd_limit_abs": 1020.0,
    "worst_day_limit_abs": 650.0,
    "day_p05_limit_abs": 450.0
  },
  "lot_grid_table": [
    {
      "lot_size": 0.1,
      "expected_dd_abs": -184.67000000000004,
      "stress_dd_abs": -472.0775,
      "worst_day_abs": -44.93,
      "daily_p05_abs": -26.0035,
      "pass_expected_dd": true,
      "pass_stress_dd": true,
      "pass_worst_day": true,
      "pass_day_p05": true,
      "pass_all": true
    },
    {
      "lot_size": 0.2,
      "expected_dd_abs": -369.3400000000001,
      "stress_dd_abs": -944.155,
      "worst_day_abs": -89.86,
      "daily_p05_abs": -52.007,
      "pass_expected_dd": true,
      "pass_stress_dd": true,
      "pass_worst_day": true,
      "pass_day_p05": true,
      "pass_all": true
    },
    {
      "lot_size": 0.3,
      "expected_dd_abs": -554.0100000000001,
      "stress_dd_abs": -1416.2324999999998,
      "worst_day_abs": -134.79,
      "daily_p05_abs": -78.01049999999998,
      "pass_expected_dd": true,
      "pass_stress_dd": true,
      "pass_worst_day": true,
      "pass_day_p05": true,
      "pass_all": true
    },
    {
      "lot_size": 0.4,
      "expected_dd_abs": -738.6800000000002,
      "stress_dd_abs": -1888.31,
      "worst_day_abs": -179.72,
      "daily_p05_abs": -104.014,
      "pass_expected_dd": true,
      "pass_stress_dd": true,
      "pass_worst_day": true,
      "pass_day_p05": true,
      "pass_all": true
    },
    {
      "lot_size": 0.5,
      "expected_dd_abs": -923.3500000000003,
      "stress_dd_abs": -2360.3875,
      "worst_day_abs": -224.65,
      "daily_p05_abs": -130.01749999999998,
      "pass_expected_dd": true,
      "pass_stress_dd": false,
      "pass_worst_day": true,
      "pass_day_p05": true,
      "pass_all": false
    },
    {
      "lot_size": 0.6,
      "expected_dd_abs": -1108.0200000000002,
      "stress_dd_abs": -2832.4649999999997,
      "worst_day_abs": -269.58,
      "daily_p05_abs": -156.02099999999996,
      "pass_expected_dd": false,
      "pass_stress_dd": false,
      "pass_worst_day": true,
      "pass_day_p05": true,
      "pass_all": false
    },
    {
      "lot_size": 0.7,
      "expected_dd_abs": -1292.69,
      "stress_dd_abs": -3304.5424999999996,
      "worst_day_abs": -314.50999999999993,
      "daily_p05_abs": -182.02449999999996,
      "pass_expected_dd": false,
      "pass_stress_dd": false,
      "pass_worst_day": true,
      "pass_day_p05": true,
      "pass_all": false
    },
    {
      "lot_size": 0.8,
      "expected_dd_abs": -1477.3600000000004,
      "stress_dd_abs": -3776.62,
      "worst_day_abs": -359.44,
      "daily_p05_abs": -208.028,
      "pass_expected_dd": false,
      "pass_stress_dd": false,
      "pass_worst_day": true,
      "pass_day_p05": true,
      "pass_all": false
    },
    {
      "lot_size": 0.9,
      "expected_dd_abs": -1662.0300000000004,
      "stress_dd_abs": -4248.6975,
      "worst_day_abs": -404.37,
      "daily_p05_abs": -234.0315,
      "pass_expected_dd": false,
      "pass_stress_dd": false,
      "pass_worst_day": true,
      "pass_day_p05": true,
      "pass_all": false
    },
    {
      "lot_size": 1.0,
      "expected_dd_abs": -1846.7000000000005,
      "stress_dd_abs": -4720.775,
      "worst_day_abs": -449.3,
      "daily_p05_abs": -260.03499999999997,
      "pass_expected_dd": false,
      "pass_stress_dd": false,
      "pass_worst_day": true,
      "pass_day_p05": true,
      "pass_all": false
    },
    {
      "lot_size": 1.1,
      "expected_dd_abs": -2031.3700000000006,
      "stress_dd_abs": -5192.8525,
      "worst_day_abs": -494.23,
      "daily_p05_abs": -286.0385,
      "pass_expected_dd": false,
      "pass_stress_dd": false,
      "pass_worst_day": true,
      "pass_day_p05": true,
      "pass_all": false
    },
    {
      "lot_size": 1.2,
      "expected_dd_abs": -2216.0400000000004,
      "stress_dd_abs": -5664.929999999999,
      "worst_day_abs": -539.16,
      "daily_p05_abs": -312.0419999999999,
      "pass_expected_dd": false,
      "pass_stress_dd": false,
      "pass_worst_day": true,
      "pass_day_p05": true,
      "pass_all": false
    },
    {
      "lot_size": 1.3,
      "expected_dd_abs": -2400.7100000000005,
      "stress_dd_abs": -6137.0075,
      "worst_day_abs": -584.09,
      "daily_p05_abs": -338.0455,
      "pass_expected_dd": false,
      "pass_stress_dd": false,
      "pass_worst_day": true,
      "pass_day_p05": true,
      "pass_all": false
    },
    {
      "lot_size": 1.4,
      "expected_dd_abs": -2585.38,
      "stress_dd_abs": -6609.084999999999,
      "worst_day_abs": -629.0199999999999,
      "daily_p05_abs": -364.0489999999999,
      "pass_expected_dd": false,
      "pass_stress_dd": false,
      "pass_worst_day": true,
      "pass_day_p05": true,
      "pass_all": false
    },
    {
      "lot_size": 1.5,
      "expected_dd_abs": -2770.0500000000006,
      "stress_dd_abs": -7081.162499999999,
      "worst_day_abs": -673.95,
      "daily_p05_abs": -390.0525,
      "pass_expected_dd": false,
      "pass_stress_dd": false,
      "pass_worst_day": false,
      "pass_day_p05": true,
      "pass_all": false
    },
    {
      "lot_size": 1.6,
      "expected_dd_abs": -2954.7200000000007,
      "stress_dd_abs": -7553.24,
      "worst_day_abs": -718.88,
      "daily_p05_abs": -416.056,
      "pass_expected_dd": false,
      "pass_stress_dd": false,
      "pass_worst_day": false,
      "pass_day_p05": true,
      "pass_all": false
    },
    {
      "lot_size": 1.7,
      "expected_dd_abs": -3139.390000000001,
      "stress_dd_abs": -8025.3175,
      "worst_day_abs": -763.81,