{
  "strategy_id": "USDJPY_41_2.5.172_BUY_M15",
  "summary": {
    "strategy_id": "USDJPY_41_2.5.172_BUY_M15",
    "side_mix": null,
    "symbol_count": 1,
    "trade_count": 748,
    "baseline_lot": 0.1,
    "avg_trade_0_1": 4.3639171122994656,
    "avg_loss_0_1": -30.434050991501415,
    "p05_trade_0_1": -55.7485,
    "p01_trade_0_1": -95.02890000000001,
    "worst_day_0_1": -169.83,
    "p05_day_0_1": -55.821,
    "expected_dd_0_1": -599.4699999999997,
    "stress_dd_0_1": -1005.4375000000016,
    "robustness_score": 1.0,
    "portfolio_fit_score": 0.7010621471096092,
    "diversification_score": 0.9020411875920432,
    "regime_dependency_score": 0.515967811687964,
    "correlation_penalty": 0.0576918352834301,
    "allowed_expected_dd_limit_abs": 1200.0,
    "allowed_stress_dd_limit_abs": 2250.0,
    "allowed_worst_day_limit_abs": 650.0,
    "allowed_day_p05_limit_abs": 450.0,
    "recommended_lot_size": 0.1,
    "max_safe_lot_size": 0.2,
    "expected_dd_at_recommended_lot": -599.4699999999997,
    "stress_dd_at_recommended_lot": -1005.4375000000016,
    "max_loss_per_day_recommendation": -55.821,
    "recommended_risk_budget": "VERY_LOW",
    "sizing_constraints": "{\"baseline_lot\": 0.1, \"recommended_lot_size\": 0.1, \"max_safe_lot_size\": 0.2, \"lot_step\": 0.1, \"max_supported_lot\": 5.0, \"max_expected_dd_abs\": 1200.0, \"max_stress_dd_abs\": 2250.0, \"max_worst_day_abs\": 650.0, \"max_daily_p05_abs\": 450.0}"
  },
  "baseline_metrics": {
    "trade_count": 748,
    "daily_count": 743,
    "net_profit_0_1": 3264.21,
    "avg_trade_0_1": 4.3639171122994656,
    "median_trade_0_1": 2.115,
    "std_trade_0_1": 42.11647301346021,
    "avg_loss_0_1": -30.434050991501415,
    "p05_trade_0_1": -55.7485,
    "p01_trade_0_1": -95.02890000000001,
    "profit_factor_0_1": 1.3038390724568614,
    "historical_max_dd_0_1": -599.4699999999997,
    "mc_dd_p95_0_1": -1005.4375000000016,
    "avg_day_0_1": 4.39328398384926,
    "std_day_0_1": 42.22285687361986,
    "worst_day_0_1": -169.83,
    "p05_day_0_1": -55.821
  },
  "optional_layer_metrics": {
    "robustness_score": 1.0,
    "portfolio_fit_score": 0.7010621471096092,
    "diversification_score": 0.9020411875920432,
    "correlation_penalty": 0.0576918352834301,
    "regime_dependency_score": 0.515967811687964
  },
  "limits": {
    "stress_limit_abs": 2250.0,
    "expected_dd_limit_abs": 1200.0,
    "worst_day_limit_abs": 650.0,
    "day_p05_limit_abs": 450.0
  },
  "lot_grid_table": [
    {
      "lot_size": 0.1,
      "expected_dd_abs": -599.4699999999997,
      "stress_dd_abs": -1005.4375000000016,
      "worst_day_abs": -169.83,
      "daily_p05_abs": -55.821,
      "pass_expected_dd": true,
      "pass_stress_dd": true,
      "pass_worst_day": true,
      "pass_day_p05": true,
      "pass_all": true
    },
    {
      "lot_size": 0.2,
      "expected_dd_abs": -1198.9399999999994,
      "stress_dd_abs": -2010.8750000000032,
      "worst_day_abs": -339.66,
      "daily_p05_abs": -111.642,
      "pass_expected_dd": true,
      "pass_stress_dd": true,
      "pass_worst_day": true,
      "pass_day_p05": true,
      "pass_all": true
    },
    {
      "lot_size": 0.3,
      "expected_dd_abs": -1798.4099999999987,
      "stress_dd_abs": -3016.3125000000045,
      "worst_day_abs": -509.48999999999995,
      "daily_p05_abs": -167.46299999999997,
      "pass_expected_dd": false,
      "pass_stress_dd": false,
      "pass_worst_day": true,
      "pass_day_p05": true,
      "pass_all": false
    },
    {
      "lot_size": 0.4,
      "expected_dd_abs": -2397.8799999999987,
      "stress_dd_abs": -4021.7500000000064,
      "worst_day_abs": -679.32,
      "daily_p05_abs": -223.284,
      "pass_expected_dd": false,
      "pass_stress_dd": false,
      "pass_worst_day": false,
      "pass_day_p05": true,
      "pass_all": false
    },
    {
      "lot_size": 0.5,
      "expected_dd_abs": -2997.3499999999985,
      "stress_dd_abs": -5027.187500000008,
      "worst_day_abs": -849.1500000000001,
      "daily_p05_abs": -279.105,
      "pass_expected_dd": false,
      "pass_stress_dd": false,
      "pass_worst_day": false,
      "pass_day_p05": true,
      "pass_all": false
    },
    {
      "lot_size": 0.6,
      "expected_dd_abs": -3596.8199999999974,
      "stress_dd_abs": -6032.625000000009,
      "worst_day_abs": -1018.9799999999999,
      "daily_p05_abs": -334.92599999999993,
      "pass_expected_dd": false,
      "pass_stress_dd": false,
      "pass_worst_day": false,
      "pass_day_p05": true,
      "pass_all": false
    },
    {
      "lot_size": 0.7,
      "expected_dd_abs": -4196.289999999997,
      "stress_dd_abs": -7038.06250000001,
      "worst_day_abs": -1188.81,
      "daily_p05_abs": -390.74699999999996,
      "pass_expected_dd": false,
      "pass_stress_dd": false,
      "pass_worst_day": false,
      "pass_day_p05": true,
      "pass_all": false
    },
    {
      "lot_size": 0.8,
      "expected_dd_abs": -4795.7599999999975,
      "stress_dd_abs": -8043.500000000013,
      "worst_day_abs": -1358.64,
      "daily_p05_abs": -446.568,
      "pass_expected_dd": false,
      "pass_stress_dd": false,
      "pass_worst_day": false,
      "pass_day_p05": true,
      "pass_all": false
    },
    {
      "lot_size": 0.9,
      "expected_dd_abs": -5395.229999999997,
      "stress_dd_abs": -9048.937500000015,
      "worst_day_abs": -1528.47,
      "daily_p05_abs": -502.389,
      "pass_expected_dd": false,
      "pass_stress_dd": false,
      "pass_worst_day": false,
      "pass_day_p05": false,
      "pass_all": false
    },
    {
      "lot_size": 1.0,
      "expected_dd_abs": -5994.699999999997,
      "stress_dd_abs": -10054.375000000016,
      "worst_day_abs": -1698.3000000000002,
      "daily_p05_abs": -558.21,
      "pass_expected_dd": false,
      "pass_stress_dd": false,
      "pass_worst_day": false,
      "pass_day_p05": false,
      "pass_all": false
    },
    {
      "lot_size": 1.1,
      "expected_dd_abs": -6594.169999999996,
      "stress_dd_abs": -11059.812500000018,
      "worst_day_abs": -1868.13,
      "daily_p05_abs": -614.031,
      "pass_expected_dd": false,
      "pass_stress_dd": false,
      "pass_worst_day": false,
      "pass_day_p05": false,
      "pass_all": false
    },
    {
      "lot_size": 1.2,
      "expected_dd_abs": -7193.639999999995,
      "stress_dd_abs": -12065.250000000018,
      "worst_day_abs": -2037.9599999999998,
      "daily_p05_abs": -669.8519999999999,
      "pass_expected_dd": false,
      "pass_stress_dd": false,
      "pass_worst_day": false,
      "pass_day_p05": false,
      "pass_all": false
    },
    {
      "lot_size": 1.3,
      "expected_dd_abs": -7793.109999999996,
      "stress_dd_abs": -13070.68750000002,
      "worst_day_abs": -2207.79,
      "daily_p05_abs": -725.673,
      "pass_expected_dd": false,
      "pass_stress_dd": false,
      "pass_worst_day": false,
      "pass_day_p05": false,
      "pass_all": false
    },
    {
      "lot_size": 1.4,
      "expected_dd_abs": -8392.579999999994,
      "stress_dd_abs": -14076.12500000002,
      "worst_day_abs": -2377.62,
      "daily_p05_abs": -781.4939999999999,
      "pass_expected_dd": false,
      "pass_stress_dd": false,
      "pass_worst_day": false,
      "pass_day_p05": false,
      "pass_all": false
    },
    {
      "lot_size": 1.5,
      "expected_dd_abs": -8992.049999999996,
      "stress_dd_abs": -15081.562500000024,
      "worst_day_abs": -2547.4500000000003,
      "daily_p05_abs": -837.3149999999999,
      "pass_expected_dd": false,
      "pass_stress_dd": false,
      "pass_worst_day": false,
      "pass_day_p05": false,
      "pass_all": false
    },
    {
      "lot_size": 1.6,
      "expected_dd_abs": -9591.519999999995,
      "stress_dd_abs": -16087.000000000025,
      "worst_day_abs": -2717.28,
      "daily_p05_abs": -893.136,
      "pass_expected_dd": false,
      "pass_stress_dd": false,
      "pass_worst_day": false,
      "pass_day_p05": false,