{
  "strategy_id": "USDJPY_57_4.8.181_BUY_M15",
  "summary": {
    "strategy_id": "USDJPY_57_4.8.181_BUY_M15",
    "side_mix": null,
    "symbol_count": 1,
    "trade_count": 953,
    "baseline_lot": 0.1,
    "avg_trade_0_1": 2.837240293809024,
    "avg_loss_0_1": -36.11484848484849,
    "p05_trade_0_1": -71.414,
    "p01_trade_0_1": -78.464,
    "worst_day_0_1": -92.21,
    "p05_day_0_1": -71.63,
    "expected_dd_0_1": -1048.0400000000009,
    "stress_dd_0_1": -1393.051000000001,
    "robustness_score": 0.8,
    "portfolio_fit_score": 0.6999344876867306,
    "diversification_score": 0.8997465399791628,
    "regime_dependency_score": 0.6180698889530065,
    "correlation_penalty": 0.0741587428049976,
    "allowed_expected_dd_limit_abs": 1020.0,
    "allowed_stress_dd_limit_abs": 2000.0,
    "allowed_worst_day_limit_abs": 650.0,
    "allowed_day_p05_limit_abs": 450.0,
    "recommended_lot_size": 0.1,
    "max_safe_lot_size": null,
    "expected_dd_at_recommended_lot": -1048.0400000000009,
    "stress_dd_at_recommended_lot": -1393.051000000001,
    "max_loss_per_day_recommendation": -71.63,
    "recommended_risk_budget": null,
    "sizing_constraints": "{\"baseline_lot\": 0.1, \"recommended_lot_size\": 0.1, \"max_safe_lot_size\": null, \"lot_step\": 0.1, \"max_supported_lot\": 5.0, \"max_expected_dd_abs\": 1020.0, \"max_stress_dd_abs\": 2000.0, \"max_worst_day_abs\": 650.0, \"max_daily_p05_abs\": 450.0}"
  },
  "baseline_metrics": {
    "trade_count": 953,
    "daily_count": 946,
    "net_profit_0_1": 2703.89,
    "avg_trade_0_1": 2.837240293809024,
    "median_trade_0_1": 3.49,
    "std_trade_0_1": 45.04124699801867,
    "avg_loss_0_1": -36.11484848484849,
    "p05_trade_0_1": -71.414,
    "p01_trade_0_1": -78.464,
    "profit_factor_0_1": 1.174520291713757,
    "historical_max_dd_0_1": -1048.0400000000009,
    "mc_dd_p95_0_1": -1393.051000000001,
    "avg_day_0_1": 2.858234672304439,
    "std_day_0_1": 45.19502001821061,
    "worst_day_0_1": -92.21,
    "p05_day_0_1": -71.63
  },
  "optional_layer_metrics": {
    "robustness_score": 0.8,
    "portfolio_fit_score": 0.6999344876867306,
    "diversification_score": 0.8997465399791628,
    "correlation_penalty": 0.0741587428049976,
    "regime_dependency_score": 0.6180698889530065
  },
  "limits": {
    "stress_limit_abs": 2000.0,
    "expected_dd_limit_abs": 1020.0,
    "worst_day_limit_abs": 650.0,
    "day_p05_limit_abs": 450.0
  },
  "lot_grid_table": [
    {
      "lot_size": 0.1,
      "expected_dd_abs": -1048.0400000000009,
      "stress_dd_abs": -1393.051000000001,
      "worst_day_abs": -92.21,
      "daily_p05_abs": -71.63,
      "pass_expected_dd": false,
      "pass_stress_dd": true,
      "pass_worst_day": true,
      "pass_day_p05": true,
      "pass_all": false
    },
    {
      "lot_size": 0.2,
      "expected_dd_abs": -2096.0800000000017,
      "stress_dd_abs": -2786.102000000002,
      "worst_day_abs": -184.42,
      "daily_p05_abs": -143.26,
      "pass_expected_dd": false,
      "pass_stress_dd": false,
      "pass_worst_day": true,
      "pass_day_p05": true,
      "pass_all": false
    },
    {
      "lot_size": 0.3,
      "expected_dd_abs": -3144.120000000002,
      "stress_dd_abs": -4179.153000000003,
      "worst_day_abs": -276.62999999999994,
      "daily_p05_abs": -214.88999999999996,
      "pass_expected_dd": false,
      "pass_stress_dd": false,
      "pass_worst_day": true,
      "pass_day_p05": true,
      "pass_all": false
    },
    {
      "lot_size": 0.4,
      "expected_dd_abs": -4192.1600000000035,
      "stress_dd_abs": -5572.204000000004,
      "worst_day_abs": -368.84,
      "daily_p05_abs": -286.52,
      "pass_expected_dd": false,
      "pass_stress_dd": false,
      "pass_worst_day": true,
      "pass_day_p05": true,
      "pass_all": false
    },
    {
      "lot_size": 0.5,
      "expected_dd_abs": -5240.200000000004,
      "stress_dd_abs": -6965.255000000006,
      "worst_day_abs": -461.04999999999995,
      "daily_p05_abs": -358.15,
      "pass_expected_dd": false,
      "pass_stress_dd": false,
      "pass_worst_day": true,
      "pass_day_p05": true,
      "pass_all": false
    },
    {
      "lot_size": 0.6,
      "expected_dd_abs": -6288.240000000004,
      "stress_dd_abs": -8358.306000000006,
      "worst_day_abs": -553.2599999999999,
      "daily_p05_abs": -429.7799999999999,
      "pass_expected_dd": false,
      "pass_stress_dd": false,
      "pass_worst_day": true,
      "pass_day_p05": true,
      "pass_all": false
    },
    {
      "lot_size": 0.7,
      "expected_dd_abs": -7336.280000000005,
      "stress_dd_abs": -9751.357000000005,
      "worst_day_abs": -645.4699999999999,
      "daily_p05_abs": -501.4099999999999,
      "pass_expected_dd": false,
      "pass_stress_dd": false,
      "pass_worst_day": true,
      "pass_day_p05": false,
      "pass_all": false
    },
    {
      "lot_size": 0.8,
      "expected_dd_abs": -8384.320000000007,
      "stress_dd_abs": -11144.408000000009,
      "worst_day_abs": -737.68,
      "daily_p05_abs": -573.04,
      "pass_expected_dd": false,
      "pass_stress_dd": false,
      "pass_worst_day": false,
      "pass_day_p05": false,
      "pass_all": false
    },
    {
      "lot_size": 0.9,
      "expected_dd_abs": -9432.360000000008,
      "stress_dd_abs": -12537.45900000001,
      "worst_day_abs": -829.89,
      "daily_p05_abs": -644.67,
      "pass_expected_dd": false,
      "pass_stress_dd": false,
      "pass_worst_day": false,
      "pass_day_p05": false,
      "pass_all": false
    },
    {
      "lot_size": 1.0,
      "expected_dd_abs": -10480.400000000009,
      "stress_dd_abs": -13930.510000000011,
      "worst_day_abs": -922.0999999999999,
      "daily_p05_abs": -716.3,
      "pass_expected_dd": false,
      "pass_stress_dd": false,
      "pass_worst_day": false,
      "pass_day_p05": false,
      "pass_all": false
    },
    {
      "lot_size": 1.1,
      "expected_dd_abs": -11528.44000000001,
      "stress_dd_abs": -15323.561000000012,
      "worst_day_abs": -1014.31,
      "daily_p05_abs": -787.93,
      "pass_expected_dd": false,
      "pass_stress_dd": false,
      "pass_worst_day": false,
      "pass_day_p05": false,
      "pass_all": false
    },
    {
      "lot_size": 1.2,
      "expected_dd_abs": -12576.480000000009,
      "stress_dd_abs": -16716.612000000012,
      "worst_day_abs": -1106.5199999999998,
      "daily_p05_abs": -859.5599999999998,
      "pass_expected_dd": false,
      "pass_stress_dd": false,
      "pass_worst_day": false,
      "pass_day_p05": false,
      "pass_all": false
    },
    {
      "lot_size": 1.3,
      "expected_dd_abs": -13624.520000000011,
      "stress_dd_abs": -18109.663000000015,
      "worst_day_abs": -1198.73,
      "daily_p05_abs": -931.1899999999999,
      "pass_expected_dd": false,
      "pass_stress_dd": false,
      "pass_worst_day": false,
      "pass_day_p05": false,
      "pass_all": false
    },
    {
      "lot_size": 1.4,
      "expected_dd_abs": -14672.56000000001,
      "stress_dd_abs": -19502.71400000001,
      "worst_day_abs": -1290.9399999999998,
      "daily_p05_abs": -1002.8199999999998,
      "pass_expected_dd": false,
      "pass_stress_dd": false,
      "pass_worst_day": false,
      "pass_day_p05": false,
      "pass_all": false
    },
    {
      "lot_size": 1.5,
      "expected_dd_abs": -15720.600000000013,
      "stress_dd_abs": -20895.765000000018,
      "worst_day_abs": -1383.1499999999999,
      "daily_p05_abs": -1074.4499999999998,
      "pass_expected_dd": false,
      "pass_stress_dd": false,
      "pass_worst_day": false,
      "pass_day_p05": false,
      "pass_all": false
    },
    {
      "lot_size": 1.6,
      "expected_dd_abs": -16768.640000000014,
      "stress_dd_abs": -22288.816000000017,
      "worst_day_abs": -1475.36,
      "daily_p05_abs": -1146.08,
      "pass_expected_dd": false,
      "pass_stress_dd": false,
      "pass_worst_day": false,
      "pass_day_p05": false,