{
  "strategy_id": "USDJPY_37_0.18430_BUY_M15",
  "summary": {
    "strategy_id": "USDJPY_37_0.18430_BUY_M15",
    "side_mix": null,
    "symbol_count": 1,
    "trade_count": 1138,
    "baseline_lot": 0.1,
    "avg_trade_0_1": 7.204024604569421,
    "avg_loss_0_1": -56.3305035971223,
    "p05_trade_0_1": -118.896,
    "p01_trade_0_1": -144.2541,
    "worst_day_0_1": -225.56,
    "p05_day_0_1": -156.84799999999998,
    "expected_dd_0_1": -1407.67,
    "stress_dd_0_1": -2389.138000000001,
    "robustness_score": 1.0,
    "portfolio_fit_score": 0.7086923065943881,
    "diversification_score": 0.9182609038218752,
    "regime_dependency_score": 0.4880964537876573,
    "correlation_penalty": 0.0627077911614079,
    "allowed_expected_dd_limit_abs": 1200.0,
    "allowed_stress_dd_limit_abs": 2250.0,
    "allowed_worst_day_limit_abs": 650.0,
    "allowed_day_p05_limit_abs": 450.0,
    "recommended_lot_size": 0.1,
    "max_safe_lot_size": null,
    "expected_dd_at_recommended_lot": -1407.67,
    "stress_dd_at_recommended_lot": -2389.138000000001,
    "max_loss_per_day_recommendation": -156.84799999999998,
    "recommended_risk_budget": null,
    "sizing_constraints": "{\"baseline_lot\": 0.1, \"recommended_lot_size\": 0.1, \"max_safe_lot_size\": null, \"lot_step\": 0.1, \"max_supported_lot\": 5.0, \"max_expected_dd_abs\": 1200.0, \"max_stress_dd_abs\": 2250.0, \"max_worst_day_abs\": 650.0, \"max_daily_p05_abs\": 450.0}"
  },
  "baseline_metrics": {
    "trade_count": 1138,
    "daily_count": 567,
    "net_profit_0_1": 8198.18,
    "avg_trade_0_1": 7.204024604569421,
    "median_trade_0_1": 1.11,
    "std_trade_0_1": 86.47700992884377,
    "avg_loss_0_1": -56.3305035971223,
    "p05_trade_0_1": -118.896,
    "p01_trade_0_1": -144.2541,
    "profit_factor_0_1": 1.261757433645724,
    "historical_max_dd_0_1": -1407.67,
    "mc_dd_p95_0_1": -2389.138000000001,
    "avg_day_0_1": 14.458871252204586,
    "std_day_0_1": 149.15444638515538,
    "worst_day_0_1": -225.56,
    "p05_day_0_1": -156.84799999999998
  },
  "optional_layer_metrics": {
    "robustness_score": 1.0,
    "portfolio_fit_score": 0.7086923065943881,
    "diversification_score": 0.9182609038218752,
    "correlation_penalty": 0.0627077911614079,
    "regime_dependency_score": 0.4880964537876573
  },
  "limits": {
    "stress_limit_abs": 2250.0,
    "expected_dd_limit_abs": 1200.0,
    "worst_day_limit_abs": 650.0,
    "day_p05_limit_abs": 450.0
  },
  "lot_grid_table": [
    {
      "lot_size": 0.1,
      "expected_dd_abs": -1407.67,
      "stress_dd_abs": -2389.138000000001,
      "worst_day_abs": -225.56,
      "daily_p05_abs": -156.84799999999998,
      "pass_expected_dd": false,
      "pass_stress_dd": false,
      "pass_worst_day": true,
      "pass_day_p05": true,
      "pass_all": false
    },
    {
      "lot_size": 0.2,
      "expected_dd_abs": -2815.34,
      "stress_dd_abs": -4778.276000000002,
      "worst_day_abs": -451.12,
      "daily_p05_abs": -313.69599999999997,
      "pass_expected_dd": false,
      "pass_stress_dd": false,
      "pass_worst_day": true,
      "pass_day_p05": true,
      "pass_all": false
    },
    {
      "lot_size": 0.3,
      "expected_dd_abs": -4223.009999999999,
      "stress_dd_abs": -7167.414000000002,
      "worst_day_abs": -676.68,
      "daily_p05_abs": -470.54399999999987,
      "pass_expected_dd": false,
      "pass_stress_dd": false,
      "pass_worst_day": false,
      "pass_day_p05": false,
      "pass_all": false
    },
    {
      "lot_size": 0.4,
      "expected_dd_abs": -5630.68,
      "stress_dd_abs": -9556.552000000003,
      "worst_day_abs": -902.24,
      "daily_p05_abs": -627.3919999999999,
      "pass_expected_dd": false,
      "pass_stress_dd": false,
      "pass_worst_day": false,
      "pass_day_p05": false,
      "pass_all": false
    },
    {
      "lot_size": 0.5,
      "expected_dd_abs": -7038.35,
      "stress_dd_abs": -11945.690000000004,
      "worst_day_abs": -1127.8,
      "daily_p05_abs": -784.2399999999999,
      "pass_expected_dd": false,
      "pass_stress_dd": false,
      "pass_worst_day": false,
      "pass_day_p05": false,
      "pass_all": false
    },
    {
      "lot_size": 0.6,
      "expected_dd_abs": -8446.019999999999,
      "stress_dd_abs": -14334.828000000003,
      "worst_day_abs": -1353.36,
      "daily_p05_abs": -941.0879999999997,
      "pass_expected_dd": false,
      "pass_stress_dd": false,
      "pass_worst_day": false,
      "pass_day_p05": false,
      "pass_all": false
    },
    {
      "lot_size": 0.7,
      "expected_dd_abs": -9853.689999999999,
      "stress_dd_abs": -16723.966000000004,
      "worst_day_abs": -1578.9199999999998,
      "daily_p05_abs": -1097.9359999999997,
      "pass_expected_dd": false,
      "pass_stress_dd": false,
      "pass_worst_day": false,
      "pass_day_p05": false,
      "pass_all": false
    },
    {
      "lot_size": 0.8,
      "expected_dd_abs": -11261.36,
      "stress_dd_abs": -19113.104000000007,
      "worst_day_abs": -1804.48,
      "daily_p05_abs": -1254.7839999999999,
      "pass_expected_dd": false,
      "pass_stress_dd": false,
      "pass_worst_day": false,
      "pass_day_p05": false,
      "pass_all": false
    },
    {
      "lot_size": 0.9,
      "expected_dd_abs": -12669.03,
      "stress_dd_abs": -21502.242000000006,
      "worst_day_abs": -2030.04,
      "daily_p05_abs": -1411.6319999999998,
      "pass_expected_dd": false,
      "pass_stress_dd": false,
      "pass_worst_day": false,
      "pass_day_p05": false,
      "pass_all": false
    },
    {
      "lot_size": 1.0,
      "expected_dd_abs": -14076.7,
      "stress_dd_abs": -23891.38000000001,
      "worst_day_abs": -2255.6,
      "daily_p05_abs": -1568.4799999999998,
      "pass_expected_dd": false,
      "pass_stress_dd": false,
      "pass_worst_day": false,
      "pass_day_p05": false,
      "pass_all": false
    },
    {
      "lot_size": 1.1,
      "expected_dd_abs": -15484.37,
      "stress_dd_abs": -26280.51800000001,
      "worst_day_abs": -2481.16,
      "daily_p05_abs": -1725.3279999999997,
      "pass_expected_dd": false,
      "pass_stress_dd": false,
      "pass_worst_day": false,
      "pass_day_p05": false,
      "pass_all": false
    },
    {
      "lot_size": 1.2,
      "expected_dd_abs": -16892.039999999997,
      "stress_dd_abs": -28669.656000000006,
      "worst_day_abs": -2706.72,
      "daily_p05_abs": -1882.1759999999995,
      "pass_expected_dd": false,
      "pass_stress_dd": false,
      "pass_worst_day": false,
      "pass_day_p05": false,
      "pass_all": false
    },
    {
      "lot_size": 1.3,
      "expected_dd_abs": -18299.71,
      "stress_dd_abs": -31058.79400000001,
      "worst_day_abs": -2932.28,
      "daily_p05_abs": -2039.024,
      "pass_expected_dd": false,
      "pass_stress_dd": false,
      "pass_worst_day": false,
      "pass_day_p05": false,
      "pass_all": false
    },
    {
      "lot_size": 1.4,
      "expected_dd_abs": -19707.379999999997,
      "stress_dd_abs": -33447.93200000001,
      "worst_day_abs": -3157.8399999999997,
      "daily_p05_abs": -2195.8719999999994,
      "pass_expected_dd": false,
      "pass_stress_dd": false,
      "pass_worst_day": false,
      "pass_day_p05": false,
      "pass_all": false
    },
    {
      "lot_size": 1.5,
      "expected_dd_abs": -21115.050000000003,
      "stress_dd_abs": -35837.070000000014,
      "worst_day_abs": -3383.4,
      "daily_p05_abs": -2352.72,
      "pass_expected_dd": false,
      "pass_stress_dd": false,
      "pass_worst_day": false,
      "pass_day_p05": false,
      "pass_all": false
    },
    {
      "lot_size": 1.6,
      "expected_dd_abs": -22522.72,
      "stress_dd_abs": -38226.20800000001,
      "worst_day_abs": -3608.96,
      "daily_p05_abs": -2509.5679999999998,
      "pass_expected_dd": false,
      "pass_stress_dd": false,
      "pass_worst_day": false,
      "pass_day_p05": false,
      "pass_all": false
    },
    {
      "lot_size": 1.7,