{
  "strategy_id": "USDJPY_38_1.35.168_BUY_M15",
  "summary": {
    "strategy_id": "USDJPY_38_1.35.168_BUY_M15",
    "side_mix": null,
    "symbol_count": 1,
    "trade_count": 363,
    "baseline_lot": 0.1,
    "avg_trade_0_1": 5.408374655647382,
    "avg_loss_0_1": -27.32794871794872,
    "p05_trade_0_1": -42.277,
    "p01_trade_0_1": -49.194,
    "worst_day_0_1": -50.93,
    "p05_day_0_1": -42.461,
    "expected_dd_0_1": -271.4400000000005,
    "stress_dd_0_1": -547.086,
    "robustness_score": 0.8,
    "portfolio_fit_score": 0.7087386905432639,
    "diversification_score": 0.9173425895278458,
    "regime_dependency_score": 0.5354129371418105,
    "correlation_penalty": 0.0364974067421327,
    "allowed_expected_dd_limit_abs": 1200.0,
    "allowed_stress_dd_limit_abs": 2250.0,
    "allowed_worst_day_limit_abs": 650.0,
    "allowed_day_p05_limit_abs": 450.0,
    "recommended_lot_size": 0.3,
    "max_safe_lot_size": 0.4,
    "expected_dd_at_recommended_lot": -814.3200000000014,
    "stress_dd_at_recommended_lot": -1641.2579999999998,
    "max_loss_per_day_recommendation": -127.38299999999998,
    "recommended_risk_budget": "LOW",
    "sizing_constraints": "{\"baseline_lot\": 0.1, \"recommended_lot_size\": 0.3, \"max_safe_lot_size\": 0.4, \"lot_step\": 0.1, \"max_supported_lot\": 5.0, \"max_expected_dd_abs\": 1200.0, \"max_stress_dd_abs\": 2250.0, \"max_worst_day_abs\": 650.0, \"max_daily_p05_abs\": 450.0}"
  },
  "baseline_metrics": {
    "trade_count": 363,
    "daily_count": 362,
    "net_profit_0_1": 1963.2399999999998,
    "avg_trade_0_1": 5.408374655647382,
    "median_trade_0_1": 4.02,
    "std_trade_0_1": 36.46951696681692,
    "avg_loss_0_1": -27.32794871794872,
    "p05_trade_0_1": -42.277,
    "p01_trade_0_1": -49.194,
    "profit_factor_0_1": 1.4605128590059957,
    "historical_max_dd_0_1": -271.4400000000005,
    "mc_dd_p95_0_1": -547.086,
    "avg_day_0_1": 5.423314917127072,
    "std_day_0_1": 36.55301194990221,
    "worst_day_0_1": -50.93,
    "p05_day_0_1": -42.461
  },
  "optional_layer_metrics": {
    "robustness_score": 0.8,
    "portfolio_fit_score": 0.7087386905432639,
    "diversification_score": 0.9173425895278458,
    "correlation_penalty": 0.0364974067421327,
    "regime_dependency_score": 0.5354129371418105
  },
  "limits": {
    "stress_limit_abs": 2250.0,
    "expected_dd_limit_abs": 1200.0,
    "worst_day_limit_abs": 650.0,
    "day_p05_limit_abs": 450.0
  },
  "lot_grid_table": [
    {
      "lot_size": 0.1,
      "expected_dd_abs": -271.4400000000005,
      "stress_dd_abs": -547.086,
      "worst_day_abs": -50.93,
      "daily_p05_abs": -42.461,
      "pass_expected_dd": true,
      "pass_stress_dd": true,
      "pass_worst_day": true,
      "pass_day_p05": true,
      "pass_all": true
    },
    {
      "lot_size": 0.2,
      "expected_dd_abs": -542.880000000001,
      "stress_dd_abs": -1094.172,
      "worst_day_abs": -101.86,
      "daily_p05_abs": -84.922,
      "pass_expected_dd": true,
      "pass_stress_dd": true,
      "pass_worst_day": true,
      "pass_day_p05": true,
      "pass_all": true
    },
    {
      "lot_size": 0.3,
      "expected_dd_abs": -814.3200000000014,
      "stress_dd_abs": -1641.2579999999998,
      "worst_day_abs": -152.78999999999996,
      "daily_p05_abs": -127.38299999999998,
      "pass_expected_dd": true,
      "pass_stress_dd": true,
      "pass_worst_day": true,
      "pass_day_p05": true,
      "pass_all": true
    },
    {
      "lot_size": 0.4,
      "expected_dd_abs": -1085.760000000002,
      "stress_dd_abs": -2188.344,
      "worst_day_abs": -203.72,
      "daily_p05_abs": -169.844,
      "pass_expected_dd": true,
      "pass_stress_dd": true,
      "pass_worst_day": true,
      "pass_day_p05": true,
      "pass_all": true
    },
    {
      "lot_size": 0.5,
      "expected_dd_abs": -1357.2000000000025,
      "stress_dd_abs": -2735.4300000000003,
      "worst_day_abs": -254.65,
      "daily_p05_abs": -212.305,
      "pass_expected_dd": false,
      "pass_stress_dd": false,
      "pass_worst_day": true,
      "pass_day_p05": true,
      "pass_all": false
    },
    {
      "lot_size": 0.6,
      "expected_dd_abs": -1628.6400000000028,
      "stress_dd_abs": -3282.5159999999996,
      "worst_day_abs": -305.5799999999999,
      "daily_p05_abs": -254.76599999999996,
      "pass_expected_dd": false,
      "pass_stress_dd": false,
      "pass_worst_day": true,
      "pass_day_p05": true,
      "pass_all": false
    },
    {
      "lot_size": 0.7,
      "expected_dd_abs": -1900.0800000000033,
      "stress_dd_abs": -3829.6019999999994,
      "worst_day_abs": -356.50999999999993,
      "daily_p05_abs": -297.227,
      "pass_expected_dd": false,
      "pass_stress_dd": false,
      "pass_worst_day": true,
      "pass_day_p05": true,
      "pass_all": false
    },
    {
      "lot_size": 0.8,
      "expected_dd_abs": -2171.520000000004,
      "stress_dd_abs": -4376.688,
      "worst_day_abs": -407.44,
      "daily_p05_abs": -339.688,
      "pass_expected_dd": false,
      "pass_stress_dd": false,
      "pass_worst_day": true,
      "pass_day_p05": true,
      "pass_all": false
    },
    {
      "lot_size": 0.9,
      "expected_dd_abs": -2442.9600000000046,
      "stress_dd_abs": -4923.774,
      "worst_day_abs": -458.37,
      "daily_p05_abs": -382.149,
      "pass_expected_dd": false,
      "pass_stress_dd": false,
      "pass_worst_day": true,
      "pass_day_p05": true,
      "pass_all": false
    },
    {
      "lot_size": 1.0,
      "expected_dd_abs": -2714.400000000005,
      "stress_dd_abs": -5470.860000000001,
      "worst_day_abs": -509.3,
      "daily_p05_abs": -424.61,
      "pass_expected_dd": false,
      "pass_stress_dd": false,
      "pass_worst_day": true,
      "pass_day_p05": true,
      "pass_all": false
    },
    {
      "lot_size": 1.1,
      "expected_dd_abs": -2985.8400000000056,
      "stress_dd_abs": -6017.946,
      "worst_day_abs": -560.23,
      "daily_p05_abs": -467.07099999999997,
      "pass_expected_dd": false,
      "pass_stress_dd": false,
      "pass_worst_day": true,
      "pass_day_p05": false,
      "pass_all": false
    },
    {
      "lot_size": 1.2,
      "expected_dd_abs": -3257.2800000000057,
      "stress_dd_abs": -6565.031999999999,
      "worst_day_abs": -611.1599999999999,
      "daily_p05_abs": -509.5319999999999,
      "pass_expected_dd": false,
      "pass_stress_dd": false,
      "pass_worst_day": true,
      "pass_day_p05": false,
      "pass_all": false
    },
    {
      "lot_size": 1.3,
      "expected_dd_abs": -3528.7200000000066,
      "stress_dd_abs": -7112.118,
      "worst_day_abs": -662.09,
      "daily_p05_abs": -551.9929999999999,
      "pass_expected_dd": false,
      "pass_stress_dd": false,
      "pass_worst_day": false,
      "pass_day_p05": false,
      "pass_all": false
    },
    {
      "lot_size": 1.4,
      "expected_dd_abs": -3800.1600000000067,
      "stress_dd_abs": -7659.203999999999,
      "worst_day_abs": -713.0199999999999,
      "daily_p05_abs": -594.454,
      "pass_expected_dd": false,
      "pass_stress_dd": false,
      "pass_worst_day": false,
      "pass_day_p05": false,
      "pass_all": false
    },
    {
      "lot_size": 1.5,
      "expected_dd_abs": -4071.6000000000076,
      "stress_dd_abs": -8206.29,
      "worst_day_abs": -763.95,
      "daily_p05_abs": -636.915,
      "pass_expected_dd": false,
      "pass_stress_dd": false,
      "pass_worst_day": false,
      "pass_day_p05": false,
      "pass_all": false
    },
    {
      "lot_size": 1.6,
      "expected_dd_abs": -4343.040000000008,
      "stress_dd_abs": -8753.376,
      "worst_day_abs": -814.88,
      "daily_p05_abs": -679.376,
      "pass_expected_dd": false,
      "pass_stress_dd": false,
      "pass_worst_day": false,
      "pass_day_p05": false,
      "pass_all": false
    },
    {
      "lot_size": 1.7,
      "expected_dd_abs": -4614.480000000009,
      "stress_dd_abs": -9300.462,
      "worst_day_abs": -865.81,