{
  "strategy_id": "USDJPY_40_2.4.138_BUY_M15",
  "summary": {
    "strategy_id": "USDJPY_40_2.4.138_BUY_M15",
    "side_mix": "BUY",
    "symbol_count": 1,
    "trade_count": 585,
    "baseline_lot": 0.1,
    "avg_trade_0_1": 4.658136752136753,
    "avg_loss_0_1": -29.02750889679715,
    "p05_trade_0_1": -38.516000000000005,
    "p01_trade_0_1": -45.2932,
    "worst_day_0_1": -46.75,
    "p05_day_0_1": -38.574,
    "expected_dd_0_1": -438.38000000000034,
    "stress_dd_0_1": -699.1605000000014,
    "robustness_score": 0.8,
    "portfolio_fit_score": 0.701643198837584,
    "diversification_score": 0.9031411266644312,
    "regime_dependency_score": 0.5371322374996,
    "correlation_penalty": 0.0744902386189917,
    "allowed_expected_dd_limit_abs": 1200.0,
    "allowed_stress_dd_limit_abs": 2250.0,
    "allowed_worst_day_limit_abs": 650.0,
    "allowed_day_p05_limit_abs": 450.0,
    "recommended_lot_size": 0.1,
    "max_safe_lot_size": 0.2,
    "expected_dd_at_recommended_lot": -438.38000000000034,
    "stress_dd_at_recommended_lot": -699.1605000000014,
    "max_loss_per_day_recommendation": -38.574,
    "recommended_risk_budget": "VERY_LOW",
    "sizing_constraints": "{\"baseline_lot\": 0.1, \"recommended_lot_size\": 0.1, \"max_safe_lot_size\": 0.2, \"lot_step\": 0.1, \"max_supported_lot\": 5.0, \"max_expected_dd_abs\": 1200.0, \"max_stress_dd_abs\": 2250.0, \"max_worst_day_abs\": 650.0, \"max_daily_p05_abs\": 450.0}"
  },
  "baseline_metrics": {
    "trade_count": 585,
    "daily_count": 583,
    "net_profit_0_1": 2725.01,
    "avg_trade_0_1": 4.658136752136753,
    "median_trade_0_1": 2.63,
    "std_trade_0_1": 37.006509018107806,
    "avg_loss_0_1": -29.02750889679715,
    "p05_trade_0_1": -38.516000000000005,
    "p01_trade_0_1": -45.2932,
    "profit_factor_0_1": 1.3340811820423135,
    "historical_max_dd_0_1": -438.38000000000034,
    "mc_dd_p95_0_1": -699.1605000000014,
    "avg_day_0_1": 4.674116638078902,
    "std_day_0_1": 37.070315884733596,
    "worst_day_0_1": -46.75,
    "p05_day_0_1": -38.574
  },
  "optional_layer_metrics": {
    "robustness_score": 0.8,
    "portfolio_fit_score": 0.701643198837584,
    "diversification_score": 0.9031411266644312,
    "correlation_penalty": 0.0744902386189917,
    "regime_dependency_score": 0.5371322374996
  },
  "limits": {
    "stress_limit_abs": 2250.0,
    "expected_dd_limit_abs": 1200.0,
    "worst_day_limit_abs": 650.0,
    "day_p05_limit_abs": 450.0
  },
  "lot_grid_table": [
    {
      "lot_size": 0.1,
      "expected_dd_abs": -438.38000000000034,
      "stress_dd_abs": -699.1605000000014,
      "worst_day_abs": -46.75,
      "daily_p05_abs": -38.574,
      "pass_expected_dd": true,
      "pass_stress_dd": true,
      "pass_worst_day": true,
      "pass_day_p05": true,
      "pass_all": true
    },
    {
      "lot_size": 0.2,
      "expected_dd_abs": -876.7600000000007,
      "stress_dd_abs": -1398.3210000000029,
      "worst_day_abs": -93.5,
      "daily_p05_abs": -77.148,
      "pass_expected_dd": true,
      "pass_stress_dd": true,
      "pass_worst_day": true,
      "pass_day_p05": true,
      "pass_all": true
    },
    {
      "lot_size": 0.3,
      "expected_dd_abs": -1315.1400000000008,
      "stress_dd_abs": -2097.481500000004,
      "worst_day_abs": -140.24999999999997,
      "daily_p05_abs": -115.72199999999998,
      "pass_expected_dd": false,
      "pass_stress_dd": true,
      "pass_worst_day": true,
      "pass_day_p05": true,
      "pass_all": false
    },
    {
      "lot_size": 0.4,
      "expected_dd_abs": -1753.5200000000013,
      "stress_dd_abs": -2796.6420000000057,
      "worst_day_abs": -187.0,
      "daily_p05_abs": -154.296,
      "pass_expected_dd": false,
      "pass_stress_dd": false,
      "pass_worst_day": true,
      "pass_day_p05": true,
      "pass_all": false
    },
    {
      "lot_size": 0.5,
      "expected_dd_abs": -2191.9000000000015,
      "stress_dd_abs": -3495.802500000007,
      "worst_day_abs": -233.75,
      "daily_p05_abs": -192.87,
      "pass_expected_dd": false,
      "pass_stress_dd": false,
      "pass_worst_day": true,
      "pass_day_p05": true,
      "pass_all": false
    },
    {
      "lot_size": 0.6,
      "expected_dd_abs": -2630.2800000000016,
      "stress_dd_abs": -4194.963000000008,
      "worst_day_abs": -280.49999999999994,
      "daily_p05_abs": -231.44399999999996,
      "pass_expected_dd": false,
      "pass_stress_dd": false,
      "pass_worst_day": true,
      "pass_day_p05": true,
      "pass_all": false
    },
    {
      "lot_size": 0.7,
      "expected_dd_abs": -3068.660000000002,
      "stress_dd_abs": -4894.12350000001,
      "worst_day_abs": -327.24999999999994,
      "daily_p05_abs": -270.018,
      "pass_expected_dd": false,
      "pass_stress_dd": false,
      "pass_worst_day": true,
      "pass_day_p05": true,
      "pass_all": false
    },
    {
      "lot_size": 0.8,
      "expected_dd_abs": -3507.0400000000027,
      "stress_dd_abs": -5593.2840000000115,
      "worst_day_abs": -374.0,
      "daily_p05_abs": -308.592,
      "pass_expected_dd": false,
      "pass_stress_dd": false,
      "pass_worst_day": true,
      "pass_day_p05": true,
      "pass_all": false
    },
    {
      "lot_size": 0.9,
      "expected_dd_abs": -3945.420000000003,
      "stress_dd_abs": -6292.444500000013,
      "worst_day_abs": -420.75,
      "daily_p05_abs": -347.166,
      "pass_expected_dd": false,
      "pass_stress_dd": false,
      "pass_worst_day": true,
      "pass_day_p05": true,
      "pass_all": false
    },
    {
      "lot_size": 1.0,
      "expected_dd_abs": -4383.800000000003,
      "stress_dd_abs": -6991.605000000014,
      "worst_day_abs": -467.5,
      "daily_p05_abs": -385.74,
      "pass_expected_dd": false,
      "pass_stress_dd": false,
      "pass_worst_day": true,
      "pass_day_p05": true,
      "pass_all": false
    },
    {
      "lot_size": 1.1,
      "expected_dd_abs": -4822.180000000004,
      "stress_dd_abs": -7690.765500000016,
      "worst_day_abs": -514.25,
      "daily_p05_abs": -424.31399999999996,
      "pass_expected_dd": false,
      "pass_stress_dd": false,
      "pass_worst_day": true,
      "pass_day_p05": true,
      "pass_all": false
    },
    {
      "lot_size": 1.2,
      "expected_dd_abs": -5260.560000000003,
      "stress_dd_abs": -8389.926000000016,
      "worst_day_abs": -560.9999999999999,
      "daily_p05_abs": -462.8879999999999,
      "pass_expected_dd": false,
      "pass_stress_dd": false,
      "pass_worst_day": true,
      "pass_day_p05": false,
      "pass_all": false
    },
    {
      "lot_size": 1.3,
      "expected_dd_abs": -5698.940000000004,
      "stress_dd_abs": -9089.08650000002,
      "worst_day_abs": -607.75,
      "daily_p05_abs": -501.462,
      "pass_expected_dd": false,
      "pass_stress_dd": false,
      "pass_worst_day": true,
      "pass_day_p05": false,
      "pass_all": false
    },
    {
      "lot_size": 1.4,
      "expected_dd_abs": -6137.320000000004,
      "stress_dd_abs": -9788.24700000002,
      "worst_day_abs": -654.4999999999999,
      "daily_p05_abs": -540.036,
      "pass_expected_dd": false,
      "pass_stress_dd": false,
      "pass_worst_day": false,
      "pass_day_p05": false,
      "pass_all": false
    },
    {
      "lot_size": 1.5,
      "expected_dd_abs": -6575.700000000005,
      "stress_dd_abs": -10487.407500000021,
      "worst_day_abs": -701.25,
      "daily_p05_abs": -578.61,
      "pass_expected_dd": false,
      "pass_stress_dd": false,
      "pass_worst_day": false,
      "pass_day_p05": false,
      "pass_all": false
    },
    {
      "lot_size": 1.6,
      "expected_dd_abs": -7014.080000000005,
      "stress_dd_abs": -11186.568000000023,
      "worst_day_abs": -748.0,
      "daily_p05_abs": -617.184,
      "pass_expected_dd": false,
      "pass_stress_dd": false,
      "pass_worst_day": false,
      "pass_day_p05": false,
      "pass_all": false
    },
    {
      "lot_size": 1.7,