{
  "strategy_id": "USOIL.cash_43_5.11.112_BUY_M15",
  "summary": {
    "strategy_id": "USOIL.cash_43_5.11.112_BUY_M15",
    "side_mix": null,
    "symbol_count": 1,
    "trade_count": 547,
    "baseline_lot": 0.1,
    "avg_trade_0_1": 0.4420840950639854,
    "avg_loss_0_1": -5.198536585365853,
    "p05_trade_0_1": -5.3,
    "p01_trade_0_1": -5.3,
    "worst_day_0_1": -5.3,
    "p05_day_0_1": -5.3,
    "expected_dd_0_1": -112.3700000000004,
    "stress_dd_0_1": -170.98100000000062,
    "robustness_score": 0.6000000000000001,
    "portfolio_fit_score": 0.7199396005249354,
    "diversification_score": 0.9396548615459832,
    "regime_dependency_score": 0.5266156330741277,
    "correlation_penalty": 0.0099107883349777,
    "allowed_expected_dd_limit_abs": 1020.0,
    "allowed_stress_dd_limit_abs": 1912.5,
    "allowed_worst_day_limit_abs": 650.0,
    "allowed_day_p05_limit_abs": 450.0,
    "recommended_lot_size": 0.8,
    "max_safe_lot_size": 0.9,
    "expected_dd_at_recommended_lot": -898.9600000000032,
    "stress_dd_at_recommended_lot": -1367.848000000005,
    "max_loss_per_day_recommendation": -42.4,
    "recommended_risk_budget": "MEDIUM",
    "sizing_constraints": "{\"baseline_lot\": 0.1, \"recommended_lot_size\": 0.8, \"max_safe_lot_size\": 0.9, \"lot_step\": 0.1, \"max_supported_lot\": 5.0, \"max_expected_dd_abs\": 1020.0, \"max_stress_dd_abs\": 1912.5, \"max_worst_day_abs\": 650.0, \"max_daily_p05_abs\": 450.0}"
  },
  "baseline_metrics": {
    "trade_count": 547,
    "daily_count": 546,
    "net_profit_0_1": 241.82,
    "avg_trade_0_1": 0.4420840950639854,
    "median_trade_0_1": -5.3,
    "std_trade_0_1": 7.071592919408151,
    "avg_loss_0_1": -5.198536585365853,
    "p05_trade_0_1": -5.3,
    "p01_trade_0_1": -5.3,
    "profit_factor_0_1": 1.141819930562072,
    "historical_max_dd_0_1": -112.3700000000004,
    "mc_dd_p95_0_1": -170.98100000000062,
    "avg_day_0_1": 0.44289377289377285,
    "std_day_0_1": 7.069611284986268,
    "worst_day_0_1": -5.3,
    "p05_day_0_1": -5.3
  },
  "optional_layer_metrics": {
    "robustness_score": 0.6000000000000001,
    "portfolio_fit_score": 0.7199396005249354,
    "diversification_score": 0.9396548615459832,
    "correlation_penalty": 0.0099107883349777,
    "regime_dependency_score": 0.5266156330741277
  },
  "limits": {
    "stress_limit_abs": 1912.5,
    "expected_dd_limit_abs": 1020.0,
    "worst_day_limit_abs": 650.0,
    "day_p05_limit_abs": 450.0
  },
  "lot_grid_table": [
    {
      "lot_size": 0.1,
      "expected_dd_abs": -112.3700000000004,
      "stress_dd_abs": -170.98100000000062,
      "worst_day_abs": -5.3,
      "daily_p05_abs": -5.3,
      "pass_expected_dd": true,
      "pass_stress_dd": true,
      "pass_worst_day": true,
      "pass_day_p05": true,
      "pass_all": true
    },
    {
      "lot_size": 0.2,
      "expected_dd_abs": -224.7400000000008,
      "stress_dd_abs": -341.96200000000124,
      "worst_day_abs": -10.6,
      "daily_p05_abs": -10.6,
      "pass_expected_dd": true,
      "pass_stress_dd": true,
      "pass_worst_day": true,
      "pass_day_p05": true,
      "pass_all": true
    },
    {
      "lot_size": 0.3,
      "expected_dd_abs": -337.11000000000115,
      "stress_dd_abs": -512.9430000000018,
      "worst_day_abs": -15.899999999999997,
      "daily_p05_abs": -15.899999999999997,
      "pass_expected_dd": true,
      "pass_stress_dd": true,
      "pass_worst_day": true,
      "pass_day_p05": true,
      "pass_all": true
    },
    {
      "lot_size": 0.4,
      "expected_dd_abs": -449.4800000000016,
      "stress_dd_abs": -683.9240000000025,
      "worst_day_abs": -21.2,
      "daily_p05_abs": -21.2,
      "pass_expected_dd": true,
      "pass_stress_dd": true,
      "pass_worst_day": true,
      "pass_day_p05": true,
      "pass_all": true
    },
    {
      "lot_size": 0.5,
      "expected_dd_abs": -561.850000000002,
      "stress_dd_abs": -854.9050000000032,
      "worst_day_abs": -26.5,
      "daily_p05_abs": -26.5,
      "pass_expected_dd": true,
      "pass_stress_dd": true,
      "pass_worst_day": true,
      "pass_day_p05": true,
      "pass_all": true
    },
    {
      "lot_size": 0.6,
      "expected_dd_abs": -674.2200000000023,
      "stress_dd_abs": -1025.8860000000036,
      "worst_day_abs": -31.799999999999994,
      "daily_p05_abs": -31.799999999999994,
      "pass_expected_dd": true,
      "pass_stress_dd": true,
      "pass_worst_day": true,
      "pass_day_p05": true,
      "pass_all": true
    },
    {
      "lot_size": 0.7,
      "expected_dd_abs": -786.5900000000028,
      "stress_dd_abs": -1196.8670000000043,
      "worst_day_abs": -37.099999999999994,
      "daily_p05_abs": -37.099999999999994,
      "pass_expected_dd": true,
      "pass_stress_dd": true,
      "pass_worst_day": true,
      "pass_day_p05": true,
      "pass_all": true
    },
    {
      "lot_size": 0.8,
      "expected_dd_abs": -898.9600000000032,
      "stress_dd_abs": -1367.848000000005,
      "worst_day_abs": -42.4,
      "daily_p05_abs": -42.4,
      "pass_expected_dd": true,
      "pass_stress_dd": true,
      "pass_worst_day": true,
      "pass_day_p05": true,
      "pass_all": true
    },
    {
      "lot_size": 0.9,
      "expected_dd_abs": -1011.3300000000036,
      "stress_dd_abs": -1538.8290000000056,
      "worst_day_abs": -47.699999999999996,
      "daily_p05_abs": -47.699999999999996,
      "pass_expected_dd": true,
      "pass_stress_dd": true,
      "pass_worst_day": true,
      "pass_day_p05": true,
      "pass_all": true
    },
    {
      "lot_size": 1.0,
      "expected_dd_abs": -1123.700000000004,
      "stress_dd_abs": -1709.8100000000063,
      "worst_day_abs": -53.0,
      "daily_p05_abs": -53.0,
      "pass_expected_dd": false,
      "pass_stress_dd": true,
      "pass_worst_day": true,
      "pass_day_p05": true,
      "pass_all": false
    },
    {
      "lot_size": 1.1,
      "expected_dd_abs": -1236.0700000000045,
      "stress_dd_abs": -1880.7910000000068,
      "worst_day_abs": -58.3,
      "daily_p05_abs": -58.3,
      "pass_expected_dd": false,
      "pass_stress_dd": true,
      "pass_worst_day": true,
      "pass_day_p05": true,
      "pass_all": false
    },
    {
      "lot_size": 1.2,
      "expected_dd_abs": -1348.4400000000046,
      "stress_dd_abs": -2051.772000000007,
      "worst_day_abs": -63.59999999999999,
      "daily_p05_abs": -63.59999999999999,
      "pass_expected_dd": false,
      "pass_stress_dd": false,
      "pass_worst_day": true,
      "pass_day_p05": true,
      "pass_all": false
    },
    {
      "lot_size": 1.3,
      "expected_dd_abs": -1460.8100000000052,
      "stress_dd_abs": -2222.753000000008,
      "worst_day_abs": -68.89999999999999,
      "daily_p05_abs": -68.89999999999999,
      "pass_expected_dd": false,
      "pass_stress_dd": false,
      "pass_worst_day": true,
      "pass_day_p05": true,
      "pass_all": false
    },
    {
      "lot_size": 1.4,
      "expected_dd_abs": -1573.1800000000055,
      "stress_dd_abs": -2393.7340000000086,
      "worst_day_abs": -74.19999999999999,
      "daily_p05_abs": -74.19999999999999,
      "pass_expected_dd": false,
      "pass_stress_dd": false,
      "pass_worst_day": true,
      "pass_day_p05": true,
      "pass_all": false
    },
    {
      "lot_size": 1.5,
      "expected_dd_abs": -1685.550000000006,
      "stress_dd_abs": -2564.7150000000092,
      "worst_day_abs": -79.5,
      "daily_p05_abs": -79.5,
      "pass_expected_dd": false,
      "pass_stress_dd": false,
      "pass_worst_day": true,
      "pass_day_p05": true,
      "pass_all": false
    },
    {
      "lot_size": 1.6,
      "expected_dd_abs": -1797.9200000000064,
      "stress_dd_abs": -2735.69600000001,
      "worst_day_abs": -84.8,
      "daily_p05_abs": -84.8,
      "pass_expected_dd": false,
      "pass_stress_dd": false,
      "pass_worst_day": true,
      "pass_day_p05": true,
      "pass_all": false
    },
    {
      "lot_size": 1.7,
      "expected_dd_abs": -1910.2900000000068,