{
  "strategy_id": "USOIL.cash_44_6.17.127_BUY_M15",
  "summary": {
    "strategy_id": "USOIL.cash_44_6.17.127_BUY_M15",
    "side_mix": null,
    "symbol_count": 1,
    "trade_count": 689,
    "baseline_lot": 0.1,
    "avg_trade_0_1": 0.5582728592162554,
    "avg_loss_0_1": -6.134789644012946,
    "p05_trade_0_1": -6.25,
    "p01_trade_0_1": -6.25,
    "worst_day_0_1": -6.73,
    "p05_day_0_1": -6.25,
    "expected_dd_0_1": -84.39999999999975,
    "stress_dd_0_1": -149.4270000000002,
    "robustness_score": 1.0,
    "portfolio_fit_score": 0.7166858881044984,
    "diversification_score": 0.9331814641023696,
    "regime_dependency_score": 0.39319770922752517,
    "correlation_penalty": 0.0127059364311839,
    "allowed_expected_dd_limit_abs": 1200.0,
    "allowed_stress_dd_limit_abs": 2500.0,
    "allowed_worst_day_limit_abs": 650.0,
    "allowed_day_p05_limit_abs": 450.0,
    "recommended_lot_size": 1.3,
    "max_safe_lot_size": 1.4,
    "expected_dd_at_recommended_lot": -1097.1999999999966,
    "stress_dd_at_recommended_lot": -1942.5510000000024,
    "max_loss_per_day_recommendation": -81.25,
    "recommended_risk_budget": "MEDIUM",
    "sizing_constraints": "{\"baseline_lot\": 0.1, \"recommended_lot_size\": 1.3, \"max_safe_lot_size\": 1.4, \"lot_step\": 0.1, \"max_supported_lot\": 5.0, \"max_expected_dd_abs\": 1200.0, \"max_stress_dd_abs\": 2500.0, \"max_worst_day_abs\": 650.0, \"max_daily_p05_abs\": 450.0}"
  },
  "baseline_metrics": {
    "trade_count": 689,
    "daily_count": 687,
    "net_profit_0_1": 384.6499999999999,
    "avg_trade_0_1": 0.5582728592162554,
    "median_trade_0_1": 6.35,
    "std_trade_0_1": 6.130857361216225,
    "avg_loss_0_1": -6.134789644012946,
    "p05_trade_0_1": -6.25,
    "p01_trade_0_1": -6.25,
    "profit_factor_0_1": 1.2029119299448738,
    "historical_max_dd_0_1": -84.39999999999975,
    "mc_dd_p95_0_1": -149.4270000000002,
    "avg_day_0_1": 0.5598981077147015,
    "std_day_0_1": 6.139224043435133,
    "worst_day_0_1": -6.73,
    "p05_day_0_1": -6.25
  },
  "optional_layer_metrics": {
    "robustness_score": 1.0,
    "portfolio_fit_score": 0.7166858881044984,
    "diversification_score": 0.9331814641023696,
    "correlation_penalty": 0.0127059364311839,
    "regime_dependency_score": 0.39319770922752517
  },
  "limits": {
    "stress_limit_abs": 2500.0,
    "expected_dd_limit_abs": 1200.0,
    "worst_day_limit_abs": 650.0,
    "day_p05_limit_abs": 450.0
  },
  "lot_grid_table": [
    {
      "lot_size": 0.1,
      "expected_dd_abs": -84.39999999999975,
      "stress_dd_abs": -149.4270000000002,
      "worst_day_abs": -6.73,
      "daily_p05_abs": -6.25,
      "pass_expected_dd": true,
      "pass_stress_dd": true,
      "pass_worst_day": true,
      "pass_day_p05": true,
      "pass_all": true
    },
    {
      "lot_size": 0.2,
      "expected_dd_abs": -168.7999999999995,
      "stress_dd_abs": -298.8540000000004,
      "worst_day_abs": -13.46,
      "daily_p05_abs": -12.5,
      "pass_expected_dd": true,
      "pass_stress_dd": true,
      "pass_worst_day": true,
      "pass_day_p05": true,
      "pass_all": true
    },
    {
      "lot_size": 0.3,
      "expected_dd_abs": -253.19999999999922,
      "stress_dd_abs": -448.2810000000005,
      "worst_day_abs": -20.189999999999998,
      "daily_p05_abs": -18.749999999999996,
      "pass_expected_dd": true,
      "pass_stress_dd": true,
      "pass_worst_day": true,
      "pass_day_p05": true,
      "pass_all": true
    },
    {
      "lot_size": 0.4,
      "expected_dd_abs": -337.599999999999,
      "stress_dd_abs": -597.7080000000008,
      "worst_day_abs": -26.92,
      "daily_p05_abs": -25.0,
      "pass_expected_dd": true,
      "pass_stress_dd": true,
      "pass_worst_day": true,
      "pass_day_p05": true,
      "pass_all": true
    },
    {
      "lot_size": 0.5,
      "expected_dd_abs": -421.99999999999875,
      "stress_dd_abs": -747.1350000000009,
      "worst_day_abs": -33.650000000000006,
      "daily_p05_abs": -31.25,
      "pass_expected_dd": true,
      "pass_stress_dd": true,
      "pass_worst_day": true,
      "pass_day_p05": true,
      "pass_all": true
    },
    {
      "lot_size": 0.6,
      "expected_dd_abs": -506.39999999999844,
      "stress_dd_abs": -896.562000000001,
      "worst_day_abs": -40.379999999999995,
      "daily_p05_abs": -37.49999999999999,
      "pass_expected_dd": true,
      "pass_stress_dd": true,
      "pass_worst_day": true,
      "pass_day_p05": true,
      "pass_all": true
    },
    {
      "lot_size": 0.7,
      "expected_dd_abs": -590.7999999999981,
      "stress_dd_abs": -1045.9890000000012,
      "worst_day_abs": -47.11,
      "daily_p05_abs": -43.74999999999999,
      "pass_expected_dd": true,
      "pass_stress_dd": true,
      "pass_worst_day": true,
      "pass_day_p05": true,
      "pass_all": true
    },
    {
      "lot_size": 0.8,
      "expected_dd_abs": -675.199999999998,
      "stress_dd_abs": -1195.4160000000015,
      "worst_day_abs": -53.84,
      "daily_p05_abs": -50.0,
      "pass_expected_dd": true,
      "pass_stress_dd": true,
      "pass_worst_day": true,
      "pass_day_p05": true,
      "pass_all": true
    },
    {
      "lot_size": 0.9,
      "expected_dd_abs": -759.5999999999977,
      "stress_dd_abs": -1344.8430000000017,
      "worst_day_abs": -60.57000000000001,
      "daily_p05_abs": -56.25,
      "pass_expected_dd": true,
      "pass_stress_dd": true,
      "pass_worst_day": true,
      "pass_day_p05": true,
      "pass_all": true
    },
    {
      "lot_size": 1.0,
      "expected_dd_abs": -843.9999999999975,
      "stress_dd_abs": -1494.2700000000018,
      "worst_day_abs": -67.30000000000001,
      "daily_p05_abs": -62.5,
      "pass_expected_dd": true,
      "pass_stress_dd": true,
      "pass_worst_day": true,
      "pass_day_p05": true,
      "pass_all": true
    },
    {
      "lot_size": 1.1,
      "expected_dd_abs": -928.3999999999972,
      "stress_dd_abs": -1643.6970000000022,
      "worst_day_abs": -74.03,
      "daily_p05_abs": -68.75,
      "pass_expected_dd": true,
      "pass_stress_dd": true,
      "pass_worst_day": true,
      "pass_day_p05": true,
      "pass_all": true
    },
    {
      "lot_size": 1.2,
      "expected_dd_abs": -1012.7999999999969,
      "stress_dd_abs": -1793.124000000002,
      "worst_day_abs": -80.75999999999999,
      "daily_p05_abs": -74.99999999999999,
      "pass_expected_dd": true,
      "pass_stress_dd": true,
      "pass_worst_day": true,
      "pass_day_p05": true,
      "pass_all": true
    },
    {
      "lot_size": 1.3,
      "expected_dd_abs": -1097.1999999999966,
      "stress_dd_abs": -1942.5510000000024,
      "worst_day_abs": -87.49000000000001,
      "daily_p05_abs": -81.25,
      "pass_expected_dd": true,
      "pass_stress_dd": true,
      "pass_worst_day": true,
      "pass_day_p05": true,
      "pass_all": true
    },
    {
      "lot_size": 1.4,
      "expected_dd_abs": -1181.5999999999963,
      "stress_dd_abs": -2091.9780000000023,
      "worst_day_abs": -94.22,
      "daily_p05_abs": -87.49999999999999,
      "pass_expected_dd": true,
      "pass_stress_dd": true,
      "pass_worst_day": true,
      "pass_day_p05": true,
      "pass_all": true
    },
    {
      "lot_size": 1.5,
      "expected_dd_abs": -1265.9999999999964,
      "stress_dd_abs": -2241.405000000003,
      "worst_day_abs": -100.95,
      "daily_p05_abs": -93.75,
      "pass_expected_dd": false,
      "pass_stress_dd": true,
      "pass_worst_day": true,
      "pass_day_p05": true,
      "pass_all": false
    },
    {
      "lot_size": 1.6,
      "expected_dd_abs": -1350.399999999996,
      "stress_dd_abs": -2390.832000000003,
      "worst_day_abs": -107.68,
      "daily_p05_abs": -100.0,
      "pass_expected_dd": false,
      "pass_stress_dd": true,
      "pass_worst_day": true,
      "pass_day_p05": true,
      "pass_all": false
    },
    {
      "lot_size": 1.7,
      "expected_dd_abs": -1434.7999999999956,