{
  "strategy_id": "USOIL.cash_42_1.25.121_BUY_M15",
  "summary": {
    "strategy_id": "USOIL.cash_42_1.25.121_BUY_M15",
    "side_mix": null,
    "symbol_count": 1,
    "trade_count": 837,
    "baseline_lot": 0.1,
    "avg_trade_0_1": 0.5526642771804061,
    "avg_loss_0_1": -7.524113924050632,
    "p05_trade_0_1": -11.494,
    "p01_trade_0_1": -19.0164,
    "worst_day_0_1": -34.17,
    "p05_day_0_1": -11.524,
    "expected_dd_0_1": -121.13000000000005,
    "stress_dd_0_1": -200.17250000000018,
    "robustness_score": 0.8,
    "portfolio_fit_score": 0.7221433332898667,
    "diversification_score": 0.9440901900895444,
    "regime_dependency_score": 0.5277409163026757,
    "correlation_penalty": 0.0291454765546349,
    "allowed_expected_dd_limit_abs": 1200.0,
    "allowed_stress_dd_limit_abs": 2250.0,
    "allowed_worst_day_limit_abs": 650.0,
    "allowed_day_p05_limit_abs": 450.0,
    "recommended_lot_size": 0.8,
    "max_safe_lot_size": 0.9,
    "expected_dd_at_recommended_lot": -969.0400000000004,
    "stress_dd_at_recommended_lot": -1601.3800000000015,
    "max_loss_per_day_recommendation": -92.192,
    "recommended_risk_budget": "MEDIUM",
    "sizing_constraints": "{\"baseline_lot\": 0.1, \"recommended_lot_size\": 0.8, \"max_safe_lot_size\": 0.9, \"lot_step\": 0.1, \"max_supported_lot\": 5.0, \"max_expected_dd_abs\": 1200.0, \"max_stress_dd_abs\": 2250.0, \"max_worst_day_abs\": 650.0, \"max_daily_p05_abs\": 450.0}"
  },
  "baseline_metrics": {
    "trade_count": 837,
    "daily_count": 832,
    "net_profit_0_1": 462.5799999999999,
    "avg_trade_0_1": 0.5526642771804061,
    "median_trade_0_1": 5.5,
    "std_trade_0_1": 7.002090969202208,
    "avg_loss_0_1": -7.524113924050632,
    "p05_trade_0_1": -11.494,
    "p01_trade_0_1": -19.0164,
    "profit_factor_0_1": 1.1945559004382533,
    "historical_max_dd_0_1": -121.13000000000005,
    "mc_dd_p95_0_1": -200.17250000000018,
    "avg_day_0_1": 0.5559855769230769,
    "std_day_0_1": 7.021585559454844,
    "worst_day_0_1": -34.17,
    "p05_day_0_1": -11.524
  },
  "optional_layer_metrics": {
    "robustness_score": 0.8,
    "portfolio_fit_score": 0.7221433332898667,
    "diversification_score": 0.9440901900895444,
    "correlation_penalty": 0.0291454765546349,
    "regime_dependency_score": 0.5277409163026757
  },
  "limits": {
    "stress_limit_abs": 2250.0,
    "expected_dd_limit_abs": 1200.0,
    "worst_day_limit_abs": 650.0,
    "day_p05_limit_abs": 450.0
  },
  "lot_grid_table": [
    {
      "lot_size": 0.1,
      "expected_dd_abs": -121.13000000000005,
      "stress_dd_abs": -200.17250000000018,
      "worst_day_abs": -34.17,
      "daily_p05_abs": -11.524,
      "pass_expected_dd": true,
      "pass_stress_dd": true,
      "pass_worst_day": true,
      "pass_day_p05": true,
      "pass_all": true
    },
    {
      "lot_size": 0.2,
      "expected_dd_abs": -242.2600000000001,
      "stress_dd_abs": -400.34500000000037,
      "worst_day_abs": -68.34,
      "daily_p05_abs": -23.048,
      "pass_expected_dd": true,
      "pass_stress_dd": true,
      "pass_worst_day": true,
      "pass_day_p05": true,
      "pass_all": true
    },
    {
      "lot_size": 0.3,
      "expected_dd_abs": -363.3900000000001,
      "stress_dd_abs": -600.5175000000005,
      "worst_day_abs": -102.50999999999999,
      "daily_p05_abs": -34.571999999999996,
      "pass_expected_dd": true,
      "pass_stress_dd": true,
      "pass_worst_day": true,
      "pass_day_p05": true,
      "pass_all": true
    },
    {
      "lot_size": 0.4,
      "expected_dd_abs": -484.5200000000002,
      "stress_dd_abs": -800.6900000000007,
      "worst_day_abs": -136.68,
      "daily_p05_abs": -46.096,
      "pass_expected_dd": true,
      "pass_stress_dd": true,
      "pass_worst_day": true,
      "pass_day_p05": true,
      "pass_all": true
    },
    {
      "lot_size": 0.5,
      "expected_dd_abs": -605.6500000000003,
      "stress_dd_abs": -1000.8625000000009,
      "worst_day_abs": -170.85000000000002,
      "daily_p05_abs": -57.62,
      "pass_expected_dd": true,
      "pass_stress_dd": true,
      "pass_worst_day": true,
      "pass_day_p05": true,
      "pass_all": true
    },
    {
      "lot_size": 0.6,
      "expected_dd_abs": -726.7800000000002,
      "stress_dd_abs": -1201.035000000001,
      "worst_day_abs": -205.01999999999998,
      "daily_p05_abs": -69.14399999999999,
      "pass_expected_dd": true,
      "pass_stress_dd": true,
      "pass_worst_day": true,
      "pass_day_p05": true,
      "pass_all": true
    },
    {
      "lot_size": 0.7,
      "expected_dd_abs": -847.9100000000003,
      "stress_dd_abs": -1401.2075000000011,
      "worst_day_abs": -239.18999999999997,
      "daily_p05_abs": -80.66799999999998,
      "pass_expected_dd": true,
      "pass_stress_dd": true,
      "pass_worst_day": true,
      "pass_day_p05": true,
      "pass_all": true
    },
    {
      "lot_size": 0.8,
      "expected_dd_abs": -969.0400000000004,
      "stress_dd_abs": -1601.3800000000015,
      "worst_day_abs": -273.36,
      "daily_p05_abs": -92.192,
      "pass_expected_dd": true,
      "pass_stress_dd": true,
      "pass_worst_day": true,
      "pass_day_p05": true,
      "pass_all": true
    },
    {
      "lot_size": 0.9,
      "expected_dd_abs": -1090.1700000000005,
      "stress_dd_abs": -1801.5525000000016,
      "worst_day_abs": -307.53000000000003,
      "daily_p05_abs": -103.716,
      "pass_expected_dd": true,
      "pass_stress_dd": true,
      "pass_worst_day": true,
      "pass_day_p05": true,
      "pass_all": true
    },
    {
      "lot_size": 1.0,
      "expected_dd_abs": -1211.3000000000006,
      "stress_dd_abs": -2001.7250000000017,
      "worst_day_abs": -341.70000000000005,
      "daily_p05_abs": -115.24,
      "pass_expected_dd": false,
      "pass_stress_dd": true,
      "pass_worst_day": true,
      "pass_day_p05": true,
      "pass_all": false
    },
    {
      "lot_size": 1.1,
      "expected_dd_abs": -1332.4300000000005,
      "stress_dd_abs": -2201.897500000002,
      "worst_day_abs": -375.87,
      "daily_p05_abs": -126.764,
      "pass_expected_dd": false,
      "pass_stress_dd": true,
      "pass_worst_day": true,
      "pass_day_p05": true,
      "pass_all": false
    },
    {
      "lot_size": 1.2,
      "expected_dd_abs": -1453.5600000000004,
      "stress_dd_abs": -2402.070000000002,
      "worst_day_abs": -410.03999999999996,
      "daily_p05_abs": -138.28799999999998,
      "pass_expected_dd": false,
      "pass_stress_dd": false,
      "pass_worst_day": true,
      "pass_day_p05": true,
      "pass_all": false
    },
    {
      "lot_size": 1.3,
      "expected_dd_abs": -1574.6900000000007,
      "stress_dd_abs": -2602.2425000000026,
      "worst_day_abs": -444.21000000000004,
      "daily_p05_abs": -149.81199999999998,
      "pass_expected_dd": false,
      "pass_stress_dd": false,
      "pass_worst_day": true,
      "pass_day_p05": true,
      "pass_all": false
    },
    {
      "lot_size": 1.4,
      "expected_dd_abs": -1695.8200000000006,
      "stress_dd_abs": -2802.4150000000022,
      "worst_day_abs": -478.37999999999994,
      "daily_p05_abs": -161.33599999999996,
      "pass_expected_dd": false,
      "pass_stress_dd": false,
      "pass_worst_day": true,
      "pass_day_p05": true,
      "pass_all": false
    },
    {
      "lot_size": 1.5,
      "expected_dd_abs": -1816.9500000000007,
      "stress_dd_abs": -3002.587500000003,
      "worst_day_abs": -512.5500000000001,
      "daily_p05_abs": -172.85999999999999,
      "pass_expected_dd": false,
      "pass_stress_dd": false,
      "pass_worst_day": true,
      "pass_day_p05": true,
      "pass_all": false
    },
    {
      "lot_size": 1.6,
      "expected_dd_abs": -1938.0800000000008,
      "stress_dd_abs": -3202.760000000003,
      "worst_day_abs": -546.72,
      "daily_p05_abs": -184.384,
      "pass_expected_dd": false,
      "pass_stress_dd": false,
      "pass_worst_day": true,
      "pass_day_p05": true,