{
  "strategy_id": "XAUUSD_58_5.6.136_BUY_M15",
  "summary": {
    "strategy_id": "XAUUSD_58_5.6.136_BUY_M15",
    "side_mix": null,
    "symbol_count": 1,
    "trade_count": 1190,
    "baseline_lot": 0.1,
    "avg_trade_0_1": 8.39670588235294,
    "avg_loss_0_1": -91.36456479690521,
    "p05_trade_0_1": -100.96,
    "p01_trade_0_1": -101.3644,
    "worst_day_0_1": -140.4,
    "p05_day_0_1": -100.96,
    "expected_dd_0_1": -932.4600000000019,
    "stress_dd_0_1": -2564.2400000000166,
    "robustness_score": 1.0,
    "portfolio_fit_score": 0.7331309981099251,
    "diversification_score": 0.965254574524182,
    "regime_dependency_score": 0.4348999495012381,
    "correlation_penalty": 0.0141582472101401,
    "allowed_expected_dd_limit_abs": 1200.0,
    "allowed_stress_dd_limit_abs": 2500.0,
    "allowed_worst_day_limit_abs": 650.0,
    "allowed_day_p05_limit_abs": 450.0,
    "recommended_lot_size": 0.1,
    "max_safe_lot_size": null,
    "expected_dd_at_recommended_lot": -932.4600000000019,
    "stress_dd_at_recommended_lot": -2564.2400000000166,
    "max_loss_per_day_recommendation": -100.96,
    "recommended_risk_budget": null,
    "sizing_constraints": "{\"baseline_lot\": 0.1, \"recommended_lot_size\": 0.1, \"max_safe_lot_size\": null, \"lot_step\": 0.1, \"max_supported_lot\": 5.0, \"max_expected_dd_abs\": 1200.0, \"max_stress_dd_abs\": 2500.0, \"max_worst_day_abs\": 650.0, \"max_daily_p05_abs\": 450.0}"
  },
  "baseline_metrics": {
    "trade_count": 1190,
    "daily_count": 1168,
    "net_profit_0_1": 9992.079999999998,
    "avg_trade_0_1": 8.39670588235294,
    "median_trade_0_1": 65.08000000000001,
    "std_trade_0_1": 90.5387718214289,
    "avg_loss_0_1": -91.36456479690521,
    "p05_trade_0_1": -100.96,
    "p01_trade_0_1": -101.3644,
    "profit_factor_0_1": 1.2115375984323649,
    "historical_max_dd_0_1": -932.4600000000019,
    "mc_dd_p95_0_1": -2564.2400000000166,
    "avg_day_0_1": 8.55486301369863,
    "std_day_0_1": 91.09642967323148,
    "worst_day_0_1": -140.4,
    "p05_day_0_1": -100.96
  },
  "optional_layer_metrics": {
    "robustness_score": 1.0,
    "portfolio_fit_score": 0.7331309981099251,
    "diversification_score": 0.965254574524182,
    "correlation_penalty": 0.0141582472101401,
    "regime_dependency_score": 0.4348999495012381
  },
  "limits": {
    "stress_limit_abs": 2500.0,
    "expected_dd_limit_abs": 1200.0,
    "worst_day_limit_abs": 650.0,
    "day_p05_limit_abs": 450.0
  },
  "lot_grid_table": [
    {
      "lot_size": 0.1,
      "expected_dd_abs": -932.4600000000019,
      "stress_dd_abs": -2564.2400000000166,
      "worst_day_abs": -140.4,
      "daily_p05_abs": -100.96,
      "pass_expected_dd": true,
      "pass_stress_dd": false,
      "pass_worst_day": true,
      "pass_day_p05": true,
      "pass_all": false
    },
    {
      "lot_size": 0.2,
      "expected_dd_abs": -1864.9200000000037,
      "stress_dd_abs": -5128.480000000033,
      "worst_day_abs": -280.8,
      "daily_p05_abs": -201.92,
      "pass_expected_dd": false,
      "pass_stress_dd": false,
      "pass_worst_day": true,
      "pass_day_p05": true,
      "pass_all": false
    },
    {
      "lot_size": 0.3,
      "expected_dd_abs": -2797.380000000005,
      "stress_dd_abs": -7692.7200000000485,
      "worst_day_abs": -421.19999999999993,
      "daily_p05_abs": -302.87999999999994,
      "pass_expected_dd": false,
      "pass_stress_dd": false,
      "pass_worst_day": true,
      "pass_day_p05": true,
      "pass_all": false
    },
    {
      "lot_size": 0.4,
      "expected_dd_abs": -3729.8400000000074,
      "stress_dd_abs": -10256.960000000066,
      "worst_day_abs": -561.6,
      "daily_p05_abs": -403.84,
      "pass_expected_dd": false,
      "pass_stress_dd": false,
      "pass_worst_day": true,
      "pass_day_p05": true,
      "pass_all": false
    },
    {
      "lot_size": 0.5,
      "expected_dd_abs": -4662.300000000009,
      "stress_dd_abs": -12821.200000000083,
      "worst_day_abs": -702.0,
      "daily_p05_abs": -504.79999999999995,
      "pass_expected_dd": false,
      "pass_stress_dd": false,
      "pass_worst_day": false,
      "pass_day_p05": false,
      "pass_all": false
    },
    {
      "lot_size": 0.6,
      "expected_dd_abs": -5594.76000000001,
      "stress_dd_abs": -15385.440000000097,
      "worst_day_abs": -842.3999999999999,
      "daily_p05_abs": -605.7599999999999,
      "pass_expected_dd": false,
      "pass_stress_dd": false,
      "pass_worst_day": false,
      "pass_day_p05": false,
      "pass_all": false
    },
    {
      "lot_size": 0.7,
      "expected_dd_abs": -6527.220000000012,
      "stress_dd_abs": -17949.680000000113,
      "worst_day_abs": -982.8,
      "daily_p05_abs": -706.7199999999999,
      "pass_expected_dd": false,
      "pass_stress_dd": false,
      "pass_worst_day": false,
      "pass_day_p05": false,
      "pass_all": false
    },
    {
      "lot_size": 0.8,
      "expected_dd_abs": -7459.680000000015,
      "stress_dd_abs": -20513.920000000133,
      "worst_day_abs": -1123.2,
      "daily_p05_abs": -807.68,
      "pass_expected_dd": false,
      "pass_stress_dd": false,
      "pass_worst_day": false,
      "pass_day_p05": false,
      "pass_all": false
    },
    {
      "lot_size": 0.9,
      "expected_dd_abs": -8392.140000000018,
      "stress_dd_abs": -23078.16000000015,
      "worst_day_abs": -1263.6000000000001,
      "daily_p05_abs": -908.64,
      "pass_expected_dd": false,
      "pass_stress_dd": false,
      "pass_worst_day": false,
      "pass_day_p05": false,
      "pass_all": false
    },
    {
      "lot_size": 1.0,
      "expected_dd_abs": -9324.600000000019,
      "stress_dd_abs": -25642.400000000165,
      "worst_day_abs": -1404.0,
      "daily_p05_abs": -1009.5999999999999,
      "pass_expected_dd": false,
      "pass_stress_dd": false,
      "pass_worst_day": false,
      "pass_day_p05": false,
      "pass_all": false
    },
    {
      "lot_size": 1.1,
      "expected_dd_abs": -10257.06000000002,
      "stress_dd_abs": -28206.64000000018,
      "worst_day_abs": -1544.4,
      "daily_p05_abs": -1110.56,
      "pass_expected_dd": false,
      "pass_stress_dd": false,
      "pass_worst_day": false,
      "pass_day_p05": false,
      "pass_all": false
    },
    {
      "lot_size": 1.2,
      "expected_dd_abs": -11189.52000000002,
      "stress_dd_abs": -30770.880000000194,
      "worst_day_abs": -1684.7999999999997,
      "daily_p05_abs": -1211.5199999999998,
      "pass_expected_dd": false,
      "pass_stress_dd": false,
      "pass_worst_day": false,
      "pass_day_p05": false,
      "pass_all": false
    },
    {
      "lot_size": 1.3,
      "expected_dd_abs": -12121.980000000025,
      "stress_dd_abs": -33335.12000000021,
      "worst_day_abs": -1825.2,
      "daily_p05_abs": -1312.48,
      "pass_expected_dd": false,
      "pass_stress_dd": false,
      "pass_worst_day": false,
      "pass_day_p05": false,
      "pass_all": false
    },
    {
      "lot_size": 1.4,
      "expected_dd_abs": -13054.440000000024,
      "stress_dd_abs": -35899.360000000226,
      "worst_day_abs": -1965.6,
      "daily_p05_abs": -1413.4399999999998,
      "pass_expected_dd": false,
      "pass_stress_dd": false,
      "pass_worst_day": false,
      "pass_day_p05": false,
      "pass_all": false
    },
    {
      "lot_size": 1.5,
      "expected_dd_abs": -13986.900000000027,
      "stress_dd_abs": -38463.600000000246,
      "worst_day_abs": -2106.0,
      "daily_p05_abs": -1514.3999999999999,
      "pass_expected_dd": false,
      "pass_stress_dd": false,
      "pass_worst_day": false,
      "pass_day_p05": false,
      "pass_all": false
    },
    {
      "lot_size": 1.6,
      "expected_dd_abs": -14919.36000000003,
      "stress_dd_abs": -41027.840000000266,
      "worst_day_abs": -2246.4,
      "daily_p05_abs": -1615.36,
      "pass_expected_dd": false,
      "pass_stress_dd": false,
      "pass_worst_day": false,
      "pass_day_p05": false,