{
  "strategy_id": "AUDJPY_3_3.19_BUY_M15",
  "summary": {
    "strategy_id": "AUDJPY_3_3.19_BUY_M15",
    "trade_count": 621,
    "is_trade_count": 373,
    "oos_trade_count": 248,
    "pf_is": 1.4900904601929204,
    "pf_oos": 1.1187036969453665,
    "oos_pf_decay": -0.2492377296338578,
    "expectancy_is": 4.8614477211796245,
    "expectancy_oos": 1.3115322580645157,
    "oos_expectancy_decay": -0.7302177595470936,
    "mc_max_dd_p50": -404.11499999999796,
    "mc_max_dd_p95": -281.9765,
    "mc_terminal_p05": 102138.58,
    "mc_terminal_p50": 102138.58,
    "mc_terminal_p95": 102138.58,
    "bootstrap_pf_p05": 1.1281629708568741,
    "bootstrap_pf_p50": 1.3332172449565347,
    "bootstrap_pf_p95": 1.5754789278510588,
    "outlier_dependency_top_1": 0.006793609717146638,
    "outlier_dependency_top_5": 0.03364515395779056,
    "outlier_dependency_top_10": 0.06618990167450589,
    "flag_oos_pf_decay_bad": false,
    "flag_oos_expectancy_decay_bad": true,
    "flag_mc_drawdown_bad": false,
    "flag_bootstrap_pf_bad": false,
    "flag_outlier_dependency_bad": false,
    "pass_fail_flags": "OOS_EXPECTANCY_DECAY_BAD",
    "robustness_score": 0.8,
    "pass_flag": true
  }
}