{
  "strategy_id": "AUDJPY_78_3.7.108_BUY_M15",
  "summary": {
    "strategy_id": "AUDJPY_78_3.7.108_BUY_M15",
    "trade_count": 622,
    "is_trade_count": 370,
    "oos_trade_count": 252,
    "pf_is": 1.485760695356989,
    "pf_oos": 1.1438055639335312,
    "oos_pf_decay": -0.23015491827995566,
    "expectancy_is": 4.857567567567567,
    "expectancy_oos": 1.5893253968253964,
    "oos_expectancy_decay": -0.6728145569324004,
    "mc_max_dd_p50": -403.51000000000204,
    "mc_max_dd_p95": -282.5610000000001,
    "mc_terminal_p05": 102197.81,
    "mc_terminal_p50": 102197.81,
    "mc_terminal_p95": 102197.81,
    "bootstrap_pf_p05": 1.1185292459520748,
    "bootstrap_pf_p50": 1.346031110796969,
    "bootstrap_pf_p95": 1.5904447392547878,
    "outlier_dependency_top_1": 0.0067120741322559616,
    "outlier_dependency_top_5": 0.03324135135197388,
    "outlier_dependency_top_10": 0.0653955033249413,
    "flag_oos_pf_decay_bad": false,
    "flag_oos_expectancy_decay_bad": true,
    "flag_mc_drawdown_bad": false,
    "flag_bootstrap_pf_bad": false,
    "flag_outlier_dependency_bad": false,
    "pass_fail_flags": "OOS_EXPECTANCY_DECAY_BAD",
    "robustness_score": 0.8,
    "pass_flag": true
  }
}