{
  "strategy_id": "AUDJPY_46_3.50.181_BUY_M15",
  "summary": {
    "strategy_id": "AUDJPY_46_3.50.181_BUY_M15",
    "trade_count": 572,
    "is_trade_count": 376,
    "oos_trade_count": 196,
    "pf_is": 1.1157956433062093,
    "pf_oos": 1.4003557338203785,
    "oos_pf_decay": 0.2550288596494161,
    "expectancy_is": 1.1717287234042557,
    "expectancy_oos": 3.4222448979591835,
    "oos_expectancy_decay": 1.9206802134340801,
    "mc_max_dd_p50": -337.7900000000009,
    "mc_max_dd_p95": -237.98500000000496,
    "mc_terminal_p05": 101111.33,
    "mc_terminal_p50": 101111.33,
    "mc_terminal_p95": 101111.33,
    "bootstrap_pf_p05": 1.034463766187919,
    "bootstrap_pf_p50": 1.21260252898625,
    "bootstrap_pf_p95": 1.4026494092111494,
    "outlier_dependency_top_1": 0.013288406513883116,
    "outlier_dependency_top_5": 0.04509471346257127,
    "outlier_dependency_top_10": 0.0798715307382583,
    "flag_oos_pf_decay_bad": false,
    "flag_oos_expectancy_decay_bad": false,
    "flag_mc_drawdown_bad": false,
    "flag_bootstrap_pf_bad": false,
    "flag_outlier_dependency_bad": false,
    "pass_fail_flags": "PASS",
    "robustness_score": 1.0,
    "pass_flag": true
  }
}