{
  "strategy_id": "AUDJPY_1_3.14.146_BUY_M15",
  "summary": {
    "strategy_id": "AUDJPY_1_3.14.146_BUY_M15",
    "trade_count": 655,
    "is_trade_count": 430,
    "oos_trade_count": 225,
    "pf_is": 1.1336144566380095,
    "pf_oos": 0.9757045529577721,
    "oos_pf_decay": -0.13929771515842782,
    "expectancy_is": 1.2549069767441863,
    "expectancy_oos": -0.21586666666666662,
    "oos_expectancy_decay": -1.1720180624278027,
    "mc_max_dd_p50": -435.70000000001164,
    "mc_max_dd_p95": -292.6590000000056,
    "mc_terminal_p05": 100491.04,
    "mc_terminal_p50": 100491.04,
    "mc_terminal_p95": 100491.04,
    "bootstrap_pf_p05": 0.945026235881343,
    "bootstrap_pf_p50": 1.0847004451061166,
    "bootstrap_pf_p95": 1.2414088409229458,
    "outlier_dependency_top_1": 0.006837460214375209,
    "outlier_dependency_top_5": 0.03406017087523779,
    "outlier_dependency_top_10": 0.06753217312988417,
    "flag_oos_pf_decay_bad": false,
    "flag_oos_expectancy_decay_bad": true,
    "flag_mc_drawdown_bad": false,
    "flag_bootstrap_pf_bad": true,
    "flag_outlier_dependency_bad": false,
    "pass_fail_flags": "OOS_EXPECTANCY_DECAY_BAD|BOOTSTRAP_PF_BAD",
    "robustness_score": 0.6000000000000001,
    "pass_flag": true
  }
}