{
  "strategy_id": "AUDJPY_47_6.30.171_BOTH_M15",
  "summary": {
    "strategy_id": "AUDJPY_47_6.30.171_BOTH_M15",
    "trade_count": 650,
    "is_trade_count": 405,
    "oos_trade_count": 245,
    "pf_is": 1.2001131381699899,
    "pf_oos": 1.1363114502607958,
    "oos_pf_decay": -0.05316306094813943,
    "expectancy_is": 1.7119753086419756,
    "expectancy_oos": 1.1242857142857148,
    "oos_expectancy_decay": -0.3432815832037003,
    "mc_max_dd_p50": -317.4599999999991,
    "mc_max_dd_p95": -217.84900000000562,
    "mc_terminal_p05": 100968.8,
    "mc_terminal_p50": 100968.8,
    "mc_terminal_p95": 100968.8,
    "bootstrap_pf_p05": 1.0253826837702436,
    "bootstrap_pf_p50": 1.1774589472503216,
    "bootstrap_pf_p95": 1.3523022523709785,
    "outlier_dependency_top_1": 0.005901464598184475,
    "outlier_dependency_top_5": 0.02221454434464925,
    "outlier_dependency_top_10": 0.04242888107673454,
    "flag_oos_pf_decay_bad": false,
    "flag_oos_expectancy_decay_bad": false,
    "flag_mc_drawdown_bad": false,
    "flag_bootstrap_pf_bad": false,
    "flag_outlier_dependency_bad": false,
    "pass_fail_flags": "PASS",
    "robustness_score": 1.0,
    "pass_flag": true
  }
}