{
  "strategy_id": "AUDJPY_2_5.20.109_BUY_M15",
  "summary": {
    "strategy_id": "AUDJPY_2_5.20.109_BUY_M15",
    "trade_count": 664,
    "is_trade_count": 414,
    "oos_trade_count": 250,
    "pf_is": 1.231925003736301,
    "pf_oos": 1.221885693785186,
    "oos_pf_decay": -0.008149286621074106,
    "expectancy_is": 2.7363285024154598,
    "expectancy_oos": 2.57288,
    "oos_expectancy_decay": -0.05973277779739443,
    "mc_max_dd_p50": -488.04500000000553,
    "mc_max_dd_p95": -338.9079999999973,
    "mc_terminal_p05": 101776.06,
    "mc_terminal_p50": 101776.06,
    "mc_terminal_p95": 101776.06,
    "bootstrap_pf_p05": 1.0341629354162292,
    "bootstrap_pf_p50": 1.2260786855003682,
    "bootstrap_pf_p95": 1.4385719693423853,
    "outlier_dependency_top_1": 0.016522917113432255,
    "outlier_dependency_top_5": 0.05792069627436724,
    "outlier_dependency_top_10": 0.09580572104043641,
    "flag_oos_pf_decay_bad": false,
    "flag_oos_expectancy_decay_bad": false,
    "flag_mc_drawdown_bad": false,
    "flag_bootstrap_pf_bad": false,
    "flag_outlier_dependency_bad": false,
    "pass_fail_flags": "PASS",
    "robustness_score": 1.0,
    "pass_flag": true
  }
}