{
  "strategy_id": "AUDJPY_56_1.14.109_BUY_M15",
  "summary": {
    "strategy_id": "AUDJPY_56_1.14.109_BUY_M15",
    "trade_count": 684,
    "is_trade_count": 434,
    "oos_trade_count": 250,
    "pf_is": 1.294488042001922,
    "pf_oos": 1.199131361140703,
    "oos_pf_decay": -0.07366362435743333,
    "expectancy_is": 3.417119815668203,
    "expectancy_oos": 2.2356,
    "oos_expectancy_decay": -0.34576481932260317,
    "mc_max_dd_p50": -470.3249999999971,
    "mc_max_dd_p95": -331.1880000000019,
    "mc_terminal_p05": 102041.93,
    "mc_terminal_p50": 102041.93000000001,
    "mc_terminal_p95": 102041.93000000001,
    "bootstrap_pf_p05": 1.075643967513332,
    "bootstrap_pf_p50": 1.2642848157701276,
    "bootstrap_pf_p95": 1.4618071793445468,
    "outlier_dependency_top_1": 0.008756062473064105,
    "outlier_dependency_top_5": 0.0375878388358433,
    "outlier_dependency_top_10": 0.07039246988744084,
    "flag_oos_pf_decay_bad": false,
    "flag_oos_expectancy_decay_bad": false,
    "flag_mc_drawdown_bad": false,
    "flag_bootstrap_pf_bad": false,
    "flag_outlier_dependency_bad": false,
    "pass_fail_flags": "PASS",
    "robustness_score": 1.0,
    "pass_flag": true
  }
}