{
  "strategy_id": "AUDUSD_6_5.9.126_SELL_M15",
  "summary": {
    "strategy_id": "AUDUSD_6_5.9.126_SELL_M15",
    "trade_count": 752,
    "is_trade_count": 460,
    "oos_trade_count": 292,
    "pf_is": 1.255269302212729,
    "pf_oos": 1.0504774897680764,
    "oos_pf_decay": -0.16314571867857786,
    "expectancy_is": 2.790304347826087,
    "expectancy_oos": 0.46883561643835636,
    "oos_expectancy_decay": -0.8319768892581113,
    "mc_max_dd_p50": -471.6200000000026,
    "mc_max_dd_p95": -315.8750000000001,
    "mc_terminal_p05": 101420.44,
    "mc_terminal_p50": 101420.44,
    "mc_terminal_p95": 101420.44,
    "bootstrap_pf_p05": 1.0285126108525853,
    "bootstrap_pf_p50": 1.1801386205103883,
    "bootstrap_pf_p95": 1.3628391790120062,
    "outlier_dependency_top_1": 0.007433913491515951,
    "outlier_dependency_top_5": 0.035979704652036086,
    "outlier_dependency_top_10": 0.06659956859286169,
    "flag_oos_pf_decay_bad": false,
    "flag_oos_expectancy_decay_bad": true,
    "flag_mc_drawdown_bad": false,
    "flag_bootstrap_pf_bad": false,
    "flag_outlier_dependency_bad": false,
    "pass_fail_flags": "OOS_EXPECTANCY_DECAY_BAD",
    "robustness_score": 0.8,
    "pass_flag": true
  }
}