{
  "strategy_id": "AUDUSD_60_1.31.145_SELL_M15",
  "summary": {
    "strategy_id": "AUDUSD_60_1.31.145_SELL_M15",
    "trade_count": 556,
    "is_trade_count": 369,
    "oos_trade_count": 187,
    "pf_is": 1.183734819630287,
    "pf_oos": 1.0751734539969835,
    "oos_pf_decay": -0.0917108830736349,
    "expectancy_is": 1.9975609756097565,
    "expectancy_oos": 0.6663101604278073,
    "oos_expectancy_decay": -0.6664381370263726,
    "mc_max_dd_p50": -409.16999999999825,
    "mc_max_dd_p95": -275.7650000000031,
    "mc_terminal_p05": 100861.7,
    "mc_terminal_p50": 100861.7,
    "mc_terminal_p95": 100861.7,
    "bootstrap_pf_p05": 0.9775328075006005,
    "bootstrap_pf_p50": 1.1520091028993753,
    "bootstrap_pf_p95": 1.3353933969118192,
    "outlier_dependency_top_1": 0.01068755588764898,
    "outlier_dependency_top_5": 0.03909073091857858,
    "outlier_dependency_top_10": 0.07182711270624838,
    "flag_oos_pf_decay_bad": false,
    "flag_oos_expectancy_decay_bad": true,
    "flag_mc_drawdown_bad": false,
    "flag_bootstrap_pf_bad": true,
    "flag_outlier_dependency_bad": false,
    "pass_fail_flags": "OOS_EXPECTANCY_DECAY_BAD|BOOTSTRAP_PF_BAD",
    "robustness_score": 0.6000000000000001,
    "pass_flag": true
  }
}