{
  "strategy_id": "AUDUSD_4_3.27.109_SELL_M15",
  "summary": {
    "strategy_id": "AUDUSD_4_3.27.109_SELL_M15",
    "trade_count": 513,
    "is_trade_count": 335,
    "oos_trade_count": 178,
    "pf_is": 1.34643755523829,
    "pf_oos": 1.0080753701211305,
    "oos_pf_decay": -0.251301802895179,
    "expectancy_is": 3.65068656716418,
    "expectancy_oos": 0.08426966292134831,
    "oos_expectancy_decay": -0.9769167630879886,
    "mc_max_dd_p50": -424.83000000000175,
    "mc_max_dd_p95": -288.76999999999475,
    "mc_terminal_p05": 101237.98,
    "mc_terminal_p50": 101237.98,
    "mc_terminal_p95": 101237.98,
    "bootstrap_pf_p05": 1.023829580587595,
    "bootstrap_pf_p50": 1.2250853556227252,
    "bootstrap_pf_p95": 1.47336189800957,
    "outlier_dependency_top_1": 0.01304024969663308,
    "outlier_dependency_top_5": 0.04748220549260147,
    "outlier_dependency_top_10": 0.08501820201520154,
    "flag_oos_pf_decay_bad": false,
    "flag_oos_expectancy_decay_bad": true,
    "flag_mc_drawdown_bad": false,
    "flag_bootstrap_pf_bad": false,
    "flag_outlier_dependency_bad": false,
    "pass_fail_flags": "OOS_EXPECTANCY_DECAY_BAD",
    "robustness_score": 0.8,
    "pass_flag": true
  }
}