{
  "strategy_id": "AUDUSD_5_6.3.178_SELL_M15",
  "summary": {
    "strategy_id": "AUDUSD_5_6.3.178_SELL_M15",
    "trade_count": 640,
    "is_trade_count": 413,
    "oos_trade_count": 227,
    "pf_is": 1.1505362107771746,
    "pf_oos": 0.9673600129749017,
    "oos_pf_decay": -0.15920941565023788,
    "expectancy_is": 1.5967554479418886,
    "expectancy_oos": -0.35462555066079293,
    "oos_expectancy_decay": -1.2220913359762646,
    "mc_max_dd_p50": -549.4000000000015,
    "mc_max_dd_p95": -367.9259999999991,
    "mc_terminal_p05": 100578.96,
    "mc_terminal_p50": 100578.96,
    "mc_terminal_p95": 100578.96,
    "bootstrap_pf_p05": 0.922153518798044,
    "bootstrap_pf_p50": 1.0832739649269372,
    "bootstrap_pf_p95": 1.2738149707165372,
    "outlier_dependency_top_1": 0.0032318879612173446,
    "outlier_dependency_top_5": 0.016159439806086723,
    "outlier_dependency_top_10": 0.032318879612173446,
    "flag_oos_pf_decay_bad": false,
    "flag_oos_expectancy_decay_bad": true,
    "flag_mc_drawdown_bad": false,
    "flag_bootstrap_pf_bad": true,
    "flag_outlier_dependency_bad": false,
    "pass_fail_flags": "OOS_EXPECTANCY_DECAY_BAD|BOOTSTRAP_PF_BAD",
    "robustness_score": 0.6000000000000001,
    "pass_flag": true
  }
}