{
  "strategy_id": "AUDUSD_61_6.25.174_SELL_M15",
  "summary": {
    "strategy_id": "AUDUSD_61_6.25.174_SELL_M15",
    "trade_count": 562,
    "is_trade_count": 354,
    "oos_trade_count": 208,
    "pf_is": 1.220288220455879,
    "pf_oos": 1.37546072569416,
    "oos_pf_decay": 0.12716053686096493,
    "expectancy_is": 1.633107344632768,
    "expectancy_oos": 2.203846153846153,
    "oos_expectancy_decay": 0.3494802782493918,
    "mc_max_dd_p50": -281.9499999999971,
    "mc_max_dd_p95": -196.5949999999917,
    "mc_terminal_p05": 101036.52,
    "mc_terminal_p50": 101036.52,
    "mc_terminal_p95": 101036.52,
    "bootstrap_pf_p05": 1.042034180254856,
    "bootstrap_pf_p50": 1.2681990621181565,
    "bootstrap_pf_p95": 1.5496483619601402,
    "outlier_dependency_top_1": 0.0069441599410053675,
    "outlier_dependency_top_5": 0.032344626981850956,
    "outlier_dependency_top_10": 0.05944528657462412,
    "flag_oos_pf_decay_bad": false,
    "flag_oos_expectancy_decay_bad": false,
    "flag_mc_drawdown_bad": false,
    "flag_bootstrap_pf_bad": false,
    "flag_outlier_dependency_bad": false,
    "pass_fail_flags": "PASS",
    "robustness_score": 1.0,
    "pass_flag": true
  }
}