{
  "strategy_id": "AUDUSD_48_5.8.189_SELL_M15",
  "summary": {
    "strategy_id": "AUDUSD_48_5.8.189_SELL_M15",
    "trade_count": 839,
    "is_trade_count": 535,
    "oos_trade_count": 304,
    "pf_is": 1.194855606741698,
    "pf_oos": 1.1860886277118676,
    "oos_pf_decay": -0.007337270696446253,
    "expectancy_is": 1.959140186915888,
    "expectancy_oos": 1.6562499999999998,
    "oos_expectancy_decay": -0.15460363119430628,
    "mc_max_dd_p50": -486.09999999999854,
    "mc_max_dd_p95": -333.06999999999175,
    "mc_terminal_p05": 101551.64,
    "mc_terminal_p50": 101551.64,
    "mc_terminal_p95": 101551.64,
    "bootstrap_pf_p05": 1.041742636469727,
    "bootstrap_pf_p50": 1.2014159250779635,
    "bootstrap_pf_p95": 1.3775307105045378,
    "outlier_dependency_top_1": 0.0019716906728653853,
    "outlier_dependency_top_5": 0.009858453364326928,
    "outlier_dependency_top_10": 0.019716906728653855,
    "flag_oos_pf_decay_bad": false,
    "flag_oos_expectancy_decay_bad": false,
    "flag_mc_drawdown_bad": false,
    "flag_bootstrap_pf_bad": false,
    "flag_outlier_dependency_bad": false,
    "pass_fail_flags": "PASS",
    "robustness_score": 1.0,
    "pass_flag": true
  }
}