{
  "strategy_id": "EURGBP_70_2.27.108_SELL_M15",
  "summary": {
    "strategy_id": "EURGBP_70_2.27.108_SELL_M15",
    "trade_count": 816,
    "is_trade_count": 503,
    "oos_trade_count": 313,
    "pf_is": 1.0507304268431865,
    "pf_oos": 1.0216697854351895,
    "oos_pf_decay": -0.02765756150729049,
    "expectancy_is": 0.3888270377733596,
    "expectancy_oos": 0.14281150159744405,
    "oos_expectancy_decay": -0.6327120088786461,
    "mc_max_dd_p50": -418.8249999999971,
    "mc_max_dd_p95": -280.4015000000051,
    "mc_terminal_p05": 100240.28,
    "mc_terminal_p50": 100240.28,
    "mc_terminal_p95": 100240.28,
    "bootstrap_pf_p05": 0.9189944535175928,
    "bootstrap_pf_p50": 1.0436936635212102,
    "bootstrap_pf_p95": 1.181041206398889,
    "outlier_dependency_top_1": 0.0074419405229331275,
    "outlier_dependency_top_5": 0.029074393424201976,
    "outlier_dependency_top_10": 0.051239457386243685,
    "flag_oos_pf_decay_bad": false,
    "flag_oos_expectancy_decay_bad": true,
    "flag_mc_drawdown_bad": false,
    "flag_bootstrap_pf_bad": true,
    "flag_outlier_dependency_bad": false,
    "pass_fail_flags": "OOS_EXPECTANCY_DECAY_BAD|BOOTSTRAP_PF_BAD",
    "robustness_score": 0.6000000000000001,
    "pass_flag": true
  }
}