{
  "strategy_id": "EURGBP_7_3.16.177_SELL_M15",
  "summary": {
    "strategy_id": "EURGBP_7_3.16.177_SELL_M15",
    "trade_count": 615,
    "is_trade_count": 389,
    "oos_trade_count": 226,
    "pf_is": 1.0127358755213107,
    "pf_oos": 0.9120503914758347,
    "oos_pf_decay": -0.09941929231414628,
    "expectancy_is": 0.07002570694087402,
    "expectancy_oos": -0.46274336283185835,
    "oos_expectancy_decay": -7.608192663054073,
    "mc_max_dd_p50": -349.95499999999447,
    "mc_max_dd_p95": -236.5804999999957,
    "mc_terminal_p05": 99922.66,
    "mc_terminal_p50": 99922.66,
    "mc_terminal_p95": 99922.66,
    "bootstrap_pf_p05": 0.8563949264038289,
    "bootstrap_pf_p50": 0.9729940571759902,
    "bootstrap_pf_p95": 1.1249658484782235,
    "outlier_dependency_top_1": 0.010176614091595678,
    "outlier_dependency_top_5": 0.042961431617029526,
    "outlier_dependency_top_10": 0.07230379715682383,
    "flag_oos_pf_decay_bad": false,
    "flag_oos_expectancy_decay_bad": true,
    "flag_mc_drawdown_bad": false,
    "flag_bootstrap_pf_bad": true,
    "flag_outlier_dependency_bad": false,
    "pass_fail_flags": "OOS_EXPECTANCY_DECAY_BAD|BOOTSTRAP_PF_BAD",
    "robustness_score": 0.6000000000000001,
    "pass_flag": true
  }
}