{
  "strategy_id": "EURGBP_9_5.2.127_SELL_M15",
  "summary": {
    "strategy_id": "EURGBP_9_5.2.127_SELL_M15",
    "trade_count": 607,
    "is_trade_count": 371,
    "oos_trade_count": 236,
    "pf_is": 1.1955475297901652,
    "pf_oos": 1.060255872210997,
    "oos_pf_decay": -0.1131629267829392,
    "expectancy_is": 1.9205929919137466,
    "expectancy_oos": 0.5901271186440679,
    "oos_expectancy_decay": -0.6927370238625913,
    "mc_max_dd_p50": -462.22499999999854,
    "mc_max_dd_p95": -309.54800000000546,
    "mc_terminal_p05": 100851.81,
    "mc_terminal_p50": 100851.81,
    "mc_terminal_p95": 100851.81,
    "bootstrap_pf_p05": 0.9860008893234564,
    "bootstrap_pf_p50": 1.1484196148784238,
    "bootstrap_pf_p95": 1.3301995022059667,
    "outlier_dependency_top_1": 0.00794189459580957,
    "outlier_dependency_top_5": 0.03945972786597207,
    "outlier_dependency_top_10": 0.07828921659365294,
    "flag_oos_pf_decay_bad": false,
    "flag_oos_expectancy_decay_bad": true,
    "flag_mc_drawdown_bad": false,
    "flag_bootstrap_pf_bad": true,
    "flag_outlier_dependency_bad": false,
    "pass_fail_flags": "OOS_EXPECTANCY_DECAY_BAD|BOOTSTRAP_PF_BAD",
    "robustness_score": 0.6000000000000001,
    "pass_flag": true
  }
}