{
  "strategy_id": "EURGBP_49_2.36.141_BOTH_M15",
  "summary": {
    "strategy_id": "EURGBP_49_2.36.141_BOTH_M15",
    "trade_count": 1162,
    "is_trade_count": 740,
    "oos_trade_count": 422,
    "pf_is": 1.0462800771219338,
    "pf_oos": 1.2600371254309202,
    "oos_pf_decay": 0.20430193882404876,
    "expectancy_is": 0.36167567567567543,
    "expectancy_oos": 1.6265876777251187,
    "oos_expectancy_decay": 3.4973654218972823,
    "mc_max_dd_p50": -613.9649999999965,
    "mc_max_dd_p95": -414.8625000000008,
    "mc_terminal_p05": 100954.06,
    "mc_terminal_p50": 100954.06,
    "mc_terminal_p95": 100954.06,
    "bootstrap_pf_p05": 0.9567992230218797,
    "bootstrap_pf_p50": 1.1072241574123263,
    "bootstrap_pf_p95": 1.2874773492109668,
    "outlier_dependency_top_1": 0.014009028656867316,
    "outlier_dependency_top_5": 0.048062187460341,
    "outlier_dependency_top_10": 0.07708591727890401,
    "flag_oos_pf_decay_bad": false,
    "flag_oos_expectancy_decay_bad": false,
    "flag_mc_drawdown_bad": false,
    "flag_bootstrap_pf_bad": true,
    "flag_outlier_dependency_bad": false,
    "pass_fail_flags": "BOOTSTRAP_PF_BAD",
    "robustness_score": 0.8,
    "pass_flag": true
  }
}