{
  "strategy_id": "EURGBP_63_4.21.189_SELL_M15",
  "summary": {
    "strategy_id": "EURGBP_63_4.21.189_SELL_M15",
    "trade_count": 850,
    "is_trade_count": 534,
    "oos_trade_count": 316,
    "pf_is": 1.1254568304916974,
    "pf_oos": 1.0974866616107184,
    "oos_pf_decay": -0.024852280534615644,
    "expectancy_is": 1.0561985018726592,
    "expectancy_oos": 0.6956012658227848,
    "oos_expectancy_decay": -0.34141047862738766,
    "mc_max_dd_p50": -392.36000000000786,
    "mc_max_dd_p95": -272.93450000001036,
    "mc_terminal_p05": 100783.81999999999,
    "mc_terminal_p50": 100783.82,
    "mc_terminal_p95": 100783.82,
    "bootstrap_pf_p05": 0.9823861315055822,
    "bootstrap_pf_p50": 1.1178201204379241,
    "bootstrap_pf_p95": 1.2508821172237294,
    "outlier_dependency_top_1": 0.007224351759434263,
    "outlier_dependency_top_5": 0.029149589076005015,
    "outlier_dependency_top_10": 0.048091114697700096,
    "flag_oos_pf_decay_bad": false,
    "flag_oos_expectancy_decay_bad": false,
    "flag_mc_drawdown_bad": false,
    "flag_bootstrap_pf_bad": true,
    "flag_outlier_dependency_bad": false,
    "pass_fail_flags": "BOOTSTRAP_PF_BAD",
    "robustness_score": 0.8,
    "pass_flag": true
  }
}