{
  "strategy_id": "EURGBP_62_3.31.132_BUY_M15",
  "summary": {
    "strategy_id": "EURGBP_62_3.31.132_BUY_M15",
    "trade_count": 633,
    "is_trade_count": 384,
    "oos_trade_count": 249,
    "pf_is": 1.2612440900691984,
    "pf_oos": 0.9846455092917575,
    "oos_pf_decay": -0.2193061461737079,
    "expectancy_is": 1.2849739583333335,
    "expectancy_oos": -0.08345381526104412,
    "oos_expectancy_decay": -1.064945919502748,
    "mc_max_dd_p50": -252.24000000000524,
    "mc_max_dd_p95": -176.45650000000026,
    "mc_terminal_p05": 100472.65,
    "mc_terminal_p50": 100472.65,
    "mc_terminal_p95": 100472.65,
    "bootstrap_pf_p05": 0.9731847545693837,
    "bootstrap_pf_p50": 1.1499809758112933,
    "bootstrap_pf_p95": 1.3727370674760055,
    "outlier_dependency_top_1": 0.010829741814432655,
    "outlier_dependency_top_5": 0.03900645262021605,
    "outlier_dependency_top_10": 0.0661736796625363,
    "flag_oos_pf_decay_bad": false,
    "flag_oos_expectancy_decay_bad": true,
    "flag_mc_drawdown_bad": false,
    "flag_bootstrap_pf_bad": true,
    "flag_outlier_dependency_bad": false,
    "pass_fail_flags": "OOS_EXPECTANCY_DECAY_BAD|BOOTSTRAP_PF_BAD",
    "robustness_score": 0.6000000000000001,
    "pass_flag": true
  }
}