{
  "strategy_id": "EURGBP_10_5.21.111_SELL_M15",
  "summary": {
    "strategy_id": "EURGBP_10_5.21.111_SELL_M15",
    "trade_count": 472,
    "is_trade_count": 301,
    "oos_trade_count": 171,
    "pf_is": 1.3393281812687525,
    "pf_oos": 0.9582834211787253,
    "oos_pf_decay": -0.28450439960806434,
    "expectancy_is": 3.1523588039867114,
    "expectancy_oos": -0.4073099415204675,
    "oos_expectancy_decay": -1.1292079889527018,
    "mc_max_dd_p50": -391.1499999999942,
    "mc_max_dd_p95": -266.61649999999867,
    "mc_terminal_p05": 100879.21,
    "mc_terminal_p50": 100879.21,
    "mc_terminal_p95": 100879.21,
    "bootstrap_pf_p05": 0.9689505482412298,
    "bootstrap_pf_p50": 1.2027061306114786,
    "bootstrap_pf_p95": 1.4647760207587663,
    "outlier_dependency_top_1": 0.0062936147125404575,
    "outlier_dependency_top_5": 0.031316532899290934,
    "outlier_dependency_top_10": 0.06227947091728873,
    "flag_oos_pf_decay_bad": false,
    "flag_oos_expectancy_decay_bad": true,
    "flag_mc_drawdown_bad": false,
    "flag_bootstrap_pf_bad": true,
    "flag_outlier_dependency_bad": false,
    "pass_fail_flags": "OOS_EXPECTANCY_DECAY_BAD|BOOTSTRAP_PF_BAD",
    "robustness_score": 0.6000000000000001,
    "pass_flag": true
  }
}