{
  "strategy_id": "EURGBP_8_6.1.186_SELL_M15",
  "summary": {
    "strategy_id": "EURGBP_8_6.1.186_SELL_M15",
    "trade_count": 646,
    "is_trade_count": 396,
    "oos_trade_count": 250,
    "pf_is": 1.3016484307515117,
    "pf_oos": 1.0322496357762714,
    "oos_pf_decay": -0.20696740272617384,
    "expectancy_is": 2.9629797979797985,
    "expectancy_oos": 0.32584000000000024,
    "oos_expectancy_decay": -0.890029624831677,
    "mc_max_dd_p50": -458.72499999999854,
    "mc_max_dd_p95": -315.00500000000335,
    "mc_terminal_p05": 101254.8,
    "mc_terminal_p50": 101254.8,
    "mc_terminal_p95": 101254.8,
    "bootstrap_pf_p05": 1.0171851293509262,
    "bootstrap_pf_p50": 1.194669642823212,
    "bootstrap_pf_p95": 1.4125805028461844,
    "outlier_dependency_top_1": 0.004393466901680208,
    "outlier_dependency_top_5": 0.021938653122099274,
    "outlier_dependency_top_10": 0.04366480324568996,
    "flag_oos_pf_decay_bad": false,
    "flag_oos_expectancy_decay_bad": true,
    "flag_mc_drawdown_bad": false,
    "flag_bootstrap_pf_bad": false,
    "flag_outlier_dependency_bad": false,
    "pass_fail_flags": "OOS_EXPECTANCY_DECAY_BAD",
    "robustness_score": 0.8,
    "pass_flag": true
  }
}