{
  "strategy_id": "EURUSD_71_5.30.159_SELL_M15",
  "summary": {
    "strategy_id": "EURUSD_71_5.30.159_SELL_M15",
    "trade_count": 1001,
    "is_trade_count": 631,
    "oos_trade_count": 370,
    "pf_is": 1.0426355999963517,
    "pf_oos": 1.147633496866404,
    "oos_pf_decay": 0.10070430826495819,
    "expectancy_is": 0.4445007923930268,
    "expectancy_oos": 1.4070270270270269,
    "oos_expectancy_decay": 2.16540949106551,
    "mc_max_dd_p50": -570.3399999999965,
    "mc_max_dd_p95": -389.0090000000013,
    "mc_terminal_p05": 100801.08,
    "mc_terminal_p50": 100801.08,
    "mc_terminal_p95": 100801.08,
    "bootstrap_pf_p05": 0.9696066359601042,
    "bootstrap_pf_p50": 1.072770493562345,
    "bootstrap_pf_p95": 1.2117293502405744,
    "outlier_dependency_top_1": 0.006656934949091869,
    "outlier_dependency_top_5": 0.024903905401836797,
    "outlier_dependency_top_10": 0.0442145183533347,
    "flag_oos_pf_decay_bad": false,
    "flag_oos_expectancy_decay_bad": false,
    "flag_mc_drawdown_bad": false,
    "flag_bootstrap_pf_bad": true,
    "flag_outlier_dependency_bad": false,
    "pass_fail_flags": "BOOTSTRAP_PF_BAD",
    "robustness_score": 0.8,
    "pass_flag": true
  }
}