{
  "strategy_id": "EURUSD_64_4.34.165_BUY_M15",
  "summary": {
    "strategy_id": "EURUSD_64_4.34.165_BUY_M15",
    "trade_count": 855,
    "is_trade_count": 551,
    "oos_trade_count": 304,
    "pf_is": 0.9992175448793902,
    "pf_oos": 1.470294217880268,
    "oos_pf_decay": 0.4714455579918173,
    "expectancy_is": -0.006352087114337568,
    "expectancy_oos": 2.7236842105263155,
    "oos_expectancy_decay": 429.7857142857142,
    "mc_max_dd_p50": -412.169999999991,
    "mc_max_dd_p95": -286.359000000004,
    "mc_terminal_p05": 100824.5,
    "mc_terminal_p50": 100824.5,
    "mc_terminal_p95": 100824.5,
    "bootstrap_pf_p05": 0.9983448392751281,
    "bootstrap_pf_p50": 1.139987463102078,
    "bootstrap_pf_p95": 1.311220988197952,
    "outlier_dependency_top_1": 0.008075713354679664,
    "outlier_dependency_top_5": 0.024156300473208468,
    "outlier_dependency_top_10": 0.0421495565441614,
    "flag_oos_pf_decay_bad": false,
    "flag_oos_expectancy_decay_bad": false,
    "flag_mc_drawdown_bad": false,
    "flag_bootstrap_pf_bad": true,
    "flag_outlier_dependency_bad": false,
    "pass_fail_flags": "BOOTSTRAP_PF_BAD",
    "robustness_score": 0.8,
    "pass_flag": true
  }
}