{
  "strategy_id": "EURUSD_73_5.43.181_SELL_M15",
  "summary": {
    "strategy_id": "EURUSD_73_5.43.181_SELL_M15",
    "trade_count": 941,
    "is_trade_count": 585,
    "oos_trade_count": 356,
    "pf_is": 1.116201998567283,
    "pf_oos": 1.122925215900043,
    "oos_pf_decay": 0.0060232980601983375,
    "expectancy_is": 1.0980512820512818,
    "expectancy_oos": 1.1275280898876403,
    "oos_expectancy_decay": 0.026844654997617762,
    "mc_max_dd_p50": -468.2900000000009,
    "mc_max_dd_p95": -321.6509999999989,
    "mc_terminal_p05": 101043.76,
    "mc_terminal_p50": 101043.76,
    "mc_terminal_p95": 101043.76,
    "bootstrap_pf_p05": 0.9946601035914721,
    "bootstrap_pf_p50": 1.1184866841972463,
    "bootstrap_pf_p95": 1.2694456841674333,
    "outlier_dependency_top_1": 0.010104583455320256,
    "outlier_dependency_top_5": 0.031686103249731624,
    "outlier_dependency_top_10": 0.05290166227513743,
    "flag_oos_pf_decay_bad": false,
    "flag_oos_expectancy_decay_bad": false,
    "flag_mc_drawdown_bad": false,
    "flag_bootstrap_pf_bad": true,
    "flag_outlier_dependency_bad": false,
    "pass_fail_flags": "BOOTSTRAP_PF_BAD",
    "robustness_score": 0.8,
    "pass_flag": true
  }
}