{
  "strategy_id": "EURUSD_72_5.42.127_SELL_M15",
  "summary": {
    "strategy_id": "EURUSD_72_5.42.127_SELL_M15",
    "trade_count": 989,
    "is_trade_count": 615,
    "oos_trade_count": 374,
    "pf_is": 1.0213730653551742,
    "pf_oos": 1.2149961508852964,
    "oos_pf_decay": 0.1895713643699732,
    "expectancy_is": 0.21538211382113828,
    "expectancy_oos": 1.8668449197860968,
    "oos_expectancy_decay": 7.667594939366217,
    "mc_max_dd_p50": -534.6900000000023,
    "mc_max_dd_p95": -364.7549999999952,
    "mc_terminal_p05": 100830.66,
    "mc_terminal_p50": 100830.66,
    "mc_terminal_p95": 100830.66,
    "bootstrap_pf_p05": 0.9733179068202124,
    "bootstrap_pf_p50": 1.0942258160870169,
    "bootstrap_pf_p95": 1.2282050282618227,
    "outlier_dependency_top_1": 0.005420565840898121,
    "outlier_dependency_top_5": 0.02250945922800243,
    "outlier_dependency_top_10": 0.04091213428211077,
    "flag_oos_pf_decay_bad": false,
    "flag_oos_expectancy_decay_bad": false,
    "flag_mc_drawdown_bad": false,
    "flag_bootstrap_pf_bad": true,
    "flag_outlier_dependency_bad": false,
    "pass_fail_flags": "BOOTSTRAP_PF_BAD",
    "robustness_score": 0.8,
    "pass_flag": true
  }
}