{
  "strategy_id": "EURUSD_13_6.46.178_BUY_M15",
  "summary": {
    "strategy_id": "EURUSD_13_6.46.178_BUY_M15",
    "trade_count": 524,
    "is_trade_count": 314,
    "oos_trade_count": 210,
    "pf_is": 1.0528605249481915,
    "pf_oos": 1.1919480645317568,
    "oos_pf_decay": 0.13210443006248096,
    "expectancy_is": 0.5247770700636942,
    "expectancy_oos": 1.8866666666666663,
    "oos_expectancy_decay": 2.5951774082615198,
    "mc_max_dd_p50": -408.52999999999884,
    "mc_max_dd_p95": -277.5979999999916,
    "mc_terminal_p05": 100560.98,
    "mc_terminal_p50": 100560.98,
    "mc_terminal_p95": 100560.98,
    "bootstrap_pf_p05": 0.9472993842768435,
    "bootstrap_pf_p50": 1.1086578710683752,
    "bootstrap_pf_p95": 1.307824810614505,
    "outlier_dependency_top_1": 0.01945200040401648,
    "outlier_dependency_top_5": 0.07014562007822595,
    "outlier_dependency_top_10": 0.12139650386427833,
    "flag_oos_pf_decay_bad": false,
    "flag_oos_expectancy_decay_bad": false,
    "flag_mc_drawdown_bad": false,
    "flag_bootstrap_pf_bad": true,
    "flag_outlier_dependency_bad": false,
    "pass_fail_flags": "BOOTSTRAP_PF_BAD",
    "robustness_score": 0.8,
    "pass_flag": true
  }
}