{
  "strategy_id": "EURUSD_11_1.42.105_SELL_M15",
  "summary": {
    "strategy_id": "EURUSD_11_1.42.105_SELL_M15",
    "trade_count": 533,
    "is_trade_count": 330,
    "oos_trade_count": 203,
    "pf_is": 1.093526232310322,
    "pf_oos": 1.235294117647059,
    "oos_pf_decay": 0.12964287563291482,
    "expectancy_is": 0.7361818181818184,
    "expectancy_oos": 1.7044334975369455,
    "oos_expectancy_decay": 1.3152344372569025,
    "mc_max_dd_p50": -384.47000000000116,
    "mc_max_dd_p95": -255.26500000000462,
    "mc_terminal_p05": 100588.94,
    "mc_terminal_p50": 100588.94,
    "mc_terminal_p95": 100588.94,
    "bootstrap_pf_p05": 0.951479991798658,
    "bootstrap_pf_p50": 1.148250096793569,
    "bootstrap_pf_p95": 1.4171734000435008,
    "outlier_dependency_top_1": 0.0076658793214515785,
    "outlier_dependency_top_5": 0.035151385011810185,
    "outlier_dependency_top_10": 0.06285162121537471,
    "flag_oos_pf_decay_bad": false,
    "flag_oos_expectancy_decay_bad": false,
    "flag_mc_drawdown_bad": false,
    "flag_bootstrap_pf_bad": true,
    "flag_outlier_dependency_bad": false,
    "pass_fail_flags": "BOOTSTRAP_PF_BAD",
    "robustness_score": 0.8,
    "pass_flag": true
  }
}