{
  "strategy_id": "EURUSD_18_6.6.111_SELL_M15",
  "summary": {
    "strategy_id": "EURUSD_18_6.6.111_SELL_M15",
    "trade_count": 1535,
    "is_trade_count": 947,
    "oos_trade_count": 588,
    "pf_is": 1.3032158625269938,
    "pf_oos": 1.2733643854015102,
    "oos_pf_decay": -0.022906011186512334,
    "expectancy_is": 6.132375923970433,
    "expectancy_oos": 5.39982993197279,
    "oos_expectancy_decay": -0.11945549344655197,
    "mc_max_dd_p50": -1339.219999999994,
    "mc_max_dd_p95": -938.4530000000021,
    "mc_terminal_p05": 108982.45999999999,
    "mc_terminal_p50": 108982.46,
    "mc_terminal_p95": 108982.46000000002,
    "bootstrap_pf_p05": 1.1343252416724525,
    "bootstrap_pf_p50": 1.295613889568927,
    "bootstrap_pf_p95": 1.4607258272847308,
    "outlier_dependency_top_1": 0.008981150150742441,
    "outlier_dependency_top_5": 0.04490575075371221,
    "outlier_dependency_top_10": 0.08981150150742442,
    "flag_oos_pf_decay_bad": false,
    "flag_oos_expectancy_decay_bad": false,
    "flag_mc_drawdown_bad": false,
    "flag_bootstrap_pf_bad": false,
    "flag_outlier_dependency_bad": false,
    "pass_fail_flags": "PASS",
    "robustness_score": 1.0,
    "pass_flag": true
  }
}