{
  "strategy_id": "EURUSD_59_2.34.129_SELL_M15",
  "summary": {
    "strategy_id": "EURUSD_59_2.34.129_SELL_M15",
    "trade_count": 964,
    "is_trade_count": 607,
    "oos_trade_count": 357,
    "pf_is": 1.0416511958064867,
    "pf_oos": 1.1125229562714052,
    "oos_pf_decay": 0.06803790054697421,
    "expectancy_is": 0.502668863261944,
    "expectancy_oos": 1.2700280112044815,
    "oos_expectancy_decay": 1.5265698833282648,
    "mc_max_dd_p50": -707.8899999999994,
    "mc_max_dd_p95": -475.06199999999154,
    "mc_terminal_p05": 100758.52,
    "mc_terminal_p50": 100758.52,
    "mc_terminal_p95": 100758.52,
    "bootstrap_pf_p05": 0.9507537456798386,
    "bootstrap_pf_p50": 1.0660261070664536,
    "bootstrap_pf_p95": 1.212062549607923,
    "outlier_dependency_top_1": 0.005242076621824209,
    "outlier_dependency_top_5": 0.02447678296647052,
    "outlier_dependency_top_10": 0.04356289501317536,
    "flag_oos_pf_decay_bad": false,
    "flag_oos_expectancy_decay_bad": false,
    "flag_mc_drawdown_bad": false,
    "flag_bootstrap_pf_bad": true,
    "flag_outlier_dependency_bad": false,
    "pass_fail_flags": "BOOTSTRAP_PF_BAD",
    "robustness_score": 0.8,
    "pass_flag": true
  }
}