{
  "strategy_id": "EURUSD_12_3.47.124_BUY_M15",
  "summary": {
    "strategy_id": "EURUSD_12_3.47.124_BUY_M15",
    "trade_count": 648,
    "is_trade_count": 420,
    "oos_trade_count": 228,
    "pf_is": 1.104469832504543,
    "pf_oos": 1.0668164457425298,
    "oos_pf_decay": -0.03409182003335375,
    "expectancy_is": 1.0594285714285716,
    "expectancy_oos": 0.6521929824561401,
    "oos_expectancy_decay": -0.3843917371638377,
    "mc_max_dd_p50": -480.8199999999997,
    "mc_max_dd_p95": -324.1590000000012,
    "mc_terminal_p05": 100593.66,
    "mc_terminal_p50": 100593.66,
    "mc_terminal_p95": 100593.66,
    "bootstrap_pf_p05": 0.9331252620254071,
    "bootstrap_pf_p50": 1.0920309754047106,
    "bootstrap_pf_p95": 1.2660980426839405,
    "outlier_dependency_top_1": 0.015201218357872845,
    "outlier_dependency_top_5": 0.057852220423317204,
    "outlier_dependency_top_10": 0.0985253687990755,
    "flag_oos_pf_decay_bad": false,
    "flag_oos_expectancy_decay_bad": false,
    "flag_mc_drawdown_bad": false,
    "flag_bootstrap_pf_bad": true,
    "flag_outlier_dependency_bad": false,
    "pass_fail_flags": "BOOTSTRAP_PF_BAD",
    "robustness_score": 0.8,
    "pass_flag": true
  }
}