{
  "strategy_id": "EURUSD_14_5.6.167_BUY_M15",
  "summary": {
    "strategy_id": "EURUSD_14_5.6.167_BUY_M15",
    "trade_count": 702,
    "is_trade_count": 450,
    "oos_trade_count": 252,
    "pf_is": 1.1086229881001393,
    "pf_oos": 1.2438135793707124,
    "oos_pf_decay": 0.12194460400126725,
    "expectancy_is": 0.985022222222222,
    "expectancy_oos": 2.0448412698412697,
    "oos_expectancy_decay": 1.0759341502246347,
    "mc_max_dd_p50": -381.5899999999965,
    "mc_max_dd_p95": -263.8980000000076,
    "mc_terminal_p05": 100958.56,
    "mc_terminal_p50": 100958.56,
    "mc_terminal_p95": 100958.56,
    "bootstrap_pf_p05": 1.0116664659505727,
    "bootstrap_pf_p50": 1.1598319681044287,
    "bootstrap_pf_p95": 1.3154612684087974,
    "outlier_dependency_top_1": 0.010135919181073653,
    "outlier_dependency_top_5": 0.0381529978553793,
    "outlier_dependency_top_10": 0.0681972603658997,
    "flag_oos_pf_decay_bad": false,
    "flag_oos_expectancy_decay_bad": false,
    "flag_mc_drawdown_bad": false,
    "flag_bootstrap_pf_bad": false,
    "flag_outlier_dependency_bad": false,
    "pass_fail_flags": "PASS",
    "robustness_score": 1.0,
    "pass_flag": true
  }
}