{
  "strategy_id": "GBPJPY_66_4.17.131_BOTH_M15",
  "summary": {
    "strategy_id": "GBPJPY_66_4.17.131_BOTH_M15",
    "trade_count": 908,
    "is_trade_count": 582,
    "oos_trade_count": 326,
    "pf_is": 1.1385645252390015,
    "pf_oos": 1.2124927250401958,
    "oos_pf_decay": 0.06493105850603911,
    "expectancy_is": 2.8452749140893476,
    "expectancy_oos": 3.7742944785276067,
    "oos_expectancy_decay": 0.32651311120690035,
    "mc_max_dd_p50": -971.3250000000044,
    "mc_max_dd_p95": -663.0765000000036,
    "mc_terminal_p05": 102886.37,
    "mc_terminal_p50": 102886.37,
    "mc_terminal_p95": 102886.37000000001,
    "bootstrap_pf_p05": 1.017426763237744,
    "bootstrap_pf_p50": 1.1568228277652697,
    "bootstrap_pf_p95": 1.3173220134343206,
    "outlier_dependency_top_1": 0.0037018489368334457,
    "outlier_dependency_top_5": 0.018468037617688594,
    "outlier_dependency_top_10": 0.036467284255555565,
    "flag_oos_pf_decay_bad": false,
    "flag_oos_expectancy_decay_bad": false,
    "flag_mc_drawdown_bad": false,
    "flag_bootstrap_pf_bad": false,
    "flag_outlier_dependency_bad": false,
    "pass_fail_flags": "PASS",
    "robustness_score": 1.0,
    "pass_flag": true
  }
}