{
  "strategy_id": "GBPJPY_65_2.14.157_BUY_M15",
  "summary": {
    "strategy_id": "GBPJPY_65_2.14.157_BUY_M15",
    "trade_count": 680,
    "is_trade_count": 435,
    "oos_trade_count": 245,
    "pf_is": 1.1986856860013841,
    "pf_oos": 1.4192534236009569,
    "oos_pf_decay": 0.18400798489164408,
    "expectancy_is": 4.170919540229884,
    "expectancy_oos": 7.876163265306124,
    "oos_expectancy_decay": 0.8883517625640942,
    "mc_max_dd_p50": -802.1400000000067,
    "mc_max_dd_p95": -566.378,
    "mc_terminal_p05": 103744.01,
    "mc_terminal_p50": 103744.01,
    "mc_terminal_p95": 103744.01000000001,
    "bootstrap_pf_p05": 1.1005168466662592,
    "bootstrap_pf_p50": 1.264790250803622,
    "bootstrap_pf_p95": 1.47861350353372,
    "outlier_dependency_top_1": 0.007477237592957699,
    "outlier_dependency_top_5": 0.03598788903777123,
    "outlier_dependency_top_10": 0.06855040341267325,
    "flag_oos_pf_decay_bad": false,
    "flag_oos_expectancy_decay_bad": false,
    "flag_mc_drawdown_bad": false,
    "flag_bootstrap_pf_bad": false,
    "flag_outlier_dependency_bad": false,
    "pass_fail_flags": "PASS",
    "robustness_score": 1.0,
    "pass_flag": true
  }
}