{
  "strategy_id": "GBPJPY_67_4.19.99_BOTH_M15",
  "summary": {
    "strategy_id": "GBPJPY_67_4.19.99_BOTH_M15",
    "trade_count": 929,
    "is_trade_count": 593,
    "oos_trade_count": 336,
    "pf_is": 1.1203348322740747,
    "pf_oos": 1.2548787299516726,
    "oos_pf_decay": 0.12009257750604647,
    "expectancy_is": 2.489173693086003,
    "expectancy_oos": 4.373005952380953,
    "oos_expectancy_decay": 0.7568102878989659,
    "mc_max_dd_p50": -981.5599999999977,
    "mc_max_dd_p95": -685.3420000000021,
    "mc_terminal_p05": 102945.41,
    "mc_terminal_p50": 102945.41,
    "mc_terminal_p95": 102945.41,
    "bootstrap_pf_p05": 1.0263315761513059,
    "bootstrap_pf_p50": 1.1606137586663219,
    "bootstrap_pf_p95": 1.3193322138236712,
    "outlier_dependency_top_1": 0.0036402346034904486,
    "outlier_dependency_top_5": 0.01816065180984398,
    "outlier_dependency_top_10": 0.03585840841277476,
    "flag_oos_pf_decay_bad": false,
    "flag_oos_expectancy_decay_bad": false,
    "flag_mc_drawdown_bad": false,
    "flag_bootstrap_pf_bad": false,
    "flag_outlier_dependency_bad": false,
    "pass_fail_flags": "PASS",
    "robustness_score": 1.0,
    "pass_flag": true
  }
}