{
  "strategy_id": "GBPJPY_50_5.35.116_BUY_M15",
  "summary": {
    "strategy_id": "GBPJPY_50_5.35.116_BUY_M15",
    "trade_count": 539,
    "is_trade_count": 328,
    "oos_trade_count": 211,
    "pf_is": 1.0957018138799892,
    "pf_oos": 1.3943885974362082,
    "oos_pf_decay": 0.27259860280648746,
    "expectancy_is": 1.6820731707317071,
    "expectancy_oos": 5.864502369668248,
    "oos_expectancy_decay": 2.4864728073138287,
    "mc_max_dd_p50": -652.4499999999971,
    "mc_max_dd_p95": -458.4284999999991,
    "mc_terminal_p05": 101789.13,
    "mc_terminal_p50": 101789.13,
    "mc_terminal_p95": 101789.13,
    "bootstrap_pf_p05": 1.0063843970681952,
    "bootstrap_pf_p50": 1.2276325041511882,
    "bootstrap_pf_p95": 1.4639193085350737,
    "outlier_dependency_top_1": 0.012391901725269978,
    "outlier_dependency_top_5": 0.04499675447965985,
    "outlier_dependency_top_10": 0.08150090818451017,
    "flag_oos_pf_decay_bad": false,
    "flag_oos_expectancy_decay_bad": false,
    "flag_mc_drawdown_bad": false,
    "flag_bootstrap_pf_bad": false,
    "flag_outlier_dependency_bad": false,
    "pass_fail_flags": "PASS",
    "robustness_score": 1.0,
    "pass_flag": true
  }
}