{
  "strategy_id": "GBPUSD_22_6.11.100_SELL_M15",
  "summary": {
    "strategy_id": "GBPUSD_22_6.11.100_SELL_M15",
    "trade_count": 394,
    "is_trade_count": 255,
    "oos_trade_count": 139,
    "pf_is": 1.3203993542551606,
    "pf_oos": 1.1848319181109692,
    "oos_pf_decay": -0.10267154077840732,
    "expectancy_is": 2.1948235294117646,
    "expectancy_oos": 1.1431654676258993,
    "oos_expectancy_decay": -0.47915381245603855,
    "mc_max_dd_p50": -298.72000000000844,
    "mc_max_dd_p95": -215.22500000000298,
    "mc_terminal_p05": 100718.58,
    "mc_terminal_p50": 100718.58,
    "mc_terminal_p95": 100718.58,
    "bootstrap_pf_p05": 0.9786800601991105,
    "bootstrap_pf_p50": 1.2725111518816612,
    "bootstrap_pf_p95": 1.6670697116938475,
    "outlier_dependency_top_1": 0.021082072719617453,
    "outlier_dependency_top_5": 0.09671889567231062,
    "outlier_dependency_top_10": 0.1727466843102463,
    "flag_oos_pf_decay_bad": false,
    "flag_oos_expectancy_decay_bad": true,
    "flag_mc_drawdown_bad": false,
    "flag_bootstrap_pf_bad": true,
    "flag_outlier_dependency_bad": false,
    "pass_fail_flags": "OOS_EXPECTANCY_DECAY_BAD|BOOTSTRAP_PF_BAD",
    "robustness_score": 0.6000000000000001,
    "pass_flag": true
  }
}