{
  "strategy_id": "GBPUSD_20_1.32.126_BUY_M15",
  "summary": {
    "strategy_id": "GBPUSD_20_1.32.126_BUY_M15",
    "trade_count": 610,
    "is_trade_count": 388,
    "oos_trade_count": 222,
    "pf_is": 1.0988541219724375,
    "pf_oos": 0.8294649483840497,
    "oos_pf_decay": -0.24515462808187458,
    "expectancy_is": 1.2944845360824742,
    "expectancy_oos": -2.277027027027027,
    "oos_expectancy_decay": -2.7590221926621403,
    "mc_max_dd_p50": -787.5799999999945,
    "mc_max_dd_p95": -528.1780000000108,
    "mc_terminal_p05": 99996.76,
    "mc_terminal_p50": 99996.76,
    "mc_terminal_p95": 99996.76,
    "bootstrap_pf_p05": 0.8668136195707491,
    "bootstrap_pf_p50": 0.9995128195241099,
    "bootstrap_pf_p95": 1.1755806307124272,
    "outlier_dependency_top_1": 0.023651480144943036,
    "outlier_dependency_top_5": 0.0680322018259639,
    "outlier_dependency_top_10": 0.11056009987838514,
    "flag_oos_pf_decay_bad": false,
    "flag_oos_expectancy_decay_bad": true,
    "flag_mc_drawdown_bad": false,
    "flag_bootstrap_pf_bad": true,
    "flag_outlier_dependency_bad": false,
    "pass_fail_flags": "OOS_EXPECTANCY_DECAY_BAD|BOOTSTRAP_PF_BAD",
    "robustness_score": 0.6000000000000001,
    "pass_flag": true
  }
}