{
  "strategy_id": "GBPUSD_74_6.52.179_SELL_M15",
  "summary": {
    "strategy_id": "GBPUSD_74_6.52.179_SELL_M15",
    "trade_count": 723,
    "is_trade_count": 446,
    "oos_trade_count": 277,
    "pf_is": 1.203787224238235,
    "pf_oos": 1.279504424778761,
    "oos_pf_decay": 0.06289915610995155,
    "expectancy_is": 3.17304932735426,
    "expectancy_oos": 3.7057039711191337,
    "oos_expectancy_decay": 0.16786837795837542,
    "mc_max_dd_p50": -562.2099999999991,
    "mc_max_dd_p95": -388.8000000000029,
    "mc_terminal_p05": 102441.66,
    "mc_terminal_p50": 102441.66,
    "mc_terminal_p95": 102441.66,
    "bootstrap_pf_p05": 1.0758929271125104,
    "bootstrap_pf_p50": 1.240116478007688,
    "bootstrap_pf_p95": 1.426462051589871,
    "outlier_dependency_top_1": 0.009151085571456578,
    "outlier_dependency_top_5": 0.03897060625367575,
    "outlier_dependency_top_10": 0.07195280337188786,
    "flag_oos_pf_decay_bad": false,
    "flag_oos_expectancy_decay_bad": false,
    "flag_mc_drawdown_bad": false,
    "flag_bootstrap_pf_bad": false,
    "flag_outlier_dependency_bad": false,
    "pass_fail_flags": "PASS",
    "robustness_score": 1.0,
    "pass_flag": true
  }
}