{
  "strategy_id": "GBPUSD_69_3.13.113_BUY_M15",
  "summary": {
    "strategy_id": "GBPUSD_69_3.13.113_BUY_M15",
    "trade_count": 758,
    "is_trade_count": 478,
    "oos_trade_count": 280,
    "pf_is": 1.1947211496163055,
    "pf_oos": 1.2232352534880508,
    "oos_pf_decay": 0.02386674403554578,
    "expectancy_is": 1.6668619246861927,
    "expectancy_oos": 1.7314285714285715,
    "oos_expectancy_decay": 0.038735450001075734,
    "mc_max_dd_p50": -371.11999999999534,
    "mc_max_dd_p95": -262.6059999999969,
    "mc_terminal_p05": 101281.56,
    "mc_terminal_p50": 101281.56,
    "mc_terminal_p95": 101281.56,
    "bootstrap_pf_p05": 1.0430133335321252,
    "bootstrap_pf_p50": 1.2040964109816068,
    "bootstrap_pf_p95": 1.4061941896162666,
    "outlier_dependency_top_1": 0.006984702573604452,
    "outlier_dependency_top_5": 0.031132953217071834,
    "outlier_dependency_top_10": 0.0584992034523251,
    "flag_oos_pf_decay_bad": false,
    "flag_oos_expectancy_decay_bad": false,
    "flag_mc_drawdown_bad": false,
    "flag_bootstrap_pf_bad": false,
    "flag_outlier_dependency_bad": false,
    "pass_fail_flags": "PASS",
    "robustness_score": 1.0,
    "pass_flag": true
  }
}