{
  "strategy_id": "GBPUSD_21_3.3.167_BUY_M15",
  "summary": {
    "strategy_id": "GBPUSD_21_3.3.167_BUY_M15",
    "trade_count": 774,
    "is_trade_count": 504,
    "oos_trade_count": 270,
    "pf_is": 1.1082453828823766,
    "pf_oos": 1.0639847884355453,
    "oos_pf_decay": -0.03993754012465746,
    "expectancy_is": 1.9104365079365078,
    "expectancy_oos": 1.0344444444444438,
    "oos_expectancy_decay": -0.45852979664748794,
    "mc_max_dd_p50": -866.3399999999965,
    "mc_max_dd_p95": -589.3020000000005,
    "mc_terminal_p05": 101242.16,
    "mc_terminal_p50": 101242.16,
    "mc_terminal_p95": 101242.16,
    "bootstrap_pf_p05": 0.9503322639312523,
    "bootstrap_pf_p50": 1.0889365180281185,
    "bootstrap_pf_p95": 1.2399320623378984,
    "outlier_dependency_top_1": 0.00870199594274611,
    "outlier_dependency_top_5": 0.040937995175977536,
    "outlier_dependency_top_10": 0.07722159474073984,
    "flag_oos_pf_decay_bad": false,
    "flag_oos_expectancy_decay_bad": true,
    "flag_mc_drawdown_bad": false,
    "flag_bootstrap_pf_bad": true,
    "flag_outlier_dependency_bad": false,
    "pass_fail_flags": "OOS_EXPECTANCY_DECAY_BAD|BOOTSTRAP_PF_BAD",
    "robustness_score": 0.6000000000000001,
    "pass_flag": true
  }
}