{
  "strategy_id": "GBPUSD_19_0.13205_BUY_M15",
  "summary": {
    "strategy_id": "GBPUSD_19_0.13205_BUY_M15",
    "trade_count": 498,
    "is_trade_count": 315,
    "oos_trade_count": 183,
    "pf_is": 1.1828810804051522,
    "pf_oos": 0.9319044272663388,
    "oos_pf_decay": -0.21217403617010305,
    "expectancy_is": 1.2999999999999998,
    "expectancy_oos": -0.5295081967213113,
    "oos_expectancy_decay": -1.4073139974779318,
    "mc_max_dd_p50": -422.1299999999901,
    "mc_max_dd_p95": -287.10400000000305,
    "mc_terminal_p05": 100312.6,
    "mc_terminal_p50": 100312.6,
    "mc_terminal_p95": 100312.6,
    "bootstrap_pf_p05": 0.8760101006510755,
    "bootstrap_pf_p50": 1.0896620989839603,
    "bootstrap_pf_p95": 1.3471610911796401,
    "outlier_dependency_top_1": 0.016403506123640173,
    "outlier_dependency_top_5": 0.07570268393563385,
    "outlier_dependency_top_10": 0.13970654831989857,
    "flag_oos_pf_decay_bad": false,
    "flag_oos_expectancy_decay_bad": true,
    "flag_mc_drawdown_bad": false,
    "flag_bootstrap_pf_bad": true,
    "flag_outlier_dependency_bad": false,
    "pass_fail_flags": "OOS_EXPECTANCY_DECAY_BAD|BOOTSTRAP_PF_BAD",
    "robustness_score": 0.6000000000000001,
    "pass_flag": true
  }
}