{
  "strategy_id": "NZDUSD_26_2.6.180_SELL_M15",
  "summary": {
    "strategy_id": "NZDUSD_26_2.6.180_SELL_M15",
    "trade_count": 759,
    "is_trade_count": 469,
    "oos_trade_count": 290,
    "pf_is": 1.1423722312781666,
    "pf_oos": 0.9661388879511157,
    "oos_pf_decay": -0.15426963165050728,
    "expectancy_is": 1.5829424307036246,
    "expectancy_oos": -0.34586206896551747,
    "oos_expectancy_decay": -1.2184931443222355,
    "mc_max_dd_p50": -644.5999999999985,
    "mc_max_dd_p95": -429.73500000000803,
    "mc_terminal_p05": 100642.1,
    "mc_terminal_p50": 100642.1,
    "mc_terminal_p95": 100642.1,
    "bootstrap_pf_p05": 0.9360058566951095,
    "bootstrap_pf_p50": 1.0796192789456986,
    "bootstrap_pf_p95": 1.251021131935564,
    "outlier_dependency_top_1": 0.003288466554027237,
    "outlier_dependency_top_5": 0.016442332770136188,
    "outlier_dependency_top_10": 0.032884665540272376,
    "flag_oos_pf_decay_bad": false,
    "flag_oos_expectancy_decay_bad": true,
    "flag_mc_drawdown_bad": false,
    "flag_bootstrap_pf_bad": true,
    "flag_outlier_dependency_bad": false,
    "pass_fail_flags": "OOS_EXPECTANCY_DECAY_BAD|BOOTSTRAP_PF_BAD",
    "robustness_score": 0.6000000000000001,
    "pass_flag": true
  }
}