{
  "strategy_id": "NZDUSD_23_2.12.147_SELL_M15",
  "summary": {
    "strategy_id": "NZDUSD_23_2.12.147_SELL_M15",
    "trade_count": 517,
    "is_trade_count": 328,
    "oos_trade_count": 189,
    "pf_is": 1.2474883702748132,
    "pf_oos": 1.142969117416523,
    "oos_pf_decay": -0.08378374929079718,
    "expectancy_is": 1.930182926829268,
    "expectancy_oos": 0.9650793650793654,
    "oos_expectancy_decay": -0.5000062679734135,
    "mc_max_dd_p50": -329.20000000000437,
    "mc_max_dd_p95": -218.96999999999974,
    "mc_terminal_p05": 100815.5,
    "mc_terminal_p50": 100815.5,
    "mc_terminal_p95": 100815.5,
    "bootstrap_pf_p05": 1.0069712971444955,
    "bootstrap_pf_p50": 1.2290176316855437,
    "bootstrap_pf_p95": 1.4840347408314496,
    "outlier_dependency_top_1": 0.00733427969200327,
    "outlier_dependency_top_5": 0.03458510775583947,
    "outlier_dependency_top_10": 0.0653847808319353,
    "flag_oos_pf_decay_bad": false,
    "flag_oos_expectancy_decay_bad": true,
    "flag_mc_drawdown_bad": false,
    "flag_bootstrap_pf_bad": false,
    "flag_outlier_dependency_bad": false,
    "pass_fail_flags": "OOS_EXPECTANCY_DECAY_BAD",
    "robustness_score": 0.8,
    "pass_flag": true
  }
}