{
  "strategy_id": "NZDUSD_27_6.16.107_SELL_M15",
  "summary": {
    "strategy_id": "NZDUSD_27_6.16.107_SELL_M15",
    "trade_count": 576,
    "is_trade_count": 376,
    "oos_trade_count": 200,
    "pf_is": 1.1757933231095907,
    "pf_oos": 0.9225216804278961,
    "oos_pf_decay": -0.21540489957186829,
    "expectancy_is": 1.9816489361702128,
    "expectancy_oos": -0.7460000000000002,
    "oos_expectancy_decay": -1.3764541672258757,
    "mc_max_dd_p50": -520.3000000000029,
    "mc_max_dd_p95": -353.5750000000051,
    "mc_terminal_p05": 100595.9,
    "mc_terminal_p50": 100595.9,
    "mc_terminal_p95": 100595.9,
    "bootstrap_pf_p05": 0.9323605653432427,
    "bootstrap_pf_p50": 1.092422443825598,
    "bootstrap_pf_p95": 1.258614357519714,
    "outlier_dependency_top_1": 0.01004423011493913,
    "outlier_dependency_top_5": 0.04288398100619814,
    "outlier_dependency_top_10": 0.07854913388855195,
    "flag_oos_pf_decay_bad": false,
    "flag_oos_expectancy_decay_bad": true,
    "flag_mc_drawdown_bad": false,
    "flag_bootstrap_pf_bad": true,
    "flag_outlier_dependency_bad": false,
    "pass_fail_flags": "OOS_EXPECTANCY_DECAY_BAD|BOOTSTRAP_PF_BAD",
    "robustness_score": 0.6000000000000001,
    "pass_flag": true
  }
}