{
  "strategy_id": "NZDUSD_25_5.7.105_SELL_M15",
  "summary": {
    "strategy_id": "NZDUSD_25_5.7.105_SELL_M15",
    "trade_count": 711,
    "is_trade_count": 431,
    "oos_trade_count": 280,
    "pf_is": 1.1697994122403896,
    "pf_oos": 0.9732935627081021,
    "oos_pf_decay": -0.16798251689658594,
    "expectancy_is": 1.9974477958236656,
    "expectancy_oos": -0.275,
    "oos_expectancy_decay": -1.1376756882332444,
    "mc_max_dd_p50": -562.6000000000058,
    "mc_max_dd_p95": -387.88999999999436,
    "mc_terminal_p05": 100783.9,
    "mc_terminal_p50": 100783.9,
    "mc_terminal_p95": 100783.90000000001,
    "bootstrap_pf_p05": 0.9484475852645528,
    "bootstrap_pf_p50": 1.0936051252948165,
    "bootstrap_pf_p95": 1.2842181362449905,
    "outlier_dependency_top_1": 0.009465274916449206,
    "outlier_dependency_top_5": 0.04045918600924781,
    "outlier_dependency_top_10": 0.07017122190175341,
    "flag_oos_pf_decay_bad": false,
    "flag_oos_expectancy_decay_bad": true,
    "flag_mc_drawdown_bad": false,
    "flag_bootstrap_pf_bad": true,
    "flag_outlier_dependency_bad": false,
    "pass_fail_flags": "OOS_EXPECTANCY_DECAY_BAD|BOOTSTRAP_PF_BAD",
    "robustness_score": 0.6000000000000001,
    "pass_flag": true
  }
}