{
  "strategy_id": "NZDUSD_24_4.41.120_SELL_M15",
  "summary": {
    "strategy_id": "NZDUSD_24_4.41.120_SELL_M15",
    "trade_count": 639,
    "is_trade_count": 385,
    "oos_trade_count": 254,
    "pf_is": 0.9928739790604617,
    "pf_oos": 0.6858199530939926,
    "oos_pf_decay": -0.3092578035502841,
    "expectancy_is": -0.033766233766233694,
    "expectancy_oos": -1.3712598425196851,
    "oos_expectancy_decay": -39.6103876438523,
    "mc_max_dd_p50": -574.3000000000029,
    "mc_max_dd_p95": -441.294999999994,
    "mc_terminal_p05": 99638.7,
    "mc_terminal_p50": 99638.7,
    "mc_terminal_p95": 99638.7,
    "bootstrap_pf_p05": 0.713799275798905,
    "bootstrap_pf_p50": 0.885680830291345,
    "bootstrap_pf_p95": 1.1010526856903529,
    "outlier_dependency_top_1": 0.019559807123969514,
    "outlier_dependency_top_5": 0.09126613781303469,
    "outlier_dependency_top_10": 0.16285580961269253,
    "flag_oos_pf_decay_bad": true,
    "flag_oos_expectancy_decay_bad": true,
    "flag_mc_drawdown_bad": false,
    "flag_bootstrap_pf_bad": true,
    "flag_outlier_dependency_bad": false,
    "pass_fail_flags": "OOS_PF_DECAY_BAD|OOS_EXPECTANCY_DECAY_BAD|BOOTSTRAP_PF_BAD",
    "robustness_score": 0.35000000000000003,
    "pass_flag": false
  }
}