{
  "strategy_id": "NZDUSD_76_5.71.164_BUY_M15",
  "summary": {
    "strategy_id": "NZDUSD_76_5.71.164_BUY_M15",
    "trade_count": 546,
    "is_trade_count": 343,
    "oos_trade_count": 203,
    "pf_is": 1.0803837202074684,
    "pf_oos": 1.0617246132638998,
    "oos_pf_decay": -0.017270814613890607,
    "expectancy_is": 0.6786588921282797,
    "expectancy_oos": 0.39704433497536945,
    "oos_expectancy_decay": -0.41495744094616477,
    "mc_max_dd_p50": -334.34999999999854,
    "mc_max_dd_p95": -232.24300000000298,
    "mc_terminal_p05": 100313.38,
    "mc_terminal_p50": 100313.38,
    "mc_terminal_p95": 100313.38,
    "bootstrap_pf_p05": 0.9244162499575659,
    "bootstrap_pf_p50": 1.072877383714039,
    "bootstrap_pf_p95": 1.2571220390399387,
    "outlier_dependency_top_1": 0.007574683723732238,
    "outlier_dependency_top_5": 0.03543711683617421,
    "outlier_dependency_top_10": 0.06584659272121621,
    "flag_oos_pf_decay_bad": false,
    "flag_oos_expectancy_decay_bad": true,
    "flag_mc_drawdown_bad": false,
    "flag_bootstrap_pf_bad": true,
    "flag_outlier_dependency_bad": false,
    "pass_fail_flags": "OOS_EXPECTANCY_DECAY_BAD|BOOTSTRAP_PF_BAD",
    "robustness_score": 0.6000000000000001,
    "pass_flag": true
  }
}