{
  "strategy_id": "NZDUSD_75_4.73.120_SELL_M15",
  "summary": {
    "strategy_id": "NZDUSD_75_4.73.120_SELL_M15",
    "trade_count": 560,
    "is_trade_count": 349,
    "oos_trade_count": 211,
    "pf_is": 1.1977268327756423,
    "pf_oos": 1.121319418561312,
    "oos_pf_decay": -0.063793689949537,
    "expectancy_is": 2.048710601719198,
    "expectancy_oos": 0.9255924170616113,
    "oos_expectancy_decay": -0.5482073376860107,
    "mc_max_dd_p50": -371.09999999999854,
    "mc_max_dd_p95": -256.71500000000316,
    "mc_terminal_p05": 100910.3,
    "mc_terminal_p50": 100910.3,
    "mc_terminal_p95": 100910.3,
    "bootstrap_pf_p05": 0.9923645001246814,
    "bootstrap_pf_p50": 1.187614340122845,
    "bootstrap_pf_p95": 1.38522907377614,
    "outlier_dependency_top_1": 0.011358821420423064,
    "outlier_dependency_top_5": 0.04755386069554448,
    "outlier_dependency_top_10": 0.08485707767021937,
    "flag_oos_pf_decay_bad": false,
    "flag_oos_expectancy_decay_bad": true,
    "flag_mc_drawdown_bad": false,
    "flag_bootstrap_pf_bad": true,
    "flag_outlier_dependency_bad": false,
    "pass_fail_flags": "OOS_EXPECTANCY_DECAY_BAD|BOOTSTRAP_PF_BAD",
    "robustness_score": 0.6000000000000001,
    "pass_flag": true
  }
}