{
  "strategy_id": "US500.cash_29_3.32.156_BUY_M15",
  "summary": {
    "strategy_id": "US500.cash_29_3.32.156_BUY_M15",
    "trade_count": 644,
    "is_trade_count": 434,
    "oos_trade_count": 210,
    "pf_is": 1.6298513625103221,
    "pf_oos": 2.5878442545109213,
    "oos_pf_decay": 0.5877792994111338,
    "expectancy_is": 0.07029953917050691,
    "expectancy_oos": 0.15923809523809523,
    "oos_expectancy_decay": 1.2651371135146947,
    "mc_max_dd_p50": -11.875,
    "mc_max_dd_p95": -8.130000000004657,
    "mc_terminal_p05": 100063.95,
    "mc_terminal_p50": 100063.95,
    "mc_terminal_p95": 100063.95,
    "bootstrap_pf_p05": 1.3540873268589282,
    "bootstrap_pf_p50": 1.9767983803398401,
    "bootstrap_pf_p95": 3.128654236802742,
    "outlier_dependency_top_1": 0.006968902210565755,
    "outlier_dependency_top_5": 0.03484451105282877,
    "outlier_dependency_top_10": 0.06968902210565754,
    "flag_oos_pf_decay_bad": false,
    "flag_oos_expectancy_decay_bad": false,
    "flag_mc_drawdown_bad": false,
    "flag_bootstrap_pf_bad": false,
    "flag_outlier_dependency_bad": false,
    "pass_fail_flags": "PASS",
    "robustness_score": 1.0,
    "pass_flag": true
  }
}