{
  "strategy_id": "US500.cash_28_3.8.114_BUY_M15",
  "summary": {
    "strategy_id": "US500.cash_28_3.8.114_BUY_M15",
    "trade_count": 547,
    "is_trade_count": 320,
    "oos_trade_count": 227,
    "pf_is": 1.3885922106620014,
    "pf_oos": 0.9236308095134191,
    "oos_pf_decay": -0.33484373423563657,
    "expectancy_is": 0.26378124999999997,
    "expectancy_oos": -0.07709251101321589,
    "oos_expectancy_decay": -1.29225925274528,
    "mc_max_dd_p50": -33.19499999999243,
    "mc_max_dd_p95": -22.825500000001924,
    "mc_terminal_p05": 100066.91,
    "mc_terminal_p50": 100066.91,
    "mc_terminal_p95": 100066.91,
    "bootstrap_pf_p05": 0.9774080141746284,
    "bootstrap_pf_p50": 1.1427305975285231,
    "bootstrap_pf_p95": 1.3566416584283898,
    "outlier_dependency_top_1": 0.027041770573566087,
    "outlier_dependency_top_5": 0.07592347256857855,
    "outlier_dependency_top_10": 0.12254519950124688,
    "flag_oos_pf_decay_bad": true,
    "flag_oos_expectancy_decay_bad": true,
    "flag_mc_drawdown_bad": false,
    "flag_bootstrap_pf_bad": true,
    "flag_outlier_dependency_bad": false,
    "pass_fail_flags": "OOS_PF_DECAY_BAD|OOS_EXPECTANCY_DECAY_BAD|BOOTSTRAP_PF_BAD",
    "robustness_score": 0.35000000000000003,
    "pass_flag": false
  }
}