{
  "strategy_id": "USDCAD_33_5.11.180_BUY_M15",
  "summary": {
    "strategy_id": "USDCAD_33_5.11.180_BUY_M15",
    "trade_count": 424,
    "is_trade_count": 242,
    "oos_trade_count": 182,
    "pf_is": 1.232401364580243,
    "pf_oos": 1.2510591115640242,
    "oos_pf_decay": 0.015139343009520315,
    "expectancy_is": 2.589834710743802,
    "expectancy_oos": 2.152307692307692,
    "oos_expectancy_decay": -0.16894013221038798,
    "mc_max_dd_p50": -369.97000000000844,
    "mc_max_dd_p95": -249.26799999998772,
    "mc_terminal_p05": 101018.45999999999,
    "mc_terminal_p50": 101018.46,
    "mc_terminal_p95": 101018.46,
    "bootstrap_pf_p05": 1.0079158942943733,
    "bootstrap_pf_p50": 1.2394381802513506,
    "bootstrap_pf_p95": 1.5234621670013158,
    "outlier_dependency_top_1": 0.027891036540404476,
    "outlier_dependency_top_5": 0.12502061404257017,
    "outlier_dependency_top_10": 0.20492727744890094,
    "flag_oos_pf_decay_bad": false,
    "flag_oos_expectancy_decay_bad": false,
    "flag_mc_drawdown_bad": false,
    "flag_bootstrap_pf_bad": false,
    "flag_outlier_dependency_bad": false,
    "pass_fail_flags": "PASS",
    "robustness_score": 1.0,
    "pass_flag": true
  }
}