{
  "strategy_id": "USDCHF_55_6.23.134_BUY_M15",
  "summary": {
    "strategy_id": "USDCHF_55_6.23.134_BUY_M15",
    "trade_count": 537,
    "is_trade_count": 357,
    "oos_trade_count": 180,
    "pf_is": 1.0772102321406716,
    "pf_oos": 1.3687299181570174,
    "oos_pf_decay": 0.2706246908154848,
    "expectancy_is": 0.8481792717086837,
    "expectancy_oos": 3.379000000000001,
    "oos_expectancy_decay": 2.983827608982827,
    "mc_max_dd_p50": -442.90499999999884,
    "mc_max_dd_p95": -298.7205000000096,
    "mc_terminal_p05": 100911.02,
    "mc_terminal_p50": 100911.02,
    "mc_terminal_p95": 100911.02,
    "bootstrap_pf_p05": 0.9816913008454385,
    "bootstrap_pf_p50": 1.1646810273179002,
    "bootstrap_pf_p95": 1.385971190444735,
    "outlier_dependency_top_1": 0.009905465360953243,
    "outlier_dependency_top_5": 0.04077269109017198,
    "outlier_dependency_top_10": 0.07386907075905391,
    "flag_oos_pf_decay_bad": false,
    "flag_oos_expectancy_decay_bad": false,
    "flag_mc_drawdown_bad": false,
    "flag_bootstrap_pf_bad": true,
    "flag_outlier_dependency_bad": false,
    "pass_fail_flags": "BOOTSTRAP_PF_BAD",
    "robustness_score": 0.8,
    "pass_flag": true
  }
}