{
  "strategy_id": "USDCAD_30_2.34.141_BUY_M15",
  "summary": {
    "strategy_id": "USDCAD_30_2.34.141_BUY_M15",
    "trade_count": 635,
    "is_trade_count": 412,
    "oos_trade_count": 223,
    "pf_is": 1.2035649352205056,
    "pf_oos": 1.0906988141914506,
    "oos_pf_decay": -0.09377651153352741,
    "expectancy_is": 1.856092233009709,
    "expectancy_oos": 0.6804932735426009,
    "oos_expectancy_decay": -0.6333731366144661,
    "mc_max_dd_p50": -418.0300000000061,
    "mc_max_dd_p95": -281.1125000000022,
    "mc_terminal_p05": 100916.45999999999,
    "mc_terminal_p50": 100916.46,
    "mc_terminal_p95": 100916.46,
    "bootstrap_pf_p05": 0.9906712681256732,
    "bootstrap_pf_p50": 1.1717150873306332,
    "bootstrap_pf_p95": 1.3728830234546403,
    "outlier_dependency_top_1": 0.008312100054048347,
    "outlier_dependency_top_5": 0.034170216051571264,
    "outlier_dependency_top_10": 0.06110299598025265,
    "flag_oos_pf_decay_bad": false,
    "flag_oos_expectancy_decay_bad": true,
    "flag_mc_drawdown_bad": false,
    "flag_bootstrap_pf_bad": true,
    "flag_outlier_dependency_bad": false,
    "pass_fail_flags": "OOS_EXPECTANCY_DECAY_BAD|BOOTSTRAP_PF_BAD",
    "robustness_score": 0.6000000000000001,
    "pass_flag": true
  }
}