{
  "strategy_id": "USDCAD_32_4.16.175_BUY_M15",
  "summary": {
    "strategy_id": "USDCAD_32_4.16.175_BUY_M15",
    "trade_count": 765,
    "is_trade_count": 490,
    "oos_trade_count": 275,
    "pf_is": 1.1200906896803922,
    "pf_oos": 0.9252428940843451,
    "oos_pf_decay": -0.17395716024712704,
    "expectancy_is": 1.4409387755102039,
    "expectancy_oos": -0.7663636363636362,
    "oos_expectancy_decay": -1.5318502419315383,
    "mc_max_dd_p50": -757.6749999999956,
    "mc_max_dd_p95": -511.99950000000035,
    "mc_terminal_p05": 100495.31,
    "mc_terminal_p50": 100495.31,
    "mc_terminal_p95": 100495.31,
    "bootstrap_pf_p05": 0.9115547769555441,
    "bootstrap_pf_p50": 1.0623868049985559,
    "bootstrap_pf_p95": 1.244523374744069,
    "outlier_dependency_top_1": 0.006598990844947101,
    "outlier_dependency_top_5": 0.02757936572679721,
    "outlier_dependency_top_10": 0.05068616670092878,
    "flag_oos_pf_decay_bad": false,
    "flag_oos_expectancy_decay_bad": true,
    "flag_mc_drawdown_bad": false,
    "flag_bootstrap_pf_bad": true,
    "flag_outlier_dependency_bad": false,
    "pass_fail_flags": "OOS_EXPECTANCY_DECAY_BAD|BOOTSTRAP_PF_BAD",
    "robustness_score": 0.6000000000000001,
    "pass_flag": true
  }
}