{
  "strategy_id": "USDCAD_77_3.51.113_SELL_M15",
  "summary": {
    "strategy_id": "USDCAD_77_3.51.113_SELL_M15",
    "trade_count": 580,
    "is_trade_count": 365,
    "oos_trade_count": 215,
    "pf_is": 1.1086675746346133,
    "pf_oos": 1.1289289918880125,
    "oos_pf_decay": 0.018275466620440182,
    "expectancy_is": 0.8459726027397261,
    "expectancy_oos": 0.7436744186046511,
    "oos_expectancy_decay": -0.1209237554547003,
    "mc_max_dd_p50": -306.4100000000035,
    "mc_max_dd_p95": -210.25899999999893,
    "mc_terminal_p05": 100468.67,
    "mc_terminal_p50": 100468.67,
    "mc_terminal_p95": 100468.67,
    "bootstrap_pf_p05": 0.9677901706613625,
    "bootstrap_pf_p50": 1.1150649725311634,
    "bootstrap_pf_p95": 1.31118877635688,
    "outlier_dependency_top_1": 0.00850929165421333,
    "outlier_dependency_top_5": 0.03754021695177482,
    "outlier_dependency_top_10": 0.07063898802721567,
    "flag_oos_pf_decay_bad": false,
    "flag_oos_expectancy_decay_bad": false,
    "flag_mc_drawdown_bad": false,
    "flag_bootstrap_pf_bad": true,
    "flag_outlier_dependency_bad": false,
    "pass_fail_flags": "BOOTSTRAP_PF_BAD",
    "robustness_score": 0.8,
    "pass_flag": true
  }
}