{
  "strategy_id": "USDCHF_35_3.1.133_SELL_M15",
  "summary": {
    "strategy_id": "USDCHF_35_3.1.133_SELL_M15",
    "trade_count": 340,
    "is_trade_count": 212,
    "oos_trade_count": 128,
    "pf_is": 1.0968760437870644,
    "pf_oos": 1.0723215984776402,
    "oos_pf_decay": -0.02238579778317314,
    "expectancy_is": 0.7250943396226415,
    "expectancy_oos": 0.5938281250000002,
    "oos_expectancy_decay": -0.18103329104865964,
    "mc_max_dd_p50": -274.58000000000175,
    "mc_max_dd_p95": -182.516999999992,
    "mc_terminal_p05": 100229.73,
    "mc_terminal_p50": 100229.73,
    "mc_terminal_p95": 100229.73,
    "bootstrap_pf_p05": 0.877586736196306,
    "bootstrap_pf_p50": 1.094102011689873,
    "bootstrap_pf_p95": 1.338066887400563,
    "outlier_dependency_top_1": 0.020216216216216217,
    "outlier_dependency_top_5": 0.07763557105492588,
    "outlier_dependency_top_10": 0.1307550130775937,
    "flag_oos_pf_decay_bad": false,
    "flag_oos_expectancy_decay_bad": false,
    "flag_mc_drawdown_bad": false,
    "flag_bootstrap_pf_bad": true,
    "flag_outlier_dependency_bad": false,
    "pass_fail_flags": "BOOTSTRAP_PF_BAD",
    "robustness_score": 0.8,
    "pass_flag": true
  }
}