{
  "strategy_id": "USDCHF_36_4.5.112_SELL_M15",
  "summary": {
    "strategy_id": "USDCHF_36_4.5.112_SELL_M15",
    "trade_count": 706,
    "is_trade_count": 444,
    "oos_trade_count": 262,
    "pf_is": 1.1277609908485007,
    "pf_oos": 0.9465852638030303,
    "oos_pf_decay": -0.1606508192034183,
    "expectancy_is": 1.4627252252252254,
    "expectancy_oos": -0.6919083969465649,
    "oos_expectancy_decay": -1.473026912378589,
    "mc_max_dd_p50": -646.6949999999997,
    "mc_max_dd_p95": -446.0864999999984,
    "mc_terminal_p05": 100468.17,
    "mc_terminal_p50": 100468.17,
    "mc_terminal_p95": 100468.17,
    "bootstrap_pf_p05": 0.9193824785324157,
    "bootstrap_pf_p50": 1.0484069640008626,
    "bootstrap_pf_p95": 1.2159917671462432,
    "outlier_dependency_top_1": 0.007312211650574434,
    "outlier_dependency_top_5": 0.03169258527653038,
    "outlier_dependency_top_10": 0.05684543073409417,
    "flag_oos_pf_decay_bad": false,
    "flag_oos_expectancy_decay_bad": true,
    "flag_mc_drawdown_bad": false,
    "flag_bootstrap_pf_bad": true,
    "flag_outlier_dependency_bad": false,
    "pass_fail_flags": "OOS_EXPECTANCY_DECAY_BAD|BOOTSTRAP_PF_BAD",
    "robustness_score": 0.6000000000000001,
    "pass_flag": true
  }
}