{
  "strategy_id": "USDCHF_53_6.47.153_BOTH_M15",
  "summary": {
    "strategy_id": "USDCHF_53_6.47.153_BOTH_M15",
    "trade_count": 537,
    "is_trade_count": 332,
    "oos_trade_count": 205,
    "pf_is": 1.1569382811657782,
    "pf_oos": 1.1760765903966288,
    "oos_pf_decay": 0.016542204145553935,
    "expectancy_is": 2.148584337349398,
    "expectancy_oos": 2.323609756097561,
    "oos_expectancy_decay": 0.08146080919685154,
    "mc_max_dd_p50": -577.8249999999971,
    "mc_max_dd_p95": -402.74749999999705,
    "mc_terminal_p05": 101189.67,
    "mc_terminal_p50": 101189.67,
    "mc_terminal_p95": 101189.67,
    "bootstrap_pf_p05": 0.9873691009939297,
    "bootstrap_pf_p50": 1.170941172371061,
    "bootstrap_pf_p95": 1.3792881638141299,
    "outlier_dependency_top_1": 0.024026511031650682,
    "outlier_dependency_top_5": 0.06987817910822652,
    "outlier_dependency_top_10": 0.11047290012392982,
    "flag_oos_pf_decay_bad": false,
    "flag_oos_expectancy_decay_bad": false,
    "flag_mc_drawdown_bad": false,
    "flag_bootstrap_pf_bad": true,
    "flag_outlier_dependency_bad": false,
    "pass_fail_flags": "BOOTSTRAP_PF_BAD",
    "robustness_score": 0.8,
    "pass_flag": true
  }
}