{
  "strategy_id": "USDCAD_51_6.27.122_BUY_M15",
  "summary": {
    "strategy_id": "USDCAD_51_6.27.122_BUY_M15",
    "trade_count": 1168,
    "is_trade_count": 752,
    "oos_trade_count": 416,
    "pf_is": 1.0873349231992206,
    "pf_oos": 1.1485714103047702,
    "oos_pf_decay": 0.05631796220190917,
    "expectancy_is": 0.9057978723404256,
    "expectancy_oos": 1.117235576923077,
    "oos_expectancy_decay": 0.23342702719794742,
    "mc_max_dd_p50": -536.7300000000032,
    "mc_max_dd_p95": -361.39749999999924,
    "mc_terminal_p05": 101145.93,
    "mc_terminal_p50": 101145.93,
    "mc_terminal_p95": 101145.93000000001,
    "bootstrap_pf_p05": 0.9952040111215064,
    "bootstrap_pf_p50": 1.1065602410002104,
    "bootstrap_pf_p95": 1.2400490792717778,
    "outlier_dependency_top_1": 0.0044485525846082235,
    "outlier_dependency_top_5": 0.020170471251715522,
    "outlier_dependency_top_10": 0.03654836713852301,
    "flag_oos_pf_decay_bad": false,
    "flag_oos_expectancy_decay_bad": false,
    "flag_mc_drawdown_bad": false,
    "flag_bootstrap_pf_bad": true,
    "flag_outlier_dependency_bad": false,
    "pass_fail_flags": "BOOTSTRAP_PF_BAD",
    "robustness_score": 0.8,
    "pass_flag": true
  }
}