{
  "strategy_id": "USDCHF_52_3.17.186_BOTH_M15",
  "summary": {
    "strategy_id": "USDCHF_52_3.17.186_BOTH_M15",
    "trade_count": 562,
    "is_trade_count": 369,
    "oos_trade_count": 193,
    "pf_is": 1.102573823063076,
    "pf_oos": 1.7282518684139705,
    "oos_pf_decay": 0.5674704335104651,
    "expectancy_is": 1.1658807588075886,
    "expectancy_oos": 7.290518134715027,
    "oos_expectancy_decay": 5.25322793916888,
    "mc_max_dd_p50": -421.7499999999927,
    "mc_max_dd_p95": -288.4325000000012,
    "mc_terminal_p05": 101837.28,
    "mc_terminal_p50": 101837.28,
    "mc_terminal_p95": 101837.28,
    "bootstrap_pf_p05": 1.0852430526325856,
    "bootstrap_pf_p50": 1.2838402704629268,
    "bootstrap_pf_p95": 1.5421638983032129,
    "outlier_dependency_top_1": 0.01584218093689372,
    "outlier_dependency_top_5": 0.07565721317754015,
    "outlier_dependency_top_10": 0.14417565030670995,
    "flag_oos_pf_decay_bad": false,
    "flag_oos_expectancy_decay_bad": false,
    "flag_mc_drawdown_bad": false,
    "flag_bootstrap_pf_bad": false,
    "flag_outlier_dependency_bad": false,
    "pass_fail_flags": "PASS",
    "robustness_score": 1.0,
    "pass_flag": true
  }
}