{
  "strategy_id": "USDCAD_31_3.2.189_BUY_M15",
  "summary": {
    "strategy_id": "USDCAD_31_3.2.189_BUY_M15",
    "trade_count": 1719,
    "is_trade_count": 1121,
    "oos_trade_count": 598,
    "pf_is": 1.0891770445933782,
    "pf_oos": 1.2635975655950906,
    "oos_pf_decay": 0.16013973289974062,
    "expectancy_is": 1.8838447814451382,
    "expectancy_oos": 4.3637959866220735,
    "oos_expectancy_decay": 1.316430753532948,
    "mc_max_dd_p50": -1280.3799999999974,
    "mc_max_dd_p95": -860.9334999999892,
    "mc_terminal_p05": 104721.33999999998,
    "mc_terminal_p50": 104721.34,
    "mc_terminal_p95": 104721.34000000001,
    "bootstrap_pf_p05": 1.0379164676675907,
    "bootstrap_pf_p50": 1.1462409744412043,
    "bootstrap_pf_p95": 1.2618624546930926,
    "outlier_dependency_top_1": 0.002459404166261988,
    "outlier_dependency_top_5": 0.01227874500417211,
    "outlier_dependency_top_10": 0.024483342366813605,
    "flag_oos_pf_decay_bad": false,
    "flag_oos_expectancy_decay_bad": false,
    "flag_mc_drawdown_bad": false,
    "flag_bootstrap_pf_bad": false,
    "flag_outlier_dependency_bad": false,
    "pass_fail_flags": "PASS",
    "robustness_score": 1.0,
    "pass_flag": true
  }
}