{
  "strategy_id": "USDCAD_34_1.8.187_BUY_M15",
  "summary": {
    "strategy_id": "USDCAD_34_1.8.187_BUY_M15",
    "trade_count": 890,
    "is_trade_count": 562,
    "oos_trade_count": 328,
    "pf_is": 1.0256198397688951,
    "pf_oos": 1.0609022163437765,
    "oos_pf_decay": 0.034401027755890094,
    "expectancy_is": 0.2234519572953736,
    "expectancy_oos": 0.461859756097561,
    "oos_expectancy_decay": 1.0669309040199824,
    "mc_max_dd_p50": -491.61999999999534,
    "mc_max_dd_p95": -331.27300000000986,
    "mc_terminal_p05": 100277.06999999999,
    "mc_terminal_p50": 100277.07,
    "mc_terminal_p95": 100277.07,
    "bootstrap_pf_p05": 0.9190782115447056,
    "bootstrap_pf_p50": 1.037492846999194,
    "bootstrap_pf_p95": 1.1607236372147796,
    "outlier_dependency_top_1": 0.0019840415748672417,
    "outlier_dependency_top_5": 0.00989151036306265,
    "outlier_dependency_top_10": 0.01973997445921497,
    "flag_oos_pf_decay_bad": false,
    "flag_oos_expectancy_decay_bad": false,
    "flag_mc_drawdown_bad": false,
    "flag_bootstrap_pf_bad": true,
    "flag_outlier_dependency_bad": false,
    "pass_fail_flags": "BOOTSTRAP_PF_BAD",
    "robustness_score": 0.8,
    "pass_flag": true
  }
}