{
  "strategy_id": "USDJPY_37_0.18430_BUY_M15",
  "summary": {
    "strategy_id": "USDJPY_37_0.18430_BUY_M15",
    "trade_count": 1138,
    "is_trade_count": 746,
    "oos_trade_count": 392,
    "pf_is": 1.2396718169557297,
    "pf_oos": 1.3023640687649998,
    "oos_pf_decay": 0.05057165207096814,
    "expectancy_is": 6.517479892761393,
    "expectancy_oos": 8.510561224489795,
    "oos_expectancy_decay": 0.30580552061879135,
    "mc_max_dd_p50": -1506.0199999999895,
    "mc_max_dd_p95": -1068.9400000000014,
    "mc_terminal_p05": 108198.18,
    "mc_terminal_p50": 108198.18,
    "mc_terminal_p95": 108198.18000000001,
    "bootstrap_pf_p05": 1.109975163819843,
    "bootstrap_pf_p50": 1.2673798816768613,
    "bootstrap_pf_p95": 1.4499619673801336,
    "outlier_dependency_top_1": 0.007019090570004409,
    "outlier_dependency_top_5": 0.03218436993426277,
    "outlier_dependency_top_10": 0.06234712639373409,
    "flag_oos_pf_decay_bad": false,
    "flag_oos_expectancy_decay_bad": false,
    "flag_mc_drawdown_bad": false,
    "flag_bootstrap_pf_bad": false,
    "flag_outlier_dependency_bad": false,
    "pass_fail_flags": "PASS",
    "robustness_score": 1.0,
    "pass_flag": true
  }
}