{
  "strategy_id": "USDJPY_40_2.4.138_BUY_M15",
  "summary": {
    "strategy_id": "USDJPY_40_2.4.138_BUY_M15",
    "trade_count": 585,
    "is_trade_count": 382,
    "oos_trade_count": 203,
    "pf_is": 1.4458527526082947,
    "pf_oos": 1.150276386389794,
    "oos_pf_decay": -0.20443047584568053,
    "expectancy_is": 5.920130890052356,
    "expectancy_oos": 2.2833497536945817,
    "oos_expectancy_decay": -0.6143075556773056,
    "mc_max_dd_p50": -455.9400000000023,
    "mc_max_dd_p95": -319.8090000000113,
    "mc_terminal_p05": 102725.01,
    "mc_terminal_p50": 102725.01,
    "mc_terminal_p95": 102725.01000000001,
    "bootstrap_pf_p05": 1.1510121153707915,
    "bootstrap_pf_p50": 1.3232355108920304,
    "bootstrap_pf_p95": 1.544685282544785,
    "outlier_dependency_top_1": 0.0068068158217343905,
    "outlier_dependency_top_5": 0.032714437213166275,
    "outlier_dependency_top_10": 0.06317463934995689,
    "flag_oos_pf_decay_bad": false,
    "flag_oos_expectancy_decay_bad": true,
    "flag_mc_drawdown_bad": false,
    "flag_bootstrap_pf_bad": false,
    "flag_outlier_dependency_bad": false,
    "pass_fail_flags": "OOS_EXPECTANCY_DECAY_BAD",
    "robustness_score": 0.8,
    "pass_flag": true
  }
}