{
  "strategy_id": "USDJPY_57_4.8.181_BUY_M15",
  "summary": {
    "strategy_id": "USDJPY_57_4.8.181_BUY_M15",
    "trade_count": 953,
    "is_trade_count": 605,
    "oos_trade_count": 348,
    "pf_is": 1.2873969567980224,
    "pf_oos": 1.0099350304222625,
    "oos_pf_decay": -0.21552165779998064,
    "expectancy_is": 4.365735537190082,
    "expectancy_oos": 0.17994252873563155,
    "oos_expectancy_decay": -0.9587829983738666,
    "mc_max_dd_p50": -907.4700000000012,
    "mc_max_dd_p95": -596.7340000000129,
    "mc_terminal_p05": 102703.89,
    "mc_terminal_p50": 102703.89,
    "mc_terminal_p95": 102703.89,
    "bootstrap_pf_p05": 1.0223936636488564,
    "bootstrap_pf_p50": 1.1771920543771364,
    "bootstrap_pf_p95": 1.3463012162496493,
    "outlier_dependency_top_1": 0.005951478142743153,
    "outlier_dependency_top_5": 0.028766027226226513,
    "outlier_dependency_top_10": 0.05641319854306936,
    "flag_oos_pf_decay_bad": false,
    "flag_oos_expectancy_decay_bad": true,
    "flag_mc_drawdown_bad": false,
    "flag_bootstrap_pf_bad": false,
    "flag_outlier_dependency_bad": false,
    "pass_fail_flags": "OOS_EXPECTANCY_DECAY_BAD",
    "robustness_score": 0.8,
    "pass_flag": true
  }
}