{
  "strategy_id": "USDJPY_39_6.27.190_BUY_M15",
  "summary": {
    "strategy_id": "USDJPY_39_6.27.190_BUY_M15",
    "trade_count": 1727,
    "is_trade_count": 1114,
    "oos_trade_count": 613,
    "pf_is": 1.409855792598914,
    "pf_oos": 1.2479717774533956,
    "oos_pf_decay": -0.11482310176355197,
    "expectancy_is": 14.192522441651706,
    "expectancy_oos": 10.372707993474714,
    "oos_expectancy_decay": -0.2691427449828606,
    "mc_max_dd_p50": -2386.1749999999956,
    "mc_max_dd_p95": -1695.1790000000055,
    "mc_terminal_p05": 122168.93999999994,
    "mc_terminal_p50": 122168.93999999999,
    "mc_terminal_p95": 122168.94000000003,
    "bootstrap_pf_p05": 1.1982341586016947,
    "bootstrap_pf_p50": 1.3366833958489404,
    "bootstrap_pf_p95": 1.5205193650632165,
    "outlier_dependency_top_1": 0.0053842878763288825,
    "outlier_dependency_top_5": 0.02585379620482543,
    "outlier_dependency_top_10": 0.05057350369629343,
    "flag_oos_pf_decay_bad": false,
    "flag_oos_expectancy_decay_bad": false,
    "flag_mc_drawdown_bad": false,
    "flag_bootstrap_pf_bad": false,
    "flag_outlier_dependency_bad": false,
    "pass_fail_flags": "PASS",
    "robustness_score": 1.0,
    "pass_flag": true
  }
}