{
  "strategy_id": "USDJPY_41_2.5.172_BUY_M15",
  "summary": {
    "strategy_id": "USDJPY_41_2.5.172_BUY_M15",
    "trade_count": 748,
    "is_trade_count": 504,
    "oos_trade_count": 244,
    "pf_is": 1.3325100720649155,
    "pf_oos": 1.2491269673688825,
    "oos_pf_decay": -0.06257596579875667,
    "expectancy_is": 4.650654761904763,
    "expectancy_oos": 3.7716393442622955,
    "oos_expectancy_decay": -0.18900895952174485,
    "mc_max_dd_p50": -612.6600000000035,
    "mc_max_dd_p95": -413.72700000000776,
    "mc_terminal_p05": 103264.20999999999,
    "mc_terminal_p50": 103264.20999999999,
    "mc_terminal_p95": 103264.21,
    "bootstrap_pf_p05": 1.123160167187591,
    "bootstrap_pf_p50": 1.305927548276998,
    "bootstrap_pf_p95": 1.5251281601941096,
    "outlier_dependency_top_1": 0.007169052424320521,
    "outlier_dependency_top_5": 0.033583605272344746,
    "outlier_dependency_top_10": 0.06501620925465985,
    "flag_oos_pf_decay_bad": false,
    "flag_oos_expectancy_decay_bad": false,
    "flag_mc_drawdown_bad": false,
    "flag_bootstrap_pf_bad": false,
    "flag_outlier_dependency_bad": false,
    "pass_fail_flags": "PASS",
    "robustness_score": 1.0,
    "pass_flag": true
  }
}