{
  "strategy_id": "USDJPY_38_1.35.168_BUY_M15",
  "summary": {
    "strategy_id": "USDJPY_38_1.35.168_BUY_M15",
    "trade_count": 363,
    "is_trade_count": 242,
    "oos_trade_count": 121,
    "pf_is": 1.593190340482976,
    "pf_oos": 1.2388684256683957,
    "oos_pf_decay": -0.22239772976979477,
    "expectancy_is": 6.536859504132232,
    "expectancy_oos": 3.1514049586776856,
    "oos_expectancy_decay": -0.5179022959441691,
    "mc_max_dd_p50": -330.9300000000003,
    "mc_max_dd_p95": -230.18599999999574,
    "mc_terminal_p05": 101963.24,
    "mc_terminal_p50": 101963.24,
    "mc_terminal_p95": 101963.24,
    "bootstrap_pf_p05": 1.1555938771878946,
    "bootstrap_pf_p50": 1.4626981860529344,
    "bootstrap_pf_p95": 1.784136084398895,
    "outlier_dependency_top_1": 0.015135551843762045,
    "outlier_dependency_top_5": 0.0728542978286008,
    "outlier_dependency_top_10": 0.140900038545548,
    "flag_oos_pf_decay_bad": false,
    "flag_oos_expectancy_decay_bad": true,
    "flag_mc_drawdown_bad": false,
    "flag_bootstrap_pf_bad": false,
    "flag_outlier_dependency_bad": false,
    "pass_fail_flags": "OOS_EXPECTANCY_DECAY_BAD",
    "robustness_score": 0.8,
    "pass_flag": true
  }
}