{
  "strategy_id": "USOIL.cash_42_1.25.121_BUY_M15",
  "summary": {
    "strategy_id": "USOIL.cash_42_1.25.121_BUY_M15",
    "trade_count": 837,
    "is_trade_count": 531,
    "oos_trade_count": 306,
    "pf_is": 1.2822879197626489,
    "pf_oos": 1.0380733837544196,
    "oos_pf_decay": -0.19045218491447172,
    "expectancy_is": 0.8099058380414311,
    "expectancy_oos": 0.10627450980392152,
    "oos_expectancy_decay": -0.8687816474308647,
    "mc_max_dd_p50": -125.91000000000349,
    "mc_max_dd_p95": -87.35250000000087,
    "mc_terminal_p05": 100462.58,
    "mc_terminal_p50": 100462.58,
    "mc_terminal_p95": 100462.58,
    "bootstrap_pf_p05": 1.0534761803255144,
    "bootstrap_pf_p50": 1.2023249705797419,
    "bootstrap_pf_p95": 1.3717833234184482,
    "outlier_dependency_top_1": 0.01286177029786635,
    "outlier_dependency_top_5": 0.020607703682839238,
    "outlier_dependency_top_10": 0.03029012041405535,
    "flag_oos_pf_decay_bad": false,
    "flag_oos_expectancy_decay_bad": true,
    "flag_mc_drawdown_bad": false,
    "flag_bootstrap_pf_bad": false,
    "flag_outlier_dependency_bad": false,
    "pass_fail_flags": "OOS_EXPECTANCY_DECAY_BAD",
    "robustness_score": 0.8,
    "pass_flag": true
  }
}