{
  "strategy_id": "USOIL.cash_43_5.11.112_BUY_M15",
  "summary": {
    "strategy_id": "USOIL.cash_43_5.11.112_BUY_M15",
    "trade_count": 547,
    "is_trade_count": 346,
    "oos_trade_count": 201,
    "pf_is": 1.2062112725851775,
    "pf_oos": 1.0320165000793278,
    "oos_pf_decay": -0.1444148106264268,
    "expectancy_is": 0.640578034682081,
    "expectancy_oos": 0.10039800995024872,
    "oos_expectancy_decay": -0.8432696650298409,
    "mc_max_dd_p50": -113.91500000000087,
    "mc_max_dd_p95": -78.01249999998912,
    "mc_terminal_p05": 100241.81999999999,
    "mc_terminal_p50": 100241.81999999999,
    "mc_terminal_p95": 100241.82,
    "bootstrap_pf_p05": 0.9778005798702031,
    "bootstrap_pf_p50": 1.1370782438975375,
    "bootstrap_pf_p95": 1.3072307270444947,
    "outlier_dependency_top_1": 0.005007858485623594,
    "outlier_dependency_top_5": 0.02503929242811797,
    "outlier_dependency_top_10": 0.05007858485623594,
    "flag_oos_pf_decay_bad": false,
    "flag_oos_expectancy_decay_bad": true,
    "flag_mc_drawdown_bad": false,
    "flag_bootstrap_pf_bad": true,
    "flag_outlier_dependency_bad": false,
    "pass_fail_flags": "OOS_EXPECTANCY_DECAY_BAD|BOOTSTRAP_PF_BAD",
    "robustness_score": 0.6000000000000001,
    "pass_flag": true
  }
}