{
  "strategy_id": "USOIL.cash_44_6.17.127_BUY_M15",
  "summary": {
    "strategy_id": "USOIL.cash_44_6.17.127_BUY_M15",
    "trade_count": 689,
    "is_trade_count": 443,
    "oos_trade_count": 246,
    "pf_is": 1.1655169698401449,
    "pf_oos": 1.2788014382740713,
    "oos_pf_decay": 0.09719675591635862,
    "expectancy_is": 0.47446952595936787,
    "expectancy_oos": 0.7091869918699187,
    "oos_expectancy_decay": 0.49469450210939653,
    "mc_max_dd_p50": -92.96500000000378,
    "mc_max_dd_p95": -66.26599999999017,
    "mc_terminal_p05": 100384.65,
    "mc_terminal_p50": 100384.65000000001,
    "mc_terminal_p95": 100384.65000000001,
    "bootstrap_pf_p05": 1.0611692573745724,
    "bootstrap_pf_p50": 1.1986136840457826,
    "bootstrap_pf_p95": 1.3777262471595568,
    "outlier_dependency_top_1": 0.002784721308599745,
    "outlier_dependency_top_5": 0.013923606542998727,
    "outlier_dependency_top_10": 0.027847213085997455,
    "flag_oos_pf_decay_bad": false,
    "flag_oos_expectancy_decay_bad": false,
    "flag_mc_drawdown_bad": false,
    "flag_bootstrap_pf_bad": false,
    "flag_outlier_dependency_bad": false,
    "pass_fail_flags": "PASS",
    "robustness_score": 1.0,
    "pass_flag": true
  }
}