{
  "strategy_id": "XAUUSD_45_2.13.130_BUY_M15",
  "summary": {
    "strategy_id": "XAUUSD_45_2.13.130_BUY_M15",
    "trade_count": 1570,
    "is_trade_count": 985,
    "oos_trade_count": 585,
    "pf_is": 1.1186857690297858,
    "pf_oos": 1.48226537082128,
    "oos_pf_decay": 0.3250060131781418,
    "expectancy_is": 5.201969543147209,
    "expectancy_oos": 21.390769230769227,
    "oos_expectancy_decay": 3.112051993643111,
    "mc_max_dd_p50": -1831.4200000000128,
    "mc_max_dd_p95": -1284.1590000000026,
    "mc_terminal_p05": 117637.53999999995,
    "mc_terminal_p50": 117637.54,
    "mc_terminal_p95": 117637.54000000004,
    "bootstrap_pf_p05": 1.15012823411955,
    "bootstrap_pf_p50": 1.2508584295998153,
    "bootstrap_pf_p95": 1.3697505062557385,
    "outlier_dependency_top_1": 0.0018004227881425674,
    "outlier_dependency_top_5": 0.007465184526046191,
    "outlier_dependency_top_10": 0.014008949092526975,
    "flag_oos_pf_decay_bad": false,
    "flag_oos_expectancy_decay_bad": false,
    "flag_mc_drawdown_bad": false,
    "flag_bootstrap_pf_bad": false,
    "flag_outlier_dependency_bad": false,
    "pass_fail_flags": "PASS",
    "robustness_score": 1.0,
    "pass_flag": true
  }
}