{
  "strategy_id": "XAUUSD_58_5.6.136_BUY_M15",
  "summary": {
    "strategy_id": "XAUUSD_58_5.6.136_BUY_M15",
    "trade_count": 1190,
    "is_trade_count": 757,
    "oos_trade_count": 433,
    "pf_is": 1.1544464423702652,
    "pf_oos": 1.309489450608333,
    "oos_pf_decay": 0.13430073717386098,
    "expectancy_is": 6.088507265521796,
    "expectancy_oos": 12.432055427251733,
    "oos_expectancy_decay": 1.0418889039769064,
    "mc_max_dd_p50": -1610.800000000003,
    "mc_max_dd_p95": -1154.671000000007,
    "mc_terminal_p05": 109992.07999999991,
    "mc_terminal_p50": 109992.07999999996,
    "mc_terminal_p95": 109992.07999999999,
    "bootstrap_pf_p05": 1.1078973426900938,
    "bootstrap_pf_p50": 1.2064126639281725,
    "bootstrap_pf_p95": 1.33913514880224,
    "outlier_dependency_top_1": 0.0017746694075372077,
    "outlier_dependency_top_5": 0.008873347037686038,
    "outlier_dependency_top_10": 0.0177435487377061,
    "flag_oos_pf_decay_bad": false,
    "flag_oos_expectancy_decay_bad": false,
    "flag_mc_drawdown_bad": false,
    "flag_bootstrap_pf_bad": false,
    "flag_outlier_dependency_bad": false,
    "pass_fail_flags": "PASS",
    "robustness_score": 1.0,
    "pass_flag": true
  }
}