{
  "strategy_id": "AUDJPY_47_6.30.171_BOTH_M15",
  "summary": {
    "strategy_id": "AUDJPY_47_6.30.171_BOTH_M15",
    "symbol_mode": "AUDJPY",
    "side_mode": null,
    "side_mix": "UNKNOWN",
    "trade_count": 650,
    "buy_trade_count": 0,
    "sell_trade_count": 0,
    "session_preferred_regimes": "LONDON|NEW_YORK",
    "session_forbidden_regimes": null,
    "session_regime_dependency_score": 0.6719993470187324,
    "session_regime_confidence": 0.875,
    "volatility_preferred_regimes": "MID_VOL",
    "volatility_forbidden_regimes": "HIGH_VOL",
    "volatility_regime_dependency_score": 0.7187385839676945,
    "volatility_regime_confidence": 1.0,
    "trend_preferred_regimes": "UPTREND",
    "trend_forbidden_regimes": "DOWNTREND",
    "trend_regime_dependency_score": 0.6858854989453618,
    "trend_regime_confidence": 1.0,
    "composite_preferred_regimes": "ASIA|HIGH_VOL|UPTREND|ASIA|LOW_VOL|RANGE|ASIA|MID_VOL|RANGE|LONDON|HIGH_VOL|UPTREND|LONDON|LOW_VOL|UPTREND|LONDON|MID_VOL|RANGE|LONDON|MID_VOL|UPTREND|LONDON|UNKNOWN|UNKNOWN|NEW_YORK|HIGH_VOL|UPTREND",
    "composite_forbidden_regimes": "ASIA|HIGH_VOL|RANGE|ASIA|MID_VOL|UPTREND|ASIA|UNKNOWN|UNKNOWN",
    "composite_regime_dependency_score": 0.12980397356847664,
    "composite_regime_confidence": 0.7258064516129032
  },
  "overall": {
    "session_regimes": {
      "ASIA": {
        "trade_count": 340,
        "net_profit": 142.04999999999995,
        "avg_trade": 0.4177941176470587,
        "median_trade": 7.934999999999999,
        "std_trade": 20.453468021750723,
        "win_rate": 0.5823529411764706,
        "loss_rate": 0.4176470588235294,
        "profit_factor": 1.04420922900723,
        "expectancy": 0.4177941176470587
      },
      "LONDON": {
        "trade_count": 235,
        "net_profit": 658.6400000000001,
        "avg_trade": 2.8027234042553197,
        "median_trade": 9.8,
        "std_trade": 19.39660564377414,
        "win_rate": 0.5787234042553191,
        "loss_rate": 0.42127659574468085,
        "profit_factor": 1.3618702269106093,
        "expectancy": 2.8027234042553197
      },
      "NEW_YORK": {
        "trade_count": 72,
        "net_profit": 179.43,
        "avg_trade": 2.4920833333333334,
        "median_trade": 6.3100000000000005,
        "std_trade": 15.734092878116078,
        "win_rate": 0.6111111111111112,
        "loss_rate": 0.3888888888888889,
        "profit_factor": 1.433029249927599,
        "expectancy": 2.4920833333333334
      },
      "NY_PM": {
        "trade_count": 3,
        "net_profit": -11.32,
        "avg_trade": -3.7733333333333334,
        "median_trade": 6.56,
        "std_trade": 30.349354743278038,
        "win_rate": 0.6666666666666666,
        "loss_rate": 0.3333333333333333,
        "profit_factor": 0.7016341591987348,
        "expectancy": -3.7733333333333334
      }
    },
    "volatility_regimes": {
      "HIGH_VOL": {
        "trade_count": 211,
        "net_profit": -44.02999999999999,
        "avg_trade": -0.20867298578199045,
        "median_trade": 5.55,
        "std_trade": 19.51947416207673,
        "win_rate": 0.5402843601895735,
        "loss_rate": 0.4597156398104265,
        "profit_factor": 0.9773950097545948,
        "expectancy": -0.20867298578199045
      },
      "LOW_VOL": {
        "trade_count": 177,
        "net_profit": 218.53000000000003,
        "avg_trade": 1.234632768361582,
        "median_trade": 7.34,
        "std_trade": 18.97090826064195,
        "win_rate": 0.5706214689265536,
        "loss_rate": 0.4293785310734463,
        "profit_factor": 1.1483631376702381,
        "expectancy": 1.234632768361582
      },
      "MID_VOL": {
        "trade_count": 197,
        "net_profit": 727.96,
        "avg_trade": 3.695228426395939,
        "median_trade": 11.32,
        "std_trade": 18.863535403848584,
        "win_rate": 0.6598984771573604,
        "loss_rate": 0.3401015228426396,
        "profit_factor": 1.5215696670511785,
        "expectancy": 3.695228426395939
      },
      "UNKNOWN": {
        "trade_count": 65,
        "net_profit": 66.34,
        "avg_trade": 1.0206153846153847,
        "median_trade": 4.97,
        "std_trade": 23.564012609069465,
        "win_rate": 0.5384615384615384,
        "loss_rate": 0.46153846153846156,
        "profit_factor": 1.0991510731153227,
        "expectancy": 1.0206153846153847
      }
    },
    "trend_regimes": {
      "DOWNTREND": {
        "trade_count": 50,
        "net_profit": -164.28999999999996,
        "avg_trade": -3.285799999999999,
        "median_trade": -1.2400000000000002,
        "std_trade": 18.99327540397992,
        "win_rate": 0.5,
        "loss_rate": 0.5,
        "profit_factor": 0.6834184410829559,
        "expectancy": -3.285799999999999
      },
      "RANGE": {
        "trade_count": 217,
        "net_profit": 289.58000000000004,
        "avg_trade": 1.3344700460829495,
        "median_trade": 8.86,
        "std_trade": 19.73799827134239,
        "win_rate": 0.5714285714285714,
        "loss_rate": 0.42857142857142855,
        "profit_factor": 1.1531699266891644,
        "expectancy": 1.3344700460829495
      },
      "UNKNOWN": {
        "trade_count": 65,
        "net_profit": 66.34,
        "avg_trade": 1.0206153846153847,
        "median_trade": 4.97,
        "std_trade": 23.564012609069465,
        "win_rate": 0.5384615384615384,
        "loss_rate": 0.46153846153846156,
        "profit_factor": 1.0991510731153227,
        "expectancy": 1.0206153846153847
      },
      "UPTREND": {
        "trade_count": 318,
        "net_profit": 777.1700000000001,
        "avg_trade": 2.443930817610063,
        "median_trade": 9.035,
        "std_trade": 18.747253492765616,
        "win_rate": 0.6163522012578616,
        "loss_rate": 0.3836477987421384,
        "profit_factor": 1.3228898343110698,
        "expectancy": 2.443930817610063
      }
    },
    "composite_regimes": {
      "ASIA|HIGH_VOL|DOWNTREND": {
        "trade_count": 11,
        "net_profit": -100.94,
        "avg_trade": -9.176363636363636,
        "median_trade": -20.58,
        "std_trade": 17.871145611139358,
        "win_rate": 0.36363636363636365,
        "loss_rate": 0.6363636363636364,
        "profit_factor": 0.3331131078224101,
        "expectancy": -9.176363636363636
      },
      "ASIA|HIGH_VOL|RANGE": {
        "trade_count": 46,
        "net_profit": -158.52999999999997,
        "avg_trade": -3.446304347826086,
        "median_trade": -20.185000000000002,
        "std_trade": 20.81719912408921,
        "win_rate": 0.45652173913043476,
        "loss_rate": 0.5434782608695652,
        "profit_factor": 0.710833044525108,
        "expectancy": -3.446304347826086
      },
      "ASIA|HIGH_VOL|UPTREND": {
        "trade_count": 60,
        "net_profit": 142.77999999999997,
        "avg_trade": 2.379666666666666,
        "median_trade": 11.774999999999999,
        "std_trade": 19.88362693841314,
        "win_rate": 0.6333333333333333,
        "loss_rate": 0.36666666666666664,
        "profit_factor": 1.2944099635028974,
        "expectancy": 2.379666666666666
      },
      "ASIA|LOW_VOL|DOWNTREND": {
        "trade_count": 1,
        "net_profit": 19.28,
        "avg_trade": 19.28,
        "median_trade": 19.28,
        "std_trade": null,
        "win_rate": 1.0,
        "loss_rate": 0.0,
        "profit_factor": null,
        "expectancy": 19.28
      },
      "ASIA|LOW_VOL|RANGE": {
        "trade_count": 43,
        "net_profit": 143.85000000000002,
        "avg_trade": 3.3453488372093028,
        "median_trade": 18.69,
        "std_trade": 20.355983132243384,
        "win_rate": 0.627906976744186,
        "loss_rate": 0.37209302325581395,
        "profit_factor": 1.4044252017205991,
        "expectancy": 3.3453488372093028
      },
      "ASIA|LOW_VOL|UPTREND": {
        "trade_count": 52,
        "net_profit": 22.52000000000001,
        "avg_trade": 0.43307692307692325,
        "median_trade": 6.67,
        "std_trade": 18.91975029251765,