{
  "strategy_id": "EURGBP_49_2.36.141_BOTH_M15",
  "summary": {
    "strategy_id": "EURGBP_49_2.36.141_BOTH_M15",
    "symbol_mode": "EURGBP",
    "side_mode": null,
    "side_mix": "UNKNOWN",
    "trade_count": 1162,
    "buy_trade_count": 0,
    "sell_trade_count": 0,
    "session_preferred_regimes": "LONDON",
    "session_forbidden_regimes": null,
    "session_regime_dependency_score": 0.5199252549051468,
    "session_regime_confidence": 0.875,
    "volatility_preferred_regimes": "HIGH_VOL|MID_VOL",
    "volatility_forbidden_regimes": null,
    "volatility_regime_dependency_score": 0.48295704672662093,
    "volatility_regime_confidence": 1.0,
    "trend_preferred_regimes": "UPTREND",
    "trend_forbidden_regimes": "DOWNTREND",
    "trend_regime_dependency_score": 0.8809397011685977,
    "trend_regime_confidence": 1.0,
    "composite_preferred_regimes": "ASIA|LOW_VOL|UPTREND|ASIA|MID_VOL|UPTREND|LONDON|HIGH_VOL|RANGE|LONDON|UNKNOWN|UNKNOWN",
    "composite_forbidden_regimes": "ASIA|HIGH_VOL|RANGE|ASIA|LOW_VOL|DOWNTREND|ASIA|LOW_VOL|RANGE|ASIA|UNKNOWN|UNKNOWN|LONDON|HIGH_VOL|DOWNTREND|LONDON|MID_VOL|RANGE",
    "composite_regime_dependency_score": 0.2677569428711426,
    "composite_regime_confidence": 0.6857142857142857
  },
  "overall": {
    "session_regimes": {
      "ASIA": {
        "trade_count": 923,
        "net_profit": 453.46000000000004,
        "avg_trade": 0.49128927410617557,
        "median_trade": 3.58,
        "std_trade": 21.308307046869032,
        "win_rate": 0.7475622968580715,
        "loss_rate": 0.2524377031419285,
        "profit_factor": 1.0740589518794832,
        "expectancy": 0.49128927410617557
      },
      "LONDON": {
        "trade_count": 177,
        "net_profit": 511.96000000000004,
        "avg_trade": 2.8924293785310735,
        "median_trade": 3.5,
        "std_trade": 32.2187929397798,
        "win_rate": 0.632768361581921,
        "loss_rate": 0.3672316384180791,
        "profit_factor": 1.2834459085372605,
        "expectancy": 2.8924293785310735
      },
      "NEW_YORK": {
        "trade_count": 51,
        "net_profit": 19.259999999999966,
        "avg_trade": 0.3776470588235287,
        "median_trade": 4.09,
        "std_trade": 25.154355057384024,
        "win_rate": 0.5882352941176471,
        "loss_rate": 0.4117647058823529,
        "profit_factor": 1.0460986117759694,
        "expectancy": 0.3776470588235287
      },
      "NY_PM": {
        "trade_count": 11,
        "net_profit": -30.620000000000005,
        "avg_trade": -2.783636363636364,
        "median_trade": 1.38,
        "std_trade": 14.198178244216594,
        "win_rate": 0.5454545454545454,
        "loss_rate": 0.45454545454545453,
        "profit_factor": 0.5959889167436337,
        "expectancy": -2.783636363636364
      }
    },
    "volatility_regimes": {
      "HIGH_VOL": {
        "trade_count": 164,
        "net_profit": 412.52000000000004,
        "avg_trade": 2.515365853658537,
        "median_trade": 4.45,
        "std_trade": 29.547474109400586,
        "win_rate": 0.6524390243902439,
        "loss_rate": 0.3475609756097561,
        "profit_factor": 1.2799421820180648,
        "expectancy": 2.515365853658537
      },
      "LOW_VOL": {
        "trade_count": 570,
        "net_profit": 23.110000000000014,
        "avg_trade": 0.04054385964912283,
        "median_trade": 3.46,
        "std_trade": 20.744881687392382,
        "win_rate": 0.7491228070175439,
        "loss_rate": 0.25087719298245614,
        "profit_factor": 1.0061718009320462,
        "expectancy": 0.04054385964912283
      },
      "MID_VOL": {
        "trade_count": 292,
        "net_profit": 460.77,
        "avg_trade": 1.5779794520547945,
        "median_trade": 3.86,
        "std_trade": 24.36798404502967,
        "win_rate": 0.7226027397260274,
        "loss_rate": 0.2773972602739726,
        "profit_factor": 1.2171497243036904,
        "expectancy": 1.5779794520547945
      },
      "UNKNOWN": {
        "trade_count": 136,
        "net_profit": 57.66000000000002,
        "avg_trade": 0.42397058823529427,
        "median_trade": 3.525,
        "std_trade": 23.572124569292424,
        "win_rate": 0.6838235294117647,
        "loss_rate": 0.3161764705882353,
        "profit_factor": 1.053250339394723,
        "expectancy": 0.42397058823529427
      }
    },
    "trend_regimes": {
      "DOWNTREND": {
        "trade_count": 300,
        "net_profit": -41.15000000000002,
        "avg_trade": -0.13716666666666674,
        "median_trade": 3.4050000000000002,
        "std_trade": 11.705338703033386,
        "win_rate": 0.8333333333333334,
        "loss_rate": 0.16666666666666666,
        "profit_factor": 0.9647995757129902,
        "expectancy": -0.13716666666666674
      },
      "RANGE": {
        "trade_count": 433,
        "net_profit": 77.9799999999999,
        "avg_trade": 0.1800923787528866,
        "median_trade": 3.71,
        "std_trade": 22.7907202929817,
        "win_rate": 0.7113163972286374,
        "loss_rate": 0.28868360277136257,
        "profit_factor": 1.0245657364995557,
        "expectancy": 0.1800923787528866
      },
      "UNKNOWN": {
        "trade_count": 134,
        "net_profit": 40.510000000000005,
        "avg_trade": 0.30231343283582096,
        "median_trade": 3.5,
        "std_trade": 23.721273023510108,
        "win_rate": 0.6791044776119403,
        "loss_rate": 0.3208955223880597,
        "profit_factor": 1.0374119189885576,
        "expectancy": 0.30231343283582096
      },
      "UPTREND": {
        "trade_count": 295,
        "net_profit": 876.7199999999998,
        "avg_trade": 2.9719322033898297,
        "median_trade": 3.98,
        "std_trade": 31.61968278542924,
        "win_rate": 0.6406779661016949,
        "loss_rate": 0.3593220338983051,
        "profit_factor": 1.2925735338285647,
        "expectancy": 2.9719322033898297
      }
    },
    "composite_regimes": {
      "ASIA|HIGH_VOL|DOWNTREND": {
        "trade_count": 13,
        "net_profit": 5.199999999999998,
        "avg_trade": 0.39999999999999986,
        "median_trade": 5.09,
        "std_trade": 13.55917401614125,
        "win_rate": 0.8461538461538461,
        "loss_rate": 0.15384615384615385,
        "profit_factor": 1.0883752549286199,
        "expectancy": 0.39999999999999986
      },
      "ASIA|HIGH_VOL|RANGE": {
        "trade_count": 16,
        "net_profit": -86.37,
        "avg_trade": -5.398125,
        "median_trade": 3.9299999999999997,
        "std_trade": 24.49536016439304,
        "win_rate": 0.6875,
        "loss_rate": 0.3125,
        "profit_factor": 0.5049862448418156,
        "expectancy": -5.398125
      },
      "ASIA|HIGH_VOL|UPTREND": {
        "trade_count": 11,
        "net_profit": -129.62000000000006,
        "avg_trade": -11.783636363636369,
        "median_trade": -0.5,
        "std_trade": 32.65825018972305,
        "win_rate": 0.36363636363636365,
        "loss_rate": 0.6363636363636364,
        "profit_factor": 0.3738769201043377,
        "expectancy": -11.783636363636369
      },
      "ASIA|LOW_VOL|DOWNTREND": {
        "trade_count": 171,
        "net_profit": -71.62,
        "avg_trade": -0.41883040935672516,
        "median_trade": 3.33,
        "std_trade": 10.98307627699835,
        "win_rate": 0.847953216374269,
        "loss_rate": 0.15204678362573099,
        "profit_factor": 0.8866718356884029,
        "expectancy": -0.41883040935672516
      },
      "ASIA|LOW_VOL|RANGE": {
        "trade_count": 237,
        "net_profit": -143.9000000000001,
        "avg_trade": -0.6071729957805911,
        "median_trade": 3.54,
        "std_trade": 21.229714186295823,
        "win_rate": 0.7341772151898734,
        "loss_rate": 0.26582278481012656,
        "profit_factor": 0.9109496639726722,
        "expectancy": -0.6071729957805911
      },
      "ASIA|LOW_VOL|UPTREND": {
        "trade_count": 133,
        "net_profit": 312.89000000000004,
        "avg_trade": 2.352556390977444,
        "median_trade": 3.77,