{
  "strategy_id": "GBPUSD_19_0.13205_BUY_M15",
  "summary": {
    "strategy_id": "GBPUSD_19_0.13205_BUY_M15",
    "symbol_mode": "GBPUSD",
    "side_mode": null,
    "side_mix": "UNKNOWN",
    "trade_count": 498,
    "buy_trade_count": 0,
    "sell_trade_count": 0,
    "session_preferred_regimes": "LONDON",
    "session_forbidden_regimes": "NEW_YORK|NY_PM",
    "session_regime_dependency_score": 0.6830880144187444,
    "session_regime_confidence": 0.9,
    "volatility_preferred_regimes": null,
    "volatility_forbidden_regimes": "HIGH_VOL",
    "volatility_regime_dependency_score": 0.5900033211557622,
    "volatility_regime_confidence": 1.0,
    "trend_preferred_regimes": "DOWNTREND",
    "trend_forbidden_regimes": "RANGE|UNKNOWN",
    "trend_regime_dependency_score": 0.8137507430156529,
    "trend_regime_confidence": 1.0,
    "composite_preferred_regimes": "LONDON|MID_VOL|RANGE|LONDON|UNKNOWN|UNKNOWN",
    "composite_forbidden_regimes": "ASIA|HIGH_VOL|RANGE|ASIA|MID_VOL|RANGE|ASIA|UNKNOWN|UNKNOWN|NEW_YORK|HIGH_VOL|RANGE",
    "composite_regime_dependency_score": 0.23095140416961918,
    "composite_regime_confidence": 0.6710526315789473
  },
  "overall": {
    "session_regimes": {
      "ASIA": {
        "trade_count": 273,
        "net_profit": 189.89999999999992,
        "avg_trade": 0.6956043956043954,
        "median_trade": -2.6,
        "std_trade": 20.098691675783673,
        "win_rate": 0.3882783882783883,
        "loss_rate": 0.6007326007326007,
        "profit_factor": 1.1154968981875684,
        "expectancy": 0.6956043956043954
      },
      "LONDON": {
        "trade_count": 146,
        "net_profit": 409.32000000000005,
        "avg_trade": 2.8035616438356166,
        "median_trade": -2.7,
        "std_trade": 23.618070893797608,
        "win_rate": 0.4657534246575342,
        "loss_rate": 0.5273972602739726,
        "profit_factor": 1.3701908293388803,
        "expectancy": 2.8035616438356166
      },
      "NEW_YORK": {
        "trade_count": 53,
        "net_profit": -121.05999999999999,
        "avg_trade": -2.2841509433962264,
        "median_trade": -8.3,
        "std_trade": 28.237270885368876,
        "win_rate": 0.39622641509433965,
        "loss_rate": 0.6037735849056604,
        "profit_factor": 0.8126180230938304,
        "expectancy": -2.2841509433962264
      },
      "NY_PM": {
        "trade_count": 21,
        "net_profit": -161.96,
        "avg_trade": -7.712380952380952,
        "median_trade": -0.5,
        "std_trade": 24.623424194202133,
        "win_rate": 0.38095238095238093,
        "loss_rate": 0.6190476190476191,
        "profit_factor": 0.33595735957359574,
        "expectancy": -7.712380952380952
      },
      "OFF_HOURS": {
        "trade_count": 5,
        "net_profit": -3.5999999999999974,
        "avg_trade": -0.7199999999999995,
        "median_trade": -0.0999999999999999,
        "std_trade": 12.583004410712094,
        "win_rate": 0.4,
        "loss_rate": 0.6,
        "profit_factor": 0.8385650224215248,
        "expectancy": -0.7199999999999995
      }
    },
    "volatility_regimes": {
      "HIGH_VOL": {
        "trade_count": 174,
        "net_profit": -289.59999999999997,
        "avg_trade": -1.6643678160919537,
        "median_trade": -3.7,
        "std_trade": 28.597647815523086,
        "win_rate": 0.39655172413793105,
        "loss_rate": 0.603448275862069,
        "profit_factor": 0.8481591392888227,
        "expectancy": -1.6643678160919537
      },
      "LOW_VOL": {
        "trade_count": 115,
        "net_profit": 355.2999999999999,
        "avg_trade": 3.0895652173913035,
        "median_trade": -2.4,
        "std_trade": 16.017026981249604,
        "win_rate": 0.391304347826087,
        "loss_rate": 0.6086956521739131,
        "profit_factor": 1.7190852054240033,
        "expectancy": 3.0895652173913035
      },
      "MID_VOL": {
        "trade_count": 162,
        "net_profit": 236.5,
        "avg_trade": 1.4598765432098766,
        "median_trade": -1.6,
        "std_trade": 19.91589913847679,
        "win_rate": 0.41975308641975306,
        "loss_rate": 0.5555555555555556,
        "profit_factor": 1.2340425531914894,
        "expectancy": 1.4598765432098766
      },
      "UNKNOWN": {
        "trade_count": 47,
        "net_profit": 10.399999999999993,
        "avg_trade": 0.2212765957446807,
        "median_trade": -1.8,
        "std_trade": 15.653780431995843,
        "win_rate": 0.48936170212765956,
        "loss_rate": 0.5106382978723404,
        "profit_factor": 1.0415501398322011,
        "expectancy": 0.2212765957446807
      }
    },
    "trend_regimes": {
      "DOWNTREND": {
        "trade_count": 36,
        "net_profit": 112.8,
        "avg_trade": 3.1333333333333333,
        "median_trade": 0.85,
        "std_trade": 16.93069908268916,
        "win_rate": 0.5277777777777778,
        "loss_rate": 0.4722222222222222,
        "profit_factor": 1.677884615384615,
        "expectancy": 3.1333333333333333
      },
      "RANGE": {
        "trade_count": 222,
        "net_profit": -287.94,
        "avg_trade": -1.297027027027027,
        "median_trade": -3.3499999999999996,
        "std_trade": 24.739693867546134,
        "win_rate": 0.40540540540540543,
        "loss_rate": 0.5900900900900901,
        "profit_factor": 0.8565292781121696,
        "expectancy": -1.297027027027027
      },
      "UNKNOWN": {
        "trade_count": 46,
        "net_profit": -5.100000000000007,
        "avg_trade": -0.11086956521739146,
        "median_trade": -1.9,
        "std_trade": 15.658412410811422,
        "win_rate": 0.4782608695652174,
        "loss_rate": 0.5217391304347826,
        "profit_factor": 0.9796244506592089,
        "expectancy": -0.11086956521739146
      },
      "UPTREND": {
        "trade_count": 194,
        "net_profit": 492.84,
        "avg_trade": 2.5404123711340203,
        "median_trade": -2.75,
        "std_trade": 21.53193805271028,
        "win_rate": 0.38144329896907214,
        "loss_rate": 0.6030927835051546,
        "profit_factor": 1.397932983447719,
        "expectancy": 2.5404123711340203
      }
    },
    "composite_regimes": {
      "ASIA|HIGH_VOL|DOWNTREND": {
        "trade_count": 8,
        "net_profit": 52.3,
        "avg_trade": 6.5375,
        "median_trade": 3.3,
        "std_trade": 12.67415114091895,
        "win_rate": 0.75,
        "loss_rate": 0.25,
        "profit_factor": 5.15079365079365,
        "expectancy": 6.5375
      },
      "ASIA|HIGH_VOL|RANGE": {
        "trade_count": 19,
        "net_profit": -190.00000000000006,
        "avg_trade": -10.000000000000004,
        "median_trade": -3.3,
        "std_trade": 47.71888747888222,
        "win_rate": 0.42105263157894735,
        "loss_rate": 0.5789473684210527,
        "profit_factor": 0.5304003954522986,
        "expectancy": -10.000000000000004
      },
      "ASIA|HIGH_VOL|UPTREND": {
        "trade_count": 20,
        "net_profit": 7.700000000000002,
        "avg_trade": 0.3850000000000001,
        "median_trade": -5.0,
        "std_trade": 21.883790564563633,
        "win_rate": 0.35,
        "loss_rate": 0.65,
        "profit_factor": 1.0516431924882632,
        "expectancy": 0.3850000000000001
      },
      "ASIA|LOW_VOL|DOWNTREND": {
        "trade_count": 6,
        "net_profit": 33.60000000000001,
        "avg_trade": 5.600000000000001,
        "median_trade": -1.75,
        "std_trade": 17.677216975530964,
        "win_rate": 0.5,
        "loss_rate": 0.5,
        "profit_factor": 2.7684210526315796,
        "expectancy": 5.600000000000001
      },
      "ASIA|LOW_VOL|RANGE": {
        "trade_count": 43,
        "net_profit": 37.89999999999999,
        "avg_trade": 0.8813953488372092,
        "median_trade": -5.0,
        "std_trade": 14.144867078672432,
        "win_rate": 0.3488372093023256,
        "loss_rate": 0.6511627906976745,
        "profit_factor": 1.1799620132953468,
        "expectancy": 0.8813953488372092
      },