{
  "strategy_id": "AUDJPY_1_3.14.146_BUY_M15",
  "summary": {
    "strategy_id": "AUDJPY_1_3.14.146_BUY_M15",
    "trade_count": 655,
    "profit_factor": 1.081328982890836,
    "net_profit": 491.0400000000001,
    "robustness_score": 0.6000000000000001,
    "portfolio_fit_score": 0.7142192451279488,
    "diversification_score": 0.92825613705338,
    "regime_dependency_score": 0.4909890515380504,
    "correlation_penalty": 0.0507573822124981,
    "recommended_lot_size": 0.1,
    "max_safe_lot_size": 0.2,
    "recommended_risk_budget": "VERY_LOW",
    "selection_status": "WATCHLIST",
    "final_score": 0.5649180402773848,
    "selection_reason_codes": "RISK_BUDGET_VERY_LOW|HAS_FORBIDDEN_REGIMES"
  },
  "inputs_snapshot": {
    "strategy_id": "AUDJPY_1_3.14.146_BUY_M15",
    "trade_count": 655,
    "profit_factor": 1.081328982890836,
    "net_profit": 491.0400000000001,
    "win_rate": 0.3816793893129771,
    "max_drawdown_abs": -420.5199999999895,
    "avg_trade": 0.7496793893129773,
    "robustness_score": 0.6000000000000001,
    "pass_flag": true,
    "pass_fail_flags": "OOS_EXPECTANCY_DECAY_BAD|BOOTSTRAP_PF_BAD",
    "oos_pf_decay": -0.1392977151584278,
    "oos_expectancy_decay": -1.1720180624278027,
    "session_regime_dependency_score": 0.6991451834810655,
    "volatility_regime_dependency_score": 0.5809223906055239,
    "trend_regime_dependency_score": 0.5495532877760343,
    "composite_regime_dependency_score": 0.1343353442895777,
    "session_forbidden_regimes": "LONDON|NY_PM",
    "volatility_forbidden_regimes": "HIGH_VOL",
    "trend_forbidden_regimes": "DOWNTREND",
    "composite_forbidden_regimes": "LONDON|HIGH_VOL|RANGE",
    "portfolio_fit_score": 0.7142192451279488,
    "diversification_score": 0.92825613705338,
    "correlation_penalty": 0.0507573822124981,
    "marginal_dd_contribution": 1.8235320251758933,
    "cluster_membership": "CLUSTER_01",
    "recommended_lot_size": 0.1,
    "max_safe_lot_size": 0.2,
    "recommended_risk_budget": "VERY_LOW",
    "stress_dd_at_recommended_lot": -667.9979999999999,
    "expected_dd_at_recommended_lot": -420.52000000000015
  }
}