{
  "strategy_id": "EURGBP_10_5.21.111_SELL_M15",
  "summary": {
    "strategy_id": "EURGBP_10_5.21.111_SELL_M15",
    "trade_count": 472,
    "profit_factor": 1.1968722919731567,
    "net_profit": 879.2099999999999,
    "robustness_score": 0.6000000000000001,
    "portfolio_fit_score": 0.7120207062780775,
    "diversification_score": 0.9239479634632264,
    "regime_dependency_score": 0.5757950084862246,
    "correlation_penalty": 0.0430496797815905,
    "recommended_lot_size": 0.1,
    "max_safe_lot_size": 0.2,
    "recommended_risk_budget": "VERY_LOW",
    "selection_status": "WATCHLIST",
    "final_score": 0.5800366421250116,
    "selection_reason_codes": "REGIME_DEPENDENCY_HIGH|RISK_BUDGET_VERY_LOW|HAS_FORBIDDEN_REGIMES"
  },
  "inputs_snapshot": {
    "strategy_id": "EURGBP_10_5.21.111_SELL_M15",
    "trade_count": 472,
    "profit_factor": 1.1968722919731567,
    "net_profit": 879.2099999999999,
    "win_rate": 0.559322033898305,
    "max_drawdown_abs": -420.6699999999983,
    "avg_trade": 1.862733050847457,
    "robustness_score": 0.6000000000000001,
    "pass_flag": true,
    "pass_fail_flags": "OOS_EXPECTANCY_DECAY_BAD|BOOTSTRAP_PF_BAD",
    "oos_pf_decay": -0.2845043996080643,
    "oos_expectancy_decay": -1.1292079889527018,
    "session_regime_dependency_score": 0.9954746033236316,
    "volatility_regime_dependency_score": 0.5779530972300491,
    "trend_regime_dependency_score": 0.5130956040577929,
    "composite_regime_dependency_score": 0.2166567293334248,
    "session_forbidden_regimes": "LONDON|NY_PM",
    "volatility_forbidden_regimes": "HIGH_VOL|UNKNOWN",
    "trend_forbidden_regimes": "UNKNOWN",
    "composite_forbidden_regimes": "ASIA|LOW_VOL|UPTREND",
    "portfolio_fit_score": 0.7120207062780775,
    "diversification_score": 0.9239479634632264,
    "correlation_penalty": 0.0430496797815905,
    "marginal_dd_contribution": 0.9344909292854168,
    "cluster_membership": "CLUSTER_11",
    "recommended_lot_size": 0.1,
    "max_safe_lot_size": 0.2,
    "recommended_risk_budget": "VERY_LOW",
    "stress_dd_at_recommended_lot": -631.4169999999996,
    "expected_dd_at_recommended_lot": -420.6699999999993
  }
}