{
  "strategy_id": "GBPUSD_22_6.11.100_SELL_M15",
  "summary": {
    "strategy_id": "GBPUSD_22_6.11.100_SELL_M15",
    "trade_count": 394,
    "profit_factor": 1.275685588447432,
    "net_profit": 718.5799999999999,
    "robustness_score": 0.6000000000000001,
    "portfolio_fit_score": 0.7220563268672036,
    "diversification_score": 0.9440120813538074,
    "regime_dependency_score": 0.45677591413396806,
    "correlation_penalty": 0.0243917532341554,
    "recommended_lot_size": 0.2,
    "max_safe_lot_size": 0.3,
    "recommended_risk_budget": "VERY_LOW",
    "selection_status": "WATCHLIST",
    "final_score": 0.6252635019370975,
    "selection_reason_codes": "RISK_BUDGET_VERY_LOW|HAS_FORBIDDEN_REGIMES"
  },
  "inputs_snapshot": {
    "strategy_id": "GBPUSD_22_6.11.100_SELL_M15",
    "trade_count": 394,
    "profit_factor": 1.275685588447432,
    "net_profit": 718.5799999999999,
    "win_rate": 0.4289340101522843,
    "max_drawdown_abs": -183.6999999999971,
    "avg_trade": 1.8238071065989845,
    "robustness_score": 0.6000000000000001,
    "pass_flag": true,
    "pass_fail_flags": "OOS_EXPECTANCY_DECAY_BAD|BOOTSTRAP_PF_BAD",
    "oos_pf_decay": -0.1026715407784073,
    "oos_expectancy_decay": -0.4791538124560385,
    "session_regime_dependency_score": 0.5180728144756921,
    "volatility_regime_dependency_score": 0.5600679365352367,
    "trend_regime_dependency_score": 0.3995268443414445,
    "composite_regime_dependency_score": 0.349436061183499,
    "session_forbidden_regimes": "NY_PM",
    "volatility_forbidden_regimes": "LOW_VOL|UNKNOWN",
    "trend_forbidden_regimes": "UNKNOWN",
    "composite_forbidden_regimes": "LONDON|HIGH_VOL|RANGE|LONDON|HIGH_VOL|UPTREND|LONDON|LOW_VOL|UPTREND",
    "portfolio_fit_score": 0.7220563268672036,
    "diversification_score": 0.9440120813538074,
    "correlation_penalty": 0.0243917532341554,
    "marginal_dd_contribution": 1.0057238059978033,
    "cluster_membership": "CLUSTER_32",
    "recommended_lot_size": 0.2,
    "max_safe_lot_size": 0.3,
    "recommended_risk_budget": "VERY_LOW",
    "stress_dd_at_recommended_lot": -986.858000000001,
    "expected_dd_at_recommended_lot": -367.4000000000001
  }
}