{
  "strategy_id": "US500.cash_29_3.32.156_BUY_M15",
  "summary": {
    "strategy_id": "US500.cash_29_3.32.156_BUY_M15",
    "trade_count": 644,
    "profit_factor": 1.9201438848920864,
    "net_profit": 63.95000000000001,
    "robustness_score": 1.0,
    "portfolio_fit_score": 0.7342438482093282,
    "diversification_score": 0.9683152884216184,
    "regime_dependency_score": 0.5397687060786596,
    "correlation_penalty": 0.0125196506579134,
    "recommended_lot_size": 4.9,
    "max_safe_lot_size": 5.0,
    "recommended_risk_budget": "VERY_HIGH",
    "selection_status": "APPROVED",
    "final_score": 0.9116656119297399,
    "selection_reason_codes": "HAS_FORBIDDEN_REGIMES"
  },
  "inputs_snapshot": {
    "strategy_id": "US500.cash_29_3.32.156_BUY_M15",
    "trade_count": 644,
    "profit_factor": 1.9201438848920864,
    "net_profit": 63.95000000000001,
    "win_rate": 0.7608695652173914,
    "max_drawdown_abs": -16.94000000000233,
    "avg_trade": 0.0993012422360248,
    "robustness_score": 1.0,
    "pass_flag": true,
    "pass_fail_flags": "PASS",
    "oos_pf_decay": 0.5877792994111338,
    "oos_expectancy_decay": 1.2651371135146947,
    "session_regime_dependency_score": 0.8855355746677092,
    "volatility_regime_dependency_score": 0.4514464425332291,
    "trend_regime_dependency_score": 0.5468334636434714,
    "composite_regime_dependency_score": 0.2752593434702288,
    "session_forbidden_regimes": null,
    "volatility_forbidden_regimes": null,
    "trend_forbidden_regimes": null,
    "composite_forbidden_regimes": "ASIA|HIGH_VOL|RANGE|ASIA|LOW_VOL|DOWNTREND",
    "portfolio_fit_score": 0.7342438482093282,
    "diversification_score": 0.9683152884216184,
    "correlation_penalty": 0.0125196506579134,
    "marginal_dd_contribution": 1.7240799703813965,
    "cluster_membership": "CLUSTER_42",
    "recommended_lot_size": 4.9,
    "max_safe_lot_size": 5.0,
    "recommended_risk_budget": "VERY_HIGH",
    "stress_dd_at_recommended_lot": -931.3185,
    "expected_dd_at_recommended_lot": -830.0600000000003
  }
}