{
  "strategy_id": "XAUUSD_58_5.6.136_BUY_M15",
  "summary": {
    "strategy_id": "XAUUSD_58_5.6.136_BUY_M15",
    "trade_count": 1190,
    "profit_factor": 1.2115375984323649,
    "net_profit": 9992.079999999998,
    "robustness_score": 1.0,
    "portfolio_fit_score": 0.7331309981099251,
    "diversification_score": 0.965254574524182,
    "regime_dependency_score": 0.4348999495012381,
    "correlation_penalty": 0.0141582472101401,
    "recommended_lot_size": 0.1,
    "max_safe_lot_size": null,
    "recommended_risk_budget": null,
    "selection_status": "SHADOW_ONLY",
    "final_score": 0.7361597628716139,
    "selection_reason_codes": "NO_SAFE_LOT|RISK_BUDGET_MISSING|HAS_FORBIDDEN_REGIMES"
  },
  "inputs_snapshot": {
    "strategy_id": "XAUUSD_58_5.6.136_BUY_M15",
    "trade_count": 1190,
    "profit_factor": 1.2115375984323649,
    "net_profit": 9992.079999999998,
    "win_rate": 0.565546218487395,
    "max_drawdown_abs": -932.459999999992,
    "avg_trade": 8.39670588235294,
    "robustness_score": 1.0,
    "pass_flag": true,
    "pass_fail_flags": "PASS",
    "oos_pf_decay": 0.1343007371738609,
    "oos_expectancy_decay": 1.0418889039769064,
    "session_regime_dependency_score": 0.8392747055668087,
    "volatility_regime_dependency_score": 0.3519587513310542,
    "trend_regime_dependency_score": 0.3802391494063298,
    "composite_regime_dependency_score": 0.1681271917007598,
    "session_forbidden_regimes": null,
    "volatility_forbidden_regimes": null,
    "trend_forbidden_regimes": null,
    "composite_forbidden_regimes": "ASIA|LOW_VOL|RANGE",
    "portfolio_fit_score": 0.7331309981099251,
    "diversification_score": 0.965254574524182,
    "correlation_penalty": 0.0141582472101401,
    "marginal_dd_contribution": 10.074216956682749,
    "cluster_membership": "CLUSTER_60",
    "recommended_lot_size": 0.1,
    "max_safe_lot_size": null,
    "recommended_risk_budget": null,
    "stress_dd_at_recommended_lot": -2564.2400000000166,
    "expected_dd_at_recommended_lot": -932.460000000002
  }
}