{
  "strategy_id": "XAUUSD_45_2.13.130_BUY_M15",
  "summary": {
    "strategy_id": "XAUUSD_45_2.13.130_BUY_M15",
    "trade_count": 1570,
    "profit_factor": 1.2551732598995429,
    "net_profit": 17637.539999999997,
    "robustness_score": 1.0,
    "portfolio_fit_score": 0.7295755686519039,
    "diversification_score": 0.9603869073889616,
    "regime_dependency_score": 0.42217535399600226,
    "correlation_penalty": 0.0207659691974046,
    "recommended_lot_size": 0.1,
    "max_safe_lot_size": null,
    "recommended_risk_budget": null,
    "selection_status": "SHADOW_ONLY",
    "final_score": 0.7475594983556467,
    "selection_reason_codes": "NO_SAFE_LOT|RISK_BUDGET_MISSING|HAS_FORBIDDEN_REGIMES"
  },
  "inputs_snapshot": {
    "strategy_id": "XAUUSD_45_2.13.130_BUY_M15",
    "trade_count": 1570,
    "profit_factor": 1.2551732598995429,
    "net_profit": 17637.539999999997,
    "win_rate": 0.5477707006369427,
    "max_drawdown_abs": -2628.0399999999936,
    "avg_trade": 11.234101910828024,
    "robustness_score": 1.0,
    "pass_flag": true,
    "pass_fail_flags": "PASS",
    "oos_pf_decay": 0.3250060131781418,
    "oos_expectancy_decay": 3.112051993643111,
    "session_regime_dependency_score": 0.6733579189896172,
    "volatility_regime_dependency_score": 0.4410093471084969,
    "trend_regime_dependency_score": 0.3846284685959606,
    "composite_regime_dependency_score": 0.1897056812899345,
    "session_forbidden_regimes": "NY_PM",
    "volatility_forbidden_regimes": null,
    "trend_forbidden_regimes": null,
    "composite_forbidden_regimes": "ASIA|MID_VOL|DOWNTREND|LONDON|LOW_VOL|UPTREND|NY_PM|HIGH_VOL|UPTREND",
    "portfolio_fit_score": 0.7295755686519039,
    "diversification_score": 0.9603869073889616,
    "correlation_penalty": 0.0207659691974046,
    "marginal_dd_contribution": -12.35770085153645,
    "cluster_membership": "CLUSTER_59",
    "recommended_lot_size": 0.1,
    "max_safe_lot_size": null,
    "recommended_risk_budget": null,
    "stress_dd_at_recommended_lot": -2685.25100000004,
    "expected_dd_at_recommended_lot": -2628.0399999999904
  }
}